2026-01-14 01:06:43,656 - INFO - Starting FT2 pipeline...
2026-01-14 01:06:43,677 - INFO - Processing 130600112764.tsv ...
2026-01-14 01:06:43,686 - INFO - Processing 130600112765.tsv ...
2026-01-14 01:06:43,694 - INFO - Processing 130600112766.tsv ...
2026-01-14 01:06:43,703 - INFO - Processing 130600112767.tsv ...
2026-01-14 01:06:43,710 - INFO - Processing __init__.py ...
2026-01-14 01:06:43,711 - INFO - Pipeline complete. Report generated at data/output/centers_report.tsv
2026-01-14 01:10:18,702 - INFO - Starting FT2 pipeline...
2026-01-14 01:10:18,714 - INFO - Processing 130600112764.tsv ...
2026-01-14 01:10:18,717 - INFO - Processing 130600112765.tsv ...
2026-01-14 01:10:18,718 - INFO - Processing 130600112766.tsv ...
2026-01-14 01:10:18,719 - INFO - Processing 130600112767.tsv ...
2026-01-14 01:10:18,720 - INFO - Processing __init__.py ...
2026-01-14 01:10:18,721 - INFO - Pipeline complete. Report generated at data/output/centers_report.tsv
2026-01-14 01:13:46,045 - INFO - Starting FT2 pipeline...
2026-01-14 01:13:46,047 - INFO - Processing 130600112764.tsv ...
2026-01-14 01:13:46,066 - INFO - Processing 130600112765.tsv ...
2026-01-14 01:13:46,067 - INFO - Processing 130600112766.tsv ...
2026-01-14 01:13:46,068 - INFO - Processing 130600112767.tsv ...
2026-01-14 01:13:46,069 - INFO - Processing __init__.py ...
2026-01-14 01:13:46,070 - INFO - Pipeline complete. Report generated at data/output/centers_report.tsv
2026-01-14 01:14:56,348 - INFO - Starting FT2 pipeline...
2026-01-14 01:14:56,350 - INFO - Processing 130600112764.tsv ...
2026-01-14 01:14:56,353 - INFO - Processing 130600112765.tsv ...
2026-01-14 01:14:56,354 - INFO - Processing 130600112766.tsv ...
2026-01-14 01:14:56,355 - INFO - Processing 130600112767.tsv ...
2026-01-14 01:14:56,355 - INFO - Processing __init__.py ...
2026-01-14 01:14:56,355 - ERROR - Failed processing __init__.py: name 'os' is not defined
2026-01-14 01:18:36,819 - INFO - Starting FT2 pipeline...
2026-01-14 01:18:36,822 - INFO - Processing 130600112764.tsv ...
2026-01-14 01:18:36,825 - INFO - Processing 130600112765.tsv ...
2026-01-14 01:18:36,826 - INFO - Processing 130600112766.tsv ...
2026-01-14 01:18:36,826 - INFO - Processing 130600112767.tsv ...
2026-01-14 01:18:36,826 - INFO - Processing __init__.py ...
2026-01-14 01:18:36,828 - INFO - Pipeline complete. Report generated at data/output/centers_report.tsv
2026-01-14 01:47:22 - INFO - 🚀 بدء تشغيل خط معالجة FT2
2026-01-14 01:47:22 - INFO - تم تحميل YAML من: config/center_profiles.yaml
2026-01-14 01:47:22 - INFO - تم تحميل 3 مركز تطعيم
2026-01-14 01:47:22 - WARNING - ⚠️ لم يتم العثور على ملفات للمعالجة في: data/input_raw
2026-01-14 01:48:10 - INFO - 🚀 بدء تشغيل خط معالجة FT2
2026-01-14 01:48:10 - INFO - تم تحميل YAML من: config/center_profiles.yaml
2026-01-14 01:48:10 - INFO - تم تحميل 3 مركز تطعيم
2026-01-14 01:48:10 - WARNING - ⚠️ لم يتم العثور على ملفات للمعالجة في: data/input_raw
2026-01-14 01:50:57 - INFO - 🚀 بدء تشغيل خط معالجة FT2
2026-01-14 01:50:57 - INFO - تم تحميل YAML من: config/center_profiles.yaml
2026-01-14 01:50:57 - INFO - تم تحميل 3 مركز تطعيم
2026-01-14 01:50:57 - WARNING - ⚠️ لم يتم العثور على ملفات للمعالجة في: data/input_raw
2026-01-14 01:53:06 - INFO - 🚀 بدء تشغيل خط معالجة FT2
2026-01-14 01:53:06 - INFO - تم تحميل YAML من: config/center_profiles.yaml
2026-01-14 01:53:06 - INFO - تم تحميل 3 مركز تطعيم
2026-01-14 01:53:06 - WARNING - ⚠️ لم يتم العثور على ملفات للمعالجة في: data/input_raw
2026-01-14 01:56:24 - INFO - 🚀 بدء تشغيل خط معالجة FT2
2026-01-14 01:56:24 - INFO - تم تحميل YAML من: config/center_profiles.yaml
2026-01-14 01:56:24 - INFO - تم تحميل 3 مركز تطعيم
2026-01-14 01:56:24 - INFO - 📁 وجد 3 ملف للمعالجة في data/input_raw
2026-01-14 01:56:24 - INFO - 🔍 معالجة الملف (نظام جديد): freeze_clinic_130600112767.csv
2026-01-14 01:56:24 - INFO - تم تحليل 96 إدخال من data/input_raw\freeze_clinic_130600112767.csv
2026-01-14 01:56:24 - INFO - تم ربط 96 إدخال بـ 3 مركز
2026-01-14 01:56:24 - INFO - ✅ تم معالجة 96 إدخال لـ 1 مركز
2026-01-14 01:56:24 - INFO - ✅ تمت معالجة: freeze_clinic_130600112767.csv
2026-01-14 01:56:24 - INFO - 🔍 معالجة الملف (نظام جديد): heat_mobile_130600112769.csv
2026-01-14 01:56:24 - INFO - تم تحليل 96 إدخال من data/input_raw\heat_mobile_130600112769.csv
2026-01-14 01:56:24 - INFO - تم ربط 96 إدخال بـ 3 مركز
2026-01-14 01:56:24 - INFO - ✅ تم معالجة 96 إدخال لـ 2 مركز
2026-01-14 01:56:24 - INFO - ✅ تمت معالجة: heat_mobile_130600112769.csv
2026-01-14 01:56:24 - INFO - 🔍 معالجة الملف (نظام جديد): safe_hospital_130600112764.csv
2026-01-14 01:56:24 - INFO - تم تحليل 96 إدخال من data/input_raw\safe_hospital_130600112764.csv
2026-01-14 01:56:24 - INFO - تم ربط 96 إدخال بـ 3 مركز
2026-01-14 01:56:24 - INFO - ✅ تم معالجة 96 إدخال لـ 3 مركز
2026-01-14 01:56:24 - INFO - ✅ تمت معالجة: safe_hospital_130600112764.csv
2026-01-14 01:56:24 - INFO - 📊 إنشاء التقارير...
2026-01-14 01:56:24 - INFO - ✅ تم إنشاء تقرير المراكز: data/output\centers_report.tsv
2026-01-14 01:56:24 - INFO - 🏁 اكتمل خط المعالجة. انظر data/output للنتائج
2026-01-14 02:01:56 - INFO - 🚀 بدء تشغيل خط معالجة FT2
2026-01-14 02:01:56 - INFO - تم تحميل YAML من: config/center_profiles.yaml
2026-01-14 02:01:56 - INFO - تم تحميل 3 مركز تطعيم
2026-01-14 02:01:56 - INFO - 📁 وجد 3 ملف للمعالجة في data/input_raw
2026-01-14 02:01:56 - INFO - 🔍 معالجة الملف (نظام جديد): freeze_clinic_130600112767.csv
2026-01-14 02:01:56 - INFO - تم تحليل 96 إدخال من data/input_raw\freeze_clinic_130600112767.csv
2026-01-14 02:01:56 - INFO - تم ربط 96 إدخال بـ 3 مركز
2026-01-14 02:01:56 - INFO - ✅ تم معالجة 96 إدخال لـ 1 مركز
2026-01-14 02:01:56 - INFO - ✅ تمت معالجة: freeze_clinic_130600112767.csv
2026-01-14 02:01:56 - INFO - 🔍 معالجة الملف (نظام جديد): heat_mobile_130600112769.csv
2026-01-14 02:01:56 - INFO - تم تحليل 96 إدخال من data/input_raw\heat_mobile_130600112769.csv
2026-01-14 02:01:56 - INFO - تم ربط 96 إدخال بـ 3 مركز
2026-01-14 02:01:56 - INFO - ✅ تم معالجة 96 إدخال لـ 1 مركز
2026-01-14 02:01:56 - INFO - ✅ تمت معالجة: heat_mobile_130600112769.csv
2026-01-14 02:01:56 - INFO - 🔍 معالجة الملف (نظام جديد): safe_hospital_130600112764.csv
2026-01-14 02:01:56 - INFO - تم تحليل 96 إدخال من data/input_raw\safe_hospital_130600112764.csv
2026-01-14 02:01:56 - INFO - تم ربط 96 إدخال بـ 3 مركز
2026-01-14 02:01:56 - INFO - ✅ تم معالجة 96 إدخال لـ 1 مركز
2026-01-14 02:01:56 - INFO - ✅ تمت معالجة: safe_hospital_130600112764.csv
2026-01-14 02:01:56 - INFO - 📊 إنشاء التقارير...
2026-01-14 02:01:56 - INFO - ✅ تم إنشاء تقرير المراكز: data/output\centers_report.tsv
2026-01-14 02:01:56 - INFO - 🏁 اكتمل خط المعالجة. انظر data/output للنتائج
2026-01-14 02:12:45 - INFO - 🚀 بدء تشغيل خط معالجة FT2
2026-01-14 02:12:45 - INFO - تم تحميل YAML من: config/center_profiles.yaml
2026-01-14 02:12:45 - INFO - تم تحميل 3 مركز تطعيم
2026-01-14 02:12:45 - INFO - 🔄 تحويل الملفات الخام إلى تنسيق FT2 (Legacy)
2026-01-14 02:12:45 - WARNING - تخطي صف 1 في data/input_ft2\130600112764.tsv: 'timestamp'
2026-01-14 02:12:45 - WARNING - تخطي صف 2 في data/input_ft2\130600112764.tsv: 'timestamp'
2026-01-14 02:12:45 - INFO - تم تحويل data/input_ft2\130600112764.tsv إلى data/input_ft2\130600112764.txt (2 صف)
2026-01-14 02:12:45 - WARNING - تخطي صف 1 في data/input_ft2\130600112764_202201241939.txt: 'timestamp'
2026-01-14 02:12:45 - WARNING - تخطي صف 2 في data/input_ft2\130600112764_202201241939.txt: 'timestamp'
2026-01-14 02:12:45 - WARNING - تخطي صف 3 في data/input_ft2\130600112764_202201241939.txt: 'timestamp'
2026-01-14 02:12:45 - WARNING - تخطي صف 4 في data/input_ft2\130600112764_202201241939.txt: 'timestamp'
2026-01-14 02:12:45 - WARNING - تخطي صف 5 في data/input_ft2\130600112764_202201241939.txt: 'timestamp'
2026-01-14 02:12:45 - WARNING - تخطي صف 6 في data/input_ft2\130600112764_202201241939.txt: 'timestamp'
2026-01-14 02:12:45 - WARNING - تخطي صف 7 في data/input_ft2\130600112764_202201241939.txt: 'timestamp'
2026-01-14 02:12:45 - WARNING - تخطي صف 8 في data/input_ft2\130600112764_202201241939.txt: 'timestamp'
2026-01-14 02:12:45 - WARNING - تخطي صف 9 في data/input_ft2\130600112764_202201241939.txt: 'timestamp'
2026-01-14 02:12:45 - WARNING - تخطي صف 10 في data/input_ft2\130600112764_202201241939.txt: 'timestamp'
2026-01-14 02:12:45 - WARNING - تخطي صف 11 في data/input_ft2\130600112764_202201241939.txt: 'timestamp'
2026-01-14 02:12:45 - WARNING - تخطي صف 12 في data/input_ft2\130600112764_202201241939.txt: 'timestamp'
2026-01-14 02:12:45 - WARNING - تخطي صف 13 في data/input_ft2\130600112764_202201241939.txt: 'timestamp'
2026-01-14 02:12:45 - WARNING - تخطي صف 14 في data/input_ft2\130600112764_202201241939.txt: 'timestamp'
2026-01-14 02:12:45 - WARNING - تخطي صف 15 في data/input_ft2\130600112764_202201241939.txt: 'timestamp'
2026-01-14 02:12:45 - WARNING - تخطي صف 16 في data/input_ft2\130600112764_202201241939.txt: 'timestamp'
2026-01-14 02:12:45 - WARNING - تخطي صف 17 في data/input_ft2\130600112764_202201241939.txt: 'timestamp'
2026-01-14 02:12:45 - WARNING - تخطي صف 18 في data/input_ft2\130600112764_202201241939.txt: 'timestamp'
2026-01-14 02:12:45 - WARNING - تخطي صف 19 في data/input_ft2\130600112764_202201241939.txt: 'timestamp'
2026-01-14 02:12:45 - WARNING - تخطي صف 20 في data/input_ft2\130600112764_202201241939.txt: 'timestamp'
2026-01-14 02:12:45 - WARNING - تخطي صف 21 في data/input_ft2\130600112764_202201241939.txt: 'timestamp'
2026-01-14 02:12:45 - WARNING - تخطي صف 22 في data/input_ft2\130600112764_202201241939.txt: 'timestamp'
2026-01-14 02:12:45 - WARNING - تخطي صف 23 في data/input_ft2\130600112764_202201241939.txt: 'timestamp'
2026-01-14 02:12:45 - WARNING - تخطي صف 24 في data/input_ft2\130600112764_202201241939.txt: 'timestamp'
2026-01-14 02:12:45 - WARNING - تخطي صف 25 في data/input_ft2\130600112764_202201241939.txt: 'timestamp'
2026-01-14 02:12:45 - WARNING - تخطي صف 26 في data/input_ft2\130600112764_202201241939.txt: 'timestamp'
2026-01-14 02:12:45 - WARNING - تخطي صف 27 في data/input_ft2\130600112764_202201241939.txt: 'timestamp'
2026-01-14 02:12:45 - WARNING - تخطي صف 28 في data/input_ft2\130600112764_202201241939.txt: 'timestamp'
2026-01-14 02:12:45 - WARNING - تخطي صف 29 في data/input_ft2\130600112764_202201241939.txt: 'timestamp'
2026-01-14 02:12:45 - WARNING - تخطي صف 30 في data/input_ft2\130600112764_202201241939.txt: 'timestamp'
2026-01-14 02:12:45 - WARNING - تخطي صف 31 في data/input_ft2\130600112764_202201241939.txt: 'timestamp'
2026-01-14 02:12:45 - WARNING - تخطي صف 32 في data/input_ft2\130600112764_202201241939.txt: 'timestamp'
2026-01-14 02:12:45 - WARNING - تخطي صف 33 في data/input_ft2\130600112764_202201241939.txt: 'timestamp'
2026-01-14 02:12:45 - WARNING - تخطي صف 34 في data/input_ft2\130600112764_202201241939.txt: 'timestamp'
2026-01-14 02:12:45 - WARNING - تخطي صف 35 في data/input_ft2\130600112764_202201241939.txt: 'timestamp'
2026-01-14 02:12:45 - WARNING - تخطي صف 36 في data/input_ft2\130600112764_202201241939.txt: 'timestamp'
2026-01-14 02:12:45 - WARNING - تخطي صف 37 في data/input_ft2\130600112764_202201241939.txt: 'timestamp'
2026-01-14 02:12:45 - WARNING - تخطي صف 38 في data/input_ft2\130600112764_202201241939.txt: 'timestamp'
2026-01-14 02:12:45 - WARNING - تخطي صف 39 في data/input_ft2\130600112764_202201241939.txt: 'timestamp'
2026-01-14 02:12:45 - WARNING - تخطي صف 40 في data/input_ft2\130600112764_202201241939.txt: 'timestamp'
2026-01-14 02:12:45 - WARNING - تخطي صف 41 في data/input_ft2\130600112764_202201241939.txt: 'timestamp'
2026-01-14 02:12:45 - WARNING - تخطي صف 42 في data/input_ft2\130600112764_202201241939.txt: 'timestamp'
2026-01-14 02:12:45 - WARNING - تخطي صف 43 في data/input_ft2\130600112764_202201241939.txt: 'timestamp'
2026-01-14 02:12:45 - WARNING - تخطي صف 44 في data/input_ft2\130600112764_202201241939.txt: 'timestamp'
2026-01-14 02:12:45 - WARNING - تخطي صف 45 في data/input_ft2\130600112764_202201241939.txt: 'timestamp'
2026-01-14 02:12:45 - WARNING - تخطي صف 46 في data/input_ft2\130600112764_202201241939.txt: 'timestamp'
2026-01-14 02:12:45 - WARNING - تخطي صف 47 في data/input_ft2\130600112764_202201241939.txt: 'timestamp'
2026-01-14 02:12:45 - WARNING - تخطي صف 48 في data/input_ft2\130600112764_202201241939.txt: 'timestamp'
2026-01-14 02:12:45 - WARNING - تخطي صف 49 في data/input_ft2\130600112764_202201241939.txt: 'timestamp'
2026-01-14 02:12:45 - WARNING - تخطي صف 50 في data/input_ft2\130600112764_202201241939.txt: 'timestamp'
2026-01-14 02:12:45 - WARNING - تخطي صف 51 في data/input_ft2\130600112764_202201241939.txt: 'timestamp'
2026-01-14 02:12:45 - WARNING - تخطي صف 52 في data/input_ft2\130600112764_202201241939.txt: 'timestamp'
2026-01-14 02:12:45 - WARNING - تخطي صف 53 في data/input_ft2\130600112764_202201241939.txt: 'timestamp'
2026-01-14 02:12:45 - WARNING - تخطي صف 54 في data/input_ft2\130600112764_202201241939.txt: 'timestamp'
2026-01-14 02:12:45 - WARNING - تخطي صف 55 في data/input_ft2\130600112764_202201241939.txt: 'timestamp'
2026-01-14 02:12:45 - WARNING - تخطي صف 56 في data/input_ft2\130600112764_202201241939.txt: 'timestamp'
2026-01-14 02:12:45 - WARNING - تخطي صف 57 في data/input_ft2\130600112764_202201241939.txt: 'timestamp'
2026-01-14 02:12:45 - WARNING - تخطي صف 58 في data/input_ft2\130600112764_202201241939.txt: 'timestamp'
2026-01-14 02:12:45 - WARNING - تخطي صف 59 في data/input_ft2\130600112764_202201241939.txt: 'timestamp'
2026-01-14 02:12:45 - WARNING - تخطي صف 60 في data/input_ft2\130600112764_202201241939.txt: 'timestamp'
2026-01-14 02:12:45 - WARNING - تخطي صف 61 في data/input_ft2\130600112764_202201241939.txt: 'timestamp'
2026-01-14 02:12:45 - WARNING - تخطي صف 62 في data/input_ft2\130600112764_202201241939.txt: 'timestamp'
2026-01-14 02:12:45 - WARNING - تخطي صف 63 في data/input_ft2\130600112764_202201241939.txt: 'timestamp'
2026-01-14 02:12:45 - WARNING - تخطي صف 64 في data/input_ft2\130600112764_202201241939.txt: 'timestamp'
2026-01-14 02:12:45 - WARNING - تخطي صف 65 في data/input_ft2\130600112764_202201241939.txt: 'timestamp'
2026-01-14 02:12:45 - WARNING - تخطي صف 66 في data/input_ft2\130600112764_202201241939.txt: 'timestamp'
2026-01-14 02:12:45 - WARNING - تخطي صف 67 في data/input_ft2\130600112764_202201241939.txt: 'timestamp'
2026-01-14 02:12:45 - WARNING - تخطي صف 68 في data/input_ft2\130600112764_202201241939.txt: 'timestamp'
2026-01-14 02:12:45 - WARNING - تخطي صف 69 في data/input_ft2\130600112764_202201241939.txt: 'timestamp'
2026-01-14 02:12:45 - WARNING - تخطي صف 70 في data/input_ft2\130600112764_202201241939.txt: 'timestamp'
2026-01-14 02:12:45 - WARNING - تخطي صف 71 في data/input_ft2\130600112764_202201241939.txt: 'timestamp'
2026-01-14 02:12:45 - WARNING - تخطي صف 72 في data/input_ft2\130600112764_202201241939.txt: 'timestamp'
2026-01-14 02:12:45 - WARNING - تخطي صف 73 في data/input_ft2\130600112764_202201241939.txt: 'timestamp'
2026-01-14 02:12:45 - WARNING - تخطي صف 74 في data/input_ft2\130600112764_202201241939.txt: 'timestamp'
2026-01-14 02:12:45 - WARNING - تخطي صف 75 في data/input_ft2\130600112764_202201241939.txt: 'timestamp'
2026-01-14 02:12:45 - WARNING - تخطي صف 76 في data/input_ft2\130600112764_202201241939.txt: 'timestamp'
2026-01-14 02:12:45 - WARNING - تخطي صف 77 في data/input_ft2\130600112764_202201241939.txt: 'timestamp'
2026-01-14 02:12:45 - WARNING - تخطي صف 78 في data/input_ft2\130600112764_202201241939.txt: 'timestamp'
2026-01-14 02:12:45 - WARNING - تخطي صف 79 في data/input_ft2\130600112764_202201241939.txt: 'timestamp'
2026-01-14 02:12:45 - WARNING - تخطي صف 80 في data/input_ft2\130600112764_202201241939.txt: 'timestamp'
2026-01-14 02:12:45 - WARNING - تخطي صف 81 في data/input_ft2\130600112764_202201241939.txt: 'timestamp'
2026-01-14 02:12:45 - WARNING - تخطي صف 82 في data/input_ft2\130600112764_202201241939.txt: 'timestamp'
2026-01-14 02:12:45 - WARNING - تخطي صف 83 في data/input_ft2\130600112764_202201241939.txt: 'timestamp'
2026-01-14 02:12:45 - WARNING - تخطي صف 84 في data/input_ft2\130600112764_202201241939.txt: 'timestamp'
2026-01-14 02:12:45 - WARNING - تخطي صف 85 في data/input_ft2\130600112764_202201241939.txt: 'timestamp'
2026-01-14 02:12:45 - WARNING - تخطي صف 86 في data/input_ft2\130600112764_202201241939.txt: 'timestamp'
2026-01-14 02:12:45 - WARNING - تخطي صف 87 في data/input_ft2\130600112764_202201241939.txt: 'timestamp'
2026-01-14 02:12:45 - WARNING - تخطي صف 88 في data/input_ft2\130600112764_202201241939.txt: 'timestamp'
2026-01-14 02:12:45 - WARNING - تخطي صف 89 في data/input_ft2\130600112764_202201241939.txt: 'timestamp'
2026-01-14 02:12:45 - WARNING - تخطي صف 90 في data/input_ft2\130600112764_202201241939.txt: 'timestamp'
2026-01-14 02:12:45 - WARNING - تخطي صف 91 في data/input_ft2\130600112764_202201241939.txt: 'timestamp'
2026-01-14 02:12:45 - WARNING - تخطي صف 92 في data/input_ft2\130600112764_202201241939.txt: 'timestamp'
2026-01-14 02:12:45 - WARNING - تخطي صف 93 في data/input_ft2\130600112764_202201241939.txt: 'timestamp'
2026-01-14 02:12:45 - WARNING - تخطي صف 94 في data/input_ft2\130600112764_202201241939.txt: 'timestamp'
2026-01-14 02:12:45 - WARNING - تخطي صف 95 في data/input_ft2\130600112764_202201241939.txt: 'timestamp'
2026-01-14 02:12:45 - WARNING - تخطي صف 96 في data/input_ft2\130600112764_202201241939.txt: 'timestamp'
2026-01-14 02:12:45 - WARNING - تخطي صف 97 في data/input_ft2\130600112764_202201241939.txt: 'timestamp'
2026-01-14 02:12:45 - WARNING - تخطي صف 98 في data/input_ft2\130600112764_202201241939.txt: 'timestamp'
2026-01-14 02:12:45 - WARNING - تخطي صف 99 في data/input_ft2\130600112764_202201241939.txt: 'timestamp'
2026-01-14 02:12:45 - WARNING - تخطي صف 100 في data/input_ft2\130600112764_202201241939.txt: 'timestamp'
2026-01-14 02:12:45 - WARNING - تخطي صف 101 في data/input_ft2\130600112764_202201241939.txt: 'timestamp'
2026-01-14 02:12:45 - WARNING - تخطي صف 102 في data/input_ft2\130600112764_202201241939.txt: 'timestamp'
2026-01-14 02:12:45 - WARNING - تخطي صف 103 في data/input_ft2\130600112764_202201241939.txt: 'timestamp'
2026-01-14 02:12:45 - WARNING - تخطي صف 104 في data/input_ft2\130600112764_202201241939.txt: 'timestamp'
2026-01-14 02:12:45 - WARNING - تخطي صف 105 في data/input_ft2\130600112764_202201241939.txt: 'timestamp'
2026-01-14 02:12:45 - WARNING - تخطي صف 106 في data/input_ft2\130600112764_202201241939.txt: 'timestamp'
2026-01-14 02:12:45 - WARNING - تخطي صف 107 في data/input_ft2\130600112764_202201241939.txt: 'timestamp'
2026-01-14 02:12:45 - WARNING - تخطي صف 108 في data/input_ft2\130600112764_202201241939.txt: 'timestamp'
2026-01-14 02:12:45 - WARNING - تخطي صف 109 في data/input_ft2\130600112764_202201241939.txt: 'timestamp'
2026-01-14 02:12:45 - WARNING - تخطي صف 110 في data/input_ft2\130600112764_202201241939.txt: 'timestamp'
2026-01-14 02:12:45 - WARNING - تخطي صف 111 في data/input_ft2\130600112764_202201241939.txt: 'timestamp'
2026-01-14 02:12:45 - WARNING - تخطي صف 112 في data/input_ft2\130600112764_202201241939.txt: 'timestamp'
2026-01-14 02:12:45 - WARNING - تخطي صف 113 في data/input_ft2\130600112764_202201241939.txt: 'timestamp'
2026-01-14 02:12:45 - WARNING - تخطي صف 114 في data/input_ft2\130600112764_202201241939.txt: 'timestamp'
2026-01-14 02:12:45 - WARNING - تخطي صف 115 في data/input_ft2\130600112764_202201241939.txt: 'timestamp'
2026-01-14 02:12:45 - WARNING - تخطي صف 116 في data/input_ft2\130600112764_202201241939.txt: 'timestamp'
2026-01-14 02:12:45 - WARNING - تخطي صف 117 في data/input_ft2\130600112764_202201241939.txt: 'timestamp'
2026-01-14 02:12:45 - WARNING - تخطي صف 118 في data/input_ft2\130600112764_202201241939.txt: 'timestamp'
2026-01-14 02:12:45 - WARNING - تخطي صف 119 في data/input_ft2\130600112764_202201241939.txt: 'timestamp'
2026-01-14 02:12:45 - WARNING - تخطي صف 120 في data/input_ft2\130600112764_202201241939.txt: 'timestamp'
2026-01-14 02:12:45 - WARNING - تخطي صف 121 في data/input_ft2\130600112764_202201241939.txt: 'timestamp'
2026-01-14 02:12:45 - WARNING - تخطي صف 122 في data/input_ft2\130600112764_202201241939.txt: 'timestamp'
2026-01-14 02:12:45 - WARNING - تخطي صف 123 في data/input_ft2\130600112764_202201241939.txt: 'timestamp'
2026-01-14 02:12:45 - WARNING - تخطي صف 124 في data/input_ft2\130600112764_202201241939.txt: 'timestamp'
2026-01-14 02:12:45 - WARNING - تخطي صف 125 في data/input_ft2\130600112764_202201241939.txt: 'timestamp'
2026-01-14 02:12:45 - WARNING - تخطي صف 126 في data/input_ft2\130600112764_202201241939.txt: 'timestamp'
2026-01-14 02:12:45 - WARNING - تخطي صف 127 في data/input_ft2\130600112764_202201241939.txt: 'timestamp'
2026-01-14 02:12:45 - WARNING - تخطي صف 128 في data/input_ft2\130600112764_202201241939.txt: 'timestamp'
2026-01-14 02:12:45 - WARNING - تخطي صف 129 في data/input_ft2\130600112764_202201241939.txt: 'timestamp'
2026-01-14 02:12:45 - WARNING - تخطي صف 130 في data/input_ft2\130600112764_202201241939.txt: 'timestamp'
2026-01-14 02:12:45 - WARNING - تخطي صف 131 في data/input_ft2\130600112764_202201241939.txt: 'timestamp'
2026-01-14 02:12:45 - WARNING - تخطي صف 132 في data/input_ft2\130600112764_202201241939.txt: 'timestamp'
2026-01-14 02:12:45 - WARNING - تخطي صف 133 في data/input_ft2\130600112764_202201241939.txt: 'timestamp'
2026-01-14 02:12:45 - WARNING - تخطي صف 134 في data/input_ft2\130600112764_202201241939.txt: 'timestamp'
2026-01-14 02:12:45 - WARNING - تخطي صف 135 في data/input_ft2\130600112764_202201241939.txt: 'timestamp'
2026-01-14 02:12:45 - WARNING - تخطي صف 136 في data/input_ft2\130600112764_202201241939.txt: 'timestamp'
2026-01-14 02:12:45 - WARNING - تخطي صف 137 في data/input_ft2\130600112764_202201241939.txt: 'timestamp'
2026-01-14 02:12:45 - WARNING - تخطي صف 138 في data/input_ft2\130600112764_202201241939.txt: 'timestamp'
2026-01-14 02:12:45 - WARNING - تخطي صف 139 في data/input_ft2\130600112764_202201241939.txt: 'timestamp'
2026-01-14 02:12:45 - WARNING - تخطي صف 140 في data/input_ft2\130600112764_202201241939.txt: 'timestamp'
2026-01-14 02:12:45 - WARNING - تخطي صف 141 في data/input_ft2\130600112764_202201241939.txt: 'timestamp'
2026-01-14 02:12:45 - WARNING - تخطي صف 142 في data/input_ft2\130600112764_202201241939.txt: 'timestamp'
2026-01-14 02:12:45 - WARNING - تخطي صف 143 في data/input_ft2\130600112764_202201241939.txt: 'timestamp'
2026-01-14 02:12:45 - WARNING - تخطي صف 144 في data/input_ft2\130600112764_202201241939.txt: 'timestamp'
2026-01-14 02:12:45 - WARNING - تخطي صف 145 في data/input_ft2\130600112764_202201241939.txt: 'timestamp'
2026-01-14 02:12:45 - WARNING - تخطي صف 146 في data/input_ft2\130600112764_202201241939.txt: 'timestamp'
2026-01-14 02:12:45 - WARNING - تخطي صف 147 في data/input_ft2\130600112764_202201241939.txt: 'timestamp'
2026-01-14 02:12:45 - WARNING - تخطي صف 148 في data/input_ft2\130600112764_202201241939.txt: 'timestamp'
2026-01-14 02:12:45 - WARNING - تخطي صف 149 في data/input_ft2\130600112764_202201241939.txt: 'timestamp'
2026-01-14 02:12:45 - WARNING - تخطي صف 150 في data/input_ft2\130600112764_202201241939.txt: 'timestamp'
2026-01-14 02:12:45 - WARNING - تخطي صف 151 في data/input_ft2\130600112764_202201241939.txt: 'timestamp'
2026-01-14 02:12:45 - WARNING - تخطي صف 152 في data/input_ft2\130600112764_202201241939.txt: 'timestamp'
2026-01-14 02:12:45 - WARNING - تخطي صف 153 في data/input_ft2\130600112764_202201241939.txt: 'timestamp'
2026-01-14 02:12:45 - WARNING - تخطي صف 154 في data/input_ft2\130600112764_202201241939.txt: 'timestamp'
2026-01-14 02:12:45 - WARNING - تخطي صف 155 في data/input_ft2\130600112764_202201241939.txt: 'timestamp'
2026-01-14 02:12:45 - WARNING - تخطي صف 156 في data/input_ft2\130600112764_202201241939.txt: 'timestamp'
2026-01-14 02:12:45 - WARNING - تخطي صف 157 في data/input_ft2\130600112764_202201241939.txt: 'timestamp'
2026-01-14 02:12:45 - WARNING - تخطي صف 158 في data/input_ft2\130600112764_202201241939.txt: 'timestamp'
2026-01-14 02:12:45 - WARNING - تخطي صف 159 في data/input_ft2\130600112764_202201241939.txt: 'timestamp'
2026-01-14 02:12:45 - WARNING - تخطي صف 160 في data/input_ft2\130600112764_202201241939.txt: 'timestamp'
2026-01-14 02:12:45 - WARNING - تخطي صف 161 في data/input_ft2\130600112764_202201241939.txt: 'timestamp'
2026-01-14 02:12:45 - WARNING - تخطي صف 162 في data/input_ft2\130600112764_202201241939.txt: 'timestamp'
2026-01-14 02:12:45 - WARNING - تخطي صف 163 في data/input_ft2\130600112764_202201241939.txt: 'timestamp'
2026-01-14 02:12:45 - WARNING - تخطي صف 164 في data/input_ft2\130600112764_202201241939.txt: 'timestamp'
2026-01-14 02:12:45 - WARNING - تخطي صف 165 في data/input_ft2\130600112764_202201241939.txt: 'timestamp'
2026-01-14 02:12:45 - WARNING - تخطي صف 166 في data/input_ft2\130600112764_202201241939.txt: 'timestamp'
2026-01-14 02:12:45 - WARNING - تخطي صف 167 في data/input_ft2\130600112764_202201241939.txt: 'timestamp'
2026-01-14 02:12:45 - WARNING - تخطي صف 168 في data/input_ft2\130600112764_202201241939.txt: 'timestamp'
2026-01-14 02:12:45 - WARNING - تخطي صف 169 في data/input_ft2\130600112764_202201241939.txt: 'timestamp'
2026-01-14 02:12:45 - WARNING - تخطي صف 170 في data/input_ft2\130600112764_202201241939.txt: 'timestamp'
2026-01-14 02:12:45 - WARNING - تخطي صف 171 في data/input_ft2\130600112764_202201241939.txt: 'timestamp'
2026-01-14 02:12:45 - WARNING - تخطي صف 172 في data/input_ft2\130600112764_202201241939.txt: 'timestamp'
2026-01-14 02:12:45 - WARNING - تخطي صف 173 في data/input_ft2\130600112764_202201241939.txt: 'timestamp'
2026-01-14 02:12:45 - WARNING - تخطي صف 174 في data/input_ft2\130600112764_202201241939.txt: 'timestamp'
2026-01-14 02:12:45 - WARNING - تخطي صف 175 في data/input_ft2\130600112764_202201241939.txt: 'timestamp'
2026-01-14 02:12:45 - WARNING - تخطي صف 176 في data/input_ft2\130600112764_202201241939.txt: 'timestamp'
2026-01-14 02:12:45 - WARNING - تخطي صف 177 في data/input_ft2\130600112764_202201241939.txt: 'timestamp'
2026-01-14 02:12:45 - WARNING - تخطي صف 178 في data/input_ft2\130600112764_202201241939.txt: 'timestamp'
2026-01-14 02:12:45 - WARNING - تخطي صف 179 في data/input_ft2\130600112764_202201241939.txt: 'timestamp'
2026-01-14 02:12:45 - WARNING - تخطي صف 180 في data/input_ft2\130600112764_202201241939.txt: 'timestamp'
2026-01-14 02:12:45 - WARNING - تخطي صف 181 في data/input_ft2\130600112764_202201241939.txt: 'timestamp'
2026-01-14 02:12:45 - WARNING - تخطي صف 182 في data/input_ft2\130600112764_202201241939.txt: 'timestamp'
2026-01-14 02:12:45 - WARNING - تخطي صف 183 في data/input_ft2\130600112764_202201241939.txt: 'timestamp'
2026-01-14 02:12:45 - WARNING - تخطي صف 184 في data/input_ft2\130600112764_202201241939.txt: 'timestamp'
2026-01-14 02:12:45 - WARNING - تخطي صف 185 في data/input_ft2\130600112764_202201241939.txt: 'timestamp'
2026-01-14 02:12:45 - WARNING - تخطي صف 186 في data/input_ft2\130600112764_202201241939.txt: 'timestamp'
2026-01-14 02:12:45 - WARNING - تخطي صف 187 في data/input_ft2\130600112764_202201241939.txt: 'timestamp'
2026-01-14 02:12:45 - WARNING - تخطي صف 188 في data/input_ft2\130600112764_202201241939.txt: 'timestamp'
2026-01-14 02:12:45 - WARNING - تخطي صف 189 في data/input_ft2\130600112764_202201241939.txt: 'timestamp'
2026-01-14 02:12:45 - WARNING - تخطي صف 190 في data/input_ft2\130600112764_202201241939.txt: 'timestamp'
2026-01-14 02:12:45 - WARNING - تخطي صف 191 في data/input_ft2\130600112764_202201241939.txt: 'timestamp'
2026-01-14 02:12:45 - WARNING - تخطي صف 192 في data/input_ft2\130600112764_202201241939.txt: 'timestamp'
2026-01-14 02:12:45 - WARNING - تخطي صف 193 في data/input_ft2\130600112764_202201241939.txt: 'timestamp'
2026-01-14 02:12:45 - WARNING - تخطي صف 194 في data/input_ft2\130600112764_202201241939.txt: 'timestamp'
2026-01-14 02:12:45 - WARNING - تخطي صف 195 في data/input_ft2\130600112764_202201241939.txt: 'timestamp'
2026-01-14 02:12:45 - WARNING - تخطي صف 196 في data/input_ft2\130600112764_202201241939.txt: 'timestamp'
2026-01-14 02:12:45 - WARNING - تخطي صف 197 في data/input_ft2\130600112764_202201241939.txt: 'timestamp'
2026-01-14 02:12:45 - WARNING - تخطي صف 198 في data/input_ft2\130600112764_202201241939.txt: 'timestamp'
2026-01-14 02:12:45 - WARNING - تخطي صف 199 في data/input_ft2\130600112764_202201241939.txt: 'timestamp'
2026-01-14 02:12:45 - WARNING - تخطي صف 200 في data/input_ft2\130600112764_202201241939.txt: 'timestamp'
2026-01-14 02:12:45 - WARNING - تخطي صف 201 في data/input_ft2\130600112764_202201241939.txt: 'timestamp'
2026-01-14 02:12:45 - WARNING - تخطي صف 202 في data/input_ft2\130600112764_202201241939.txt: 'timestamp'
2026-01-14 02:12:45 - WARNING - تخطي صف 203 في data/input_ft2\130600112764_202201241939.txt: 'timestamp'
2026-01-14 02:12:45 - WARNING - تخطي صف 204 في data/input_ft2\130600112764_202201241939.txt: 'timestamp'
2026-01-14 02:12:45 - WARNING - تخطي صف 205 في data/input_ft2\130600112764_202201241939.txt: 'timestamp'
2026-01-14 02:12:45 - WARNING - تخطي صف 206 في data/input_ft2\130600112764_202201241939.txt: 'timestamp'
2026-01-14 02:12:45 - WARNING - تخطي صف 207 في data/input_ft2\130600112764_202201241939.txt: 'timestamp'
2026-01-14 02:12:45 - WARNING - تخطي صف 208 في data/input_ft2\130600112764_202201241939.txt: 'timestamp'
2026-01-14 02:12:45 - WARNING - تخطي صف 209 في data/input_ft2\130600112764_202201241939.txt: 'timestamp'
2026-01-14 02:12:45 - WARNING - تخطي صف 210 في data/input_ft2\130600112764_202201241939.txt: 'timestamp'
2026-01-14 02:12:45 - WARNING - تخطي صف 211 في data/input_ft2\130600112764_202201241939.txt: 'timestamp'
2026-01-14 02:12:45 - WARNING - تخطي صف 212 في data/input_ft2\130600112764_202201241939.txt: 'timestamp'
2026-01-14 02:12:45 - WARNING - تخطي صف 213 في data/input_ft2\130600112764_202201241939.txt: 'timestamp'
2026-01-14 02:12:45 - WARNING - تخطي صف 214 في data/input_ft2\130600112764_202201241939.txt: 'timestamp'
2026-01-14 02:12:45 - WARNING - تخطي صف 215 في data/input_ft2\130600112764_202201241939.txt: 'timestamp'
2026-01-14 02:12:45 - WARNING - تخطي صف 216 في data/input_ft2\130600112764_202201241939.txt: 'timestamp'
2026-01-14 02:12:45 - WARNING - تخطي صف 217 في data/input_ft2\130600112764_202201241939.txt: 'timestamp'
2026-01-14 02:12:45 - WARNING - تخطي صف 218 في data/input_ft2\130600112764_202201241939.txt: 'timestamp'
2026-01-14 02:12:45 - WARNING - تخطي صف 219 في data/input_ft2\130600112764_202201241939.txt: 'timestamp'
2026-01-14 02:12:45 - WARNING - تخطي صف 220 في data/input_ft2\130600112764_202201241939.txt: 'timestamp'
2026-01-14 02:12:45 - WARNING - تخطي صف 221 في data/input_ft2\130600112764_202201241939.txt: 'timestamp'
2026-01-14 02:12:45 - WARNING - تخطي صف 222 في data/input_ft2\130600112764_202201241939.txt: 'timestamp'
2026-01-14 02:12:45 - WARNING - تخطي صف 223 في data/input_ft2\130600112764_202201241939.txt: 'timestamp'
2026-01-14 02:12:45 - WARNING - تخطي صف 224 في data/input_ft2\130600112764_202201241939.txt: 'timestamp'
2026-01-14 02:12:45 - WARNING - تخطي صف 225 في data/input_ft2\130600112764_202201241939.txt: 'timestamp'
2026-01-14 02:12:45 - WARNING - تخطي صف 226 في data/input_ft2\130600112764_202201241939.txt: 'timestamp'
2026-01-14 02:12:45 - WARNING - تخطي صف 227 في data/input_ft2\130600112764_202201241939.txt: 'timestamp'
2026-01-14 02:12:45 - WARNING - تخطي صف 228 في data/input_ft2\130600112764_202201241939.txt: 'timestamp'
2026-01-14 02:12:45 - WARNING - تخطي صف 229 في data/input_ft2\130600112764_202201241939.txt: 'timestamp'
2026-01-14 02:12:45 - WARNING - تخطي صف 230 في data/input_ft2\130600112764_202201241939.txt: 'timestamp'
2026-01-14 02:12:45 - WARNING - تخطي صف 231 في data/input_ft2\130600112764_202201241939.txt: 'timestamp'
2026-01-14 02:12:45 - WARNING - تخطي صف 232 في data/input_ft2\130600112764_202201241939.txt: 'timestamp'
2026-01-14 02:12:45 - WARNING - تخطي صف 233 في data/input_ft2\130600112764_202201241939.txt: 'timestamp'
2026-01-14 02:12:45 - WARNING - تخطي صف 234 في data/input_ft2\130600112764_202201241939.txt: 'timestamp'
2026-01-14 02:12:45 - WARNING - تخطي صف 235 في data/input_ft2\130600112764_202201241939.txt: 'timestamp'
2026-01-14 02:12:45 - WARNING - تخطي صف 236 في data/input_ft2\130600112764_202201241939.txt: 'timestamp'
2026-01-14 02:12:45 - WARNING - تخطي صف 237 في data/input_ft2\130600112764_202201241939.txt: 'timestamp'
2026-01-14 02:12:45 - WARNING - تخطي صف 238 في data/input_ft2\130600112764_202201241939.txt: 'timestamp'
2026-01-14 02:12:45 - WARNING - تخطي صف 239 في data/input_ft2\130600112764_202201241939.txt: 'timestamp'
2026-01-14 02:12:45 - WARNING - تخطي صف 240 في data/input_ft2\130600112764_202201241939.txt: 'timestamp'
2026-01-14 02:12:45 - WARNING - تخطي صف 241 في data/input_ft2\130600112764_202201241939.txt: 'timestamp'
2026-01-14 02:12:45 - WARNING - تخطي صف 242 في data/input_ft2\130600112764_202201241939.txt: 'timestamp'
2026-01-14 02:12:45 - WARNING - تخطي صف 243 في data/input_ft2\130600112764_202201241939.txt: 'timestamp'
2026-01-14 02:12:45 - WARNING - تخطي صف 244 في data/input_ft2\130600112764_202201241939.txt: 'timestamp'
2026-01-14 02:12:45 - WARNING - تخطي صف 245 في data/input_ft2\130600112764_202201241939.txt: 'timestamp'
2026-01-14 02:12:45 - WARNING - تخطي صف 246 في data/input_ft2\130600112764_202201241939.txt: 'timestamp'
2026-01-14 02:12:45 - WARNING - تخطي صف 247 في data/input_ft2\130600112764_202201241939.txt: 'timestamp'
2026-01-14 02:12:45 - WARNING - تخطي صف 248 في data/input_ft2\130600112764_202201241939.txt: 'timestamp'
2026-01-14 02:12:45 - WARNING - تخطي صف 249 في data/input_ft2\130600112764_202201241939.txt: 'timestamp'
2026-01-14 02:12:45 - WARNING - تخطي صف 250 في data/input_ft2\130600112764_202201241939.txt: 'timestamp'
2026-01-14 02:12:45 - WARNING - تخطي صف 251 في data/input_ft2\130600112764_202201241939.txt: 'timestamp'
2026-01-14 02:12:45 - WARNING - تخطي صف 252 في data/input_ft2\130600112764_202201241939.txt: 'timestamp'
2026-01-14 02:12:45 - WARNING - تخطي صف 253 في data/input_ft2\130600112764_202201241939.txt: 'timestamp'
2026-01-14 02:12:45 - WARNING - تخطي صف 254 في data/input_ft2\130600112764_202201241939.txt: 'timestamp'
2026-01-14 02:12:45 - WARNING - تخطي صف 255 في data/input_ft2\130600112764_202201241939.txt: 'timestamp'
2026-01-14 02:12:45 - WARNING - تخطي صف 256 في data/input_ft2\130600112764_202201241939.txt: 'timestamp'
2026-01-14 02:12:45 - WARNING - تخطي صف 257 في data/input_ft2\130600112764_202201241939.txt: 'timestamp'
2026-01-14 02:12:45 - WARNING - تخطي صف 258 في data/input_ft2\130600112764_202201241939.txt: 'timestamp'
2026-01-14 02:12:45 - WARNING - تخطي صف 259 في data/input_ft2\130600112764_202201241939.txt: 'timestamp'
2026-01-14 02:12:45 - WARNING - تخطي صف 260 في data/input_ft2\130600112764_202201241939.txt: 'timestamp'
2026-01-14 02:12:45 - WARNING - تخطي صف 261 في data/input_ft2\130600112764_202201241939.txt: 'timestamp'
2026-01-14 02:12:45 - WARNING - تخطي صف 262 في data/input_ft2\130600112764_202201241939.txt: 'timestamp'
2026-01-14 02:12:45 - WARNING - تخطي صف 263 في data/input_ft2\130600112764_202201241939.txt: 'timestamp'
2026-01-14 02:12:45 - WARNING - تخطي صف 264 في data/input_ft2\130600112764_202201241939.txt: 'timestamp'
2026-01-14 02:12:45 - WARNING - تخطي صف 265 في data/input_ft2\130600112764_202201241939.txt: 'timestamp'
2026-01-14 02:12:45 - WARNING - تخطي صف 266 في data/input_ft2\130600112764_202201241939.txt: 'timestamp'
2026-01-14 02:12:45 - WARNING - تخطي صف 267 في data/input_ft2\130600112764_202201241939.txt: 'timestamp'
2026-01-14 02:12:45 - WARNING - تخطي صف 268 في data/input_ft2\130600112764_202201241939.txt: 'timestamp'
2026-01-14 02:12:45 - WARNING - تخطي صف 269 في data/input_ft2\130600112764_202201241939.txt: 'timestamp'
2026-01-14 02:12:45 - WARNING - تخطي صف 270 في data/input_ft2\130600112764_202201241939.txt: 'timestamp'
2026-01-14 02:12:45 - WARNING - تخطي صف 271 في data/input_ft2\130600112764_202201241939.txt: 'timestamp'
2026-01-14 02:12:45 - WARNING - تخطي صف 272 في data/input_ft2\130600112764_202201241939.txt: 'timestamp'
2026-01-14 02:12:45 - WARNING - تخطي صف 273 في data/input_ft2\130600112764_202201241939.txt: 'timestamp'
2026-01-14 02:12:45 - WARNING - تخطي صف 274 في data/input_ft2\130600112764_202201241939.txt: 'timestamp'
2026-01-14 02:12:45 - WARNING - تخطي صف 275 في data/input_ft2\130600112764_202201241939.txt: 'timestamp'
2026-01-14 02:12:45 - WARNING - تخطي صف 276 في data/input_ft2\130600112764_202201241939.txt: 'timestamp'
2026-01-14 02:12:45 - WARNING - تخطي صف 277 في data/input_ft2\130600112764_202201241939.txt: 'timestamp'
2026-01-14 02:12:45 - WARNING - تخطي صف 278 في data/input_ft2\130600112764_202201241939.txt: 'timestamp'
2026-01-14 02:12:45 - WARNING - تخطي صف 279 في data/input_ft2\130600112764_202201241939.txt: 'timestamp'
2026-01-14 02:12:45 - WARNING - تخطي صف 280 في data/input_ft2\130600112764_202201241939.txt: 'timestamp'
2026-01-14 02:12:45 - WARNING - تخطي صف 281 في data/input_ft2\130600112764_202201241939.txt: 'timestamp'
2026-01-14 02:12:45 - WARNING - تخطي صف 282 في data/input_ft2\130600112764_202201241939.txt: 'timestamp'
2026-01-14 02:12:45 - WARNING - تخطي صف 283 في data/input_ft2\130600112764_202201241939.txt: 'timestamp'
2026-01-14 02:12:45 - WARNING - تخطي صف 284 في data/input_ft2\130600112764_202201241939.txt: 'timestamp'
2026-01-14 02:12:45 - WARNING - تخطي صف 285 في data/input_ft2\130600112764_202201241939.txt: 'timestamp'
2026-01-14 02:12:45 - WARNING - تخطي صف 286 في data/input_ft2\130600112764_202201241939.txt: 'timestamp'
2026-01-14 02:12:45 - WARNING - تخطي صف 287 في data/input_ft2\130600112764_202201241939.txt: 'timestamp'
2026-01-14 02:12:45 - WARNING - تخطي صف 288 في data/input_ft2\130600112764_202201241939.txt: 'timestamp'
2026-01-14 02:12:45 - WARNING - تخطي صف 289 في data/input_ft2\130600112764_202201241939.txt: 'timestamp'
2026-01-14 02:12:45 - WARNING - تخطي صف 290 في data/input_ft2\130600112764_202201241939.txt: 'timestamp'
2026-01-14 02:12:45 - WARNING - تخطي صف 291 في data/input_ft2\130600112764_202201241939.txt: 'timestamp'
2026-01-14 02:12:45 - WARNING - تخطي صف 292 في data/input_ft2\130600112764_202201241939.txt: 'timestamp'
2026-01-14 02:12:45 - WARNING - تخطي صف 293 في data/input_ft2\130600112764_202201241939.txt: 'timestamp'
2026-01-14 02:12:45 - WARNING - تخطي صف 294 في data/input_ft2\130600112764_202201241939.txt: 'timestamp'
2026-01-14 02:12:45 - WARNING - تخطي صف 295 في data/input_ft2\130600112764_202201241939.txt: 'timestamp'
2026-01-14 02:12:45 - WARNING - تخطي صف 296 في data/input_ft2\130600112764_202201241939.txt: 'timestamp'
2026-01-14 02:12:45 - WARNING - تخطي صف 297 في data/input_ft2\130600112764_202201241939.txt: 'timestamp'
2026-01-14 02:12:45 - WARNING - تخطي صف 298 في data/input_ft2\130600112764_202201241939.txt: 'timestamp'
2026-01-14 02:12:45 - WARNING - تخطي صف 299 في data/input_ft2\130600112764_202201241939.txt: 'timestamp'
2026-01-14 02:12:45 - WARNING - تخطي صف 300 في data/input_ft2\130600112764_202201241939.txt: 'timestamp'
2026-01-14 02:12:45 - WARNING - تخطي صف 301 في data/input_ft2\130600112764_202201241939.txt: 'timestamp'
2026-01-14 02:12:45 - WARNING - تخطي صف 302 في data/input_ft2\130600112764_202201241939.txt: 'timestamp'
2026-01-14 02:12:45 - WARNING - تخطي صف 303 في data/input_ft2\130600112764_202201241939.txt: 'timestamp'
2026-01-14 02:12:45 - WARNING - تخطي صف 304 في data/input_ft2\130600112764_202201241939.txt: 'timestamp'
2026-01-14 02:12:45 - WARNING - تخطي صف 305 في data/input_ft2\130600112764_202201241939.txt: 'timestamp'
2026-01-14 02:12:45 - WARNING - تخطي صف 306 في data/input_ft2\130600112764_202201241939.txt: 'timestamp'
2026-01-14 02:12:45 - WARNING - تخطي صف 307 في data/input_ft2\130600112764_202201241939.txt: 'timestamp'
2026-01-14 02:12:45 - WARNING - تخطي صف 308 في data/input_ft2\130600112764_202201241939.txt: 'timestamp'
2026-01-14 02:12:45 - WARNING - تخطي صف 309 في data/input_ft2\130600112764_202201241939.txt: 'timestamp'
2026-01-14 02:12:45 - WARNING - تخطي صف 310 في data/input_ft2\130600112764_202201241939.txt: 'timestamp'
2026-01-14 02:12:45 - WARNING - تخطي صف 311 في data/input_ft2\130600112764_202201241939.txt: 'timestamp'
2026-01-14 02:12:45 - WARNING - تخطي صف 312 في data/input_ft2\130600112764_202201241939.txt: 'timestamp'
2026-01-14 02:12:45 - WARNING - تخطي صف 313 في data/input_ft2\130600112764_202201241939.txt: 'timestamp'
2026-01-14 02:12:45 - WARNING - تخطي صف 314 في data/input_ft2\130600112764_202201241939.txt: 'timestamp'
2026-01-14 02:12:45 - WARNING - تخطي صف 315 في data/input_ft2\130600112764_202201241939.txt: 'timestamp'
2026-01-14 02:12:45 - WARNING - تخطي صف 316 في data/input_ft2\130600112764_202201241939.txt: 'timestamp'
2026-01-14 02:12:45 - WARNING - تخطي صف 317 في data/input_ft2\130600112764_202201241939.txt: 'timestamp'
2026-01-14 02:12:45 - WARNING - تخطي صف 318 في data/input_ft2\130600112764_202201241939.txt: 'timestamp'
2026-01-14 02:12:45 - WARNING - تخطي صف 319 في data/input_ft2\130600112764_202201241939.txt: 'timestamp'
2026-01-14 02:12:45 - WARNING - تخطي صف 320 في data/input_ft2\130600112764_202201241939.txt: 'timestamp'
2026-01-14 02:12:45 - WARNING - تخطي صف 321 في data/input_ft2\130600112764_202201241939.txt: 'timestamp'
2026-01-14 02:12:45 - WARNING - تخطي صف 322 في data/input_ft2\130600112764_202201241939.txt: 'timestamp'
2026-01-14 02:12:45 - WARNING - تخطي صف 323 في data/input_ft2\130600112764_202201241939.txt: 'timestamp'
2026-01-14 02:12:45 - WARNING - تخطي صف 324 في data/input_ft2\130600112764_202201241939.txt: 'timestamp'
2026-01-14 02:12:45 - WARNING - تخطي صف 325 في data/input_ft2\130600112764_202201241939.txt: 'timestamp'
2026-01-14 02:12:45 - WARNING - تخطي صف 326 في data/input_ft2\130600112764_202201241939.txt: 'timestamp'
2026-01-14 02:12:45 - WARNING - تخطي صف 327 في data/input_ft2\130600112764_202201241939.txt: 'timestamp'
2026-01-14 02:12:45 - WARNING - تخطي صف 328 في data/input_ft2\130600112764_202201241939.txt: 'timestamp'
2026-01-14 02:12:45 - WARNING - تخطي صف 329 في data/input_ft2\130600112764_202201241939.txt: 'timestamp'
2026-01-14 02:12:45 - WARNING - تخطي صف 330 في data/input_ft2\130600112764_202201241939.txt: 'timestamp'
2026-01-14 02:12:45 - WARNING - تخطي صف 331 في data/input_ft2\130600112764_202201241939.txt: 'timestamp'
2026-01-14 02:12:45 - WARNING - تخطي صف 332 في data/input_ft2\130600112764_202201241939.txt: 'timestamp'
2026-01-14 02:12:45 - WARNING - تخطي صف 333 في data/input_ft2\130600112764_202201241939.txt: 'timestamp'
2026-01-14 02:12:45 - WARNING - تخطي صف 334 في data/input_ft2\130600112764_202201241939.txt: 'timestamp'
2026-01-14 02:12:45 - WARNING - تخطي صف 335 في data/input_ft2\130600112764_202201241939.txt: 'timestamp'
2026-01-14 02:12:45 - WARNING - تخطي صف 336 في data/input_ft2\130600112764_202201241939.txt: 'timestamp'
2026-01-14 02:12:45 - WARNING - تخطي صف 337 في data/input_ft2\130600112764_202201241939.txt: 'timestamp'
2026-01-14 02:12:45 - WARNING - تخطي صف 338 في data/input_ft2\130600112764_202201241939.txt: 'timestamp'
2026-01-14 02:12:45 - WARNING - تخطي صف 339 في data/input_ft2\130600112764_202201241939.txt: 'timestamp'
2026-01-14 02:12:45 - WARNING - تخطي صف 340 في data/input_ft2\130600112764_202201241939.txt: 'timestamp'
2026-01-14 02:12:45 - WARNING - تخطي صف 341 في data/input_ft2\130600112764_202201241939.txt: 'timestamp'
2026-01-14 02:12:45 - WARNING - تخطي صف 342 في data/input_ft2\130600112764_202201241939.txt: 'timestamp'
2026-01-14 02:12:45 - WARNING - تخطي صف 343 في data/input_ft2\130600112764_202201241939.txt: 'timestamp'
2026-01-14 02:12:45 - WARNING - تخطي صف 344 في data/input_ft2\130600112764_202201241939.txt: 'timestamp'
2026-01-14 02:12:45 - WARNING - تخطي صف 345 في data/input_ft2\130600112764_202201241939.txt: 'timestamp'
2026-01-14 02:12:45 - WARNING - تخطي صف 346 في data/input_ft2\130600112764_202201241939.txt: 'timestamp'
2026-01-14 02:12:45 - WARNING - تخطي صف 347 في data/input_ft2\130600112764_202201241939.txt: 'timestamp'
2026-01-14 02:12:45 - WARNING - تخطي صف 348 في data/input_ft2\130600112764_202201241939.txt: 'timestamp'
2026-01-14 02:12:45 - WARNING - تخطي صف 349 في data/input_ft2\130600112764_202201241939.txt: 'timestamp'
2026-01-14 02:12:45 - WARNING - تخطي صف 350 في data/input_ft2\130600112764_202201241939.txt: 'timestamp'
2026-01-14 02:12:45 - WARNING - تخطي صف 351 في data/input_ft2\130600112764_202201241939.txt: 'timestamp'
2026-01-14 02:12:45 - WARNING - تخطي صف 352 في data/input_ft2\130600112764_202201241939.txt: 'timestamp'
2026-01-14 02:12:45 - WARNING - تخطي صف 353 في data/input_ft2\130600112764_202201241939.txt: 'timestamp'
2026-01-14 02:12:45 - WARNING - تخطي صف 354 في data/input_ft2\130600112764_202201241939.txt: 'timestamp'
2026-01-14 02:12:45 - WARNING - تخطي صف 355 في data/input_ft2\130600112764_202201241939.txt: 'timestamp'
2026-01-14 02:12:45 - WARNING - تخطي صف 356 في data/input_ft2\130600112764_202201241939.txt: 'timestamp'
2026-01-14 02:12:45 - WARNING - تخطي صف 357 في data/input_ft2\130600112764_202201241939.txt: 'timestamp'
2026-01-14 02:12:45 - WARNING - تخطي صف 358 في data/input_ft2\130600112764_202201241939.txt: 'timestamp'
2026-01-14 02:12:45 - WARNING - تخطي صف 359 في data/input_ft2\130600112764_202201241939.txt: 'timestamp'
2026-01-14 02:12:45 - WARNING - تخطي صف 360 في data/input_ft2\130600112764_202201241939.txt: 'timestamp'
2026-01-14 02:12:45 - WARNING - تخطي صف 361 في data/input_ft2\130600112764_202201241939.txt: 'timestamp'
2026-01-14 02:12:45 - WARNING - تخطي صف 362 في data/input_ft2\130600112764_202201241939.txt: 'timestamp'
2026-01-14 02:12:45 - WARNING - تخطي صف 363 في data/input_ft2\130600112764_202201241939.txt: 'timestamp'
2026-01-14 02:12:45 - WARNING - تخطي صف 364 في data/input_ft2\130600112764_202201241939.txt: 'timestamp'
2026-01-14 02:12:45 - WARNING - تخطي صف 365 في data/input_ft2\130600112764_202201241939.txt: 'timestamp'
2026-01-14 02:12:45 - WARNING - تخطي صف 366 في data/input_ft2\130600112764_202201241939.txt: 'timestamp'
2026-01-14 02:12:45 - WARNING - تخطي صف 367 في data/input_ft2\130600112764_202201241939.txt: 'timestamp'
2026-01-14 02:12:45 - WARNING - تخطي صف 368 في data/input_ft2\130600112764_202201241939.txt: 'timestamp'
2026-01-14 02:12:45 - WARNING - تخطي صف 369 في data/input_ft2\130600112764_202201241939.txt: 'timestamp'
2026-01-14 02:12:45 - WARNING - تخطي صف 370 في data/input_ft2\130600112764_202201241939.txt: 'timestamp'
2026-01-14 02:12:45 - WARNING - تخطي صف 371 في data/input_ft2\130600112764_202201241939.txt: 'timestamp'
2026-01-14 02:12:45 - WARNING - تخطي صف 372 في data/input_ft2\130600112764_202201241939.txt: 'timestamp'
2026-01-14 02:12:45 - WARNING - تخطي صف 373 في data/input_ft2\130600112764_202201241939.txt: 'timestamp'
2026-01-14 02:12:45 - WARNING - تخطي صف 374 في data/input_ft2\130600112764_202201241939.txt: 'timestamp'
2026-01-14 02:12:45 - WARNING - تخطي صف 375 في data/input_ft2\130600112764_202201241939.txt: 'timestamp'
2026-01-14 02:12:45 - WARNING - تخطي صف 376 في data/input_ft2\130600112764_202201241939.txt: 'timestamp'
2026-01-14 02:12:45 - WARNING - تخطي صف 377 في data/input_ft2\130600112764_202201241939.txt: 'timestamp'
2026-01-14 02:12:45 - WARNING - تخطي صف 378 في data/input_ft2\130600112764_202201241939.txt: 'timestamp'
2026-01-14 02:12:45 - WARNING - تخطي صف 379 في data/input_ft2\130600112764_202201241939.txt: 'timestamp'
2026-01-14 02:12:45 - WARNING - تخطي صف 380 في data/input_ft2\130600112764_202201241939.txt: 'timestamp'
2026-01-14 02:12:45 - WARNING - تخطي صف 381 في data/input_ft2\130600112764_202201241939.txt: 'timestamp'
2026-01-14 02:12:45 - WARNING - تخطي صف 382 في data/input_ft2\130600112764_202201241939.txt: 'timestamp'
2026-01-14 02:12:45 - WARNING - تخطي صف 383 في data/input_ft2\130600112764_202201241939.txt: 'timestamp'
2026-01-14 02:12:45 - WARNING - تخطي صف 384 في data/input_ft2\130600112764_202201241939.txt: 'timestamp'
2026-01-14 02:12:45 - WARNING - تخطي صف 385 في data/input_ft2\130600112764_202201241939.txt: 'timestamp'
2026-01-14 02:12:45 - WARNING - تخطي صف 386 في data/input_ft2\130600112764_202201241939.txt: 'timestamp'
2026-01-14 02:12:45 - WARNING - تخطي صف 387 في data/input_ft2\130600112764_202201241939.txt: 'timestamp'
2026-01-14 02:12:45 - WARNING - تخطي صف 388 في data/input_ft2\130600112764_202201241939.txt: 'timestamp'
2026-01-14 02:12:45 - WARNING - تخطي صف 389 في data/input_ft2\130600112764_202201241939.txt: 'timestamp'
2026-01-14 02:12:45 - WARNING - تخطي صف 390 في data/input_ft2\130600112764_202201241939.txt: 'timestamp'
2026-01-14 02:12:45 - WARNING - تخطي صف 391 في data/input_ft2\130600112764_202201241939.txt: 'timestamp'
2026-01-14 02:12:45 - WARNING - تخطي صف 392 في data/input_ft2\130600112764_202201241939.txt: 'timestamp'
2026-01-14 02:12:45 - WARNING - تخطي صف 393 في data/input_ft2\130600112764_202201241939.txt: 'timestamp'
2026-01-14 02:12:45 - WARNING - تخطي صف 394 في data/input_ft2\130600112764_202201241939.txt: 'timestamp'
2026-01-14 02:12:45 - WARNING - تخطي صف 395 في data/input_ft2\130600112764_202201241939.txt: 'timestamp'
2026-01-14 02:12:45 - WARNING - تخطي صف 396 في data/input_ft2\130600112764_202201241939.txt: 'timestamp'
2026-01-14 02:12:45 - WARNING - تخطي صف 397 في data/input_ft2\130600112764_202201241939.txt: 'timestamp'
2026-01-14 02:12:45 - WARNING - تخطي صف 398 في data/input_ft2\130600112764_202201241939.txt: 'timestamp'
2026-01-14 02:12:45 - WARNING - تخطي صف 399 في data/input_ft2\130600112764_202201241939.txt: 'timestamp'
2026-01-14 02:12:45 - WARNING - تخطي صف 400 في data/input_ft2\130600112764_202201241939.txt: 'timestamp'
2026-01-14 02:12:45 - WARNING - تخطي صف 401 في data/input_ft2\130600112764_202201241939.txt: 'timestamp'
2026-01-14 02:12:45 - WARNING - تخطي صف 402 في data/input_ft2\130600112764_202201241939.txt: 'timestamp'
2026-01-14 02:12:45 - WARNING - تخطي صف 403 في data/input_ft2\130600112764_202201241939.txt: 'timestamp'
2026-01-14 02:12:45 - WARNING - تخطي صف 404 في data/input_ft2\130600112764_202201241939.txt: 'timestamp'
2026-01-14 02:12:45 - WARNING - تخطي صف 405 في data/input_ft2\130600112764_202201241939.txt: 'timestamp'
2026-01-14 02:12:45 - WARNING - تخطي صف 406 في data/input_ft2\130600112764_202201241939.txt: 'timestamp'
2026-01-14 02:12:45 - WARNING - تخطي صف 407 في data/input_ft2\130600112764_202201241939.txt: 'timestamp'
2026-01-14 02:12:45 - WARNING - تخطي صف 408 في data/input_ft2\130600112764_202201241939.txt: 'timestamp'
2026-01-14 02:12:45 - WARNING - تخطي صف 409 في data/input_ft2\130600112764_202201241939.txt: 'timestamp'
2026-01-14 02:12:45 - WARNING - تخطي صف 410 في data/input_ft2\130600112764_202201241939.txt: 'timestamp'
2026-01-14 02:12:45 - WARNING - تخطي صف 411 في data/input_ft2\130600112764_202201241939.txt: 'timestamp'
2026-01-14 02:12:45 - WARNING - تخطي صف 412 في data/input_ft2\130600112764_202201241939.txt: 'timestamp'
2026-01-14 02:12:45 - WARNING - تخطي صف 413 في data/input_ft2\130600112764_202201241939.txt: 'timestamp'
2026-01-14 02:12:45 - WARNING - تخطي صف 414 في data/input_ft2\130600112764_202201241939.txt: 'timestamp'
2026-01-14 02:12:45 - WARNING - تخطي صف 415 في data/input_ft2\130600112764_202201241939.txt: 'timestamp'
2026-01-14 02:12:45 - WARNING - تخطي صف 416 في data/input_ft2\130600112764_202201241939.txt: 'timestamp'
2026-01-14 02:12:45 - WARNING - تخطي صف 417 في data/input_ft2\130600112764_202201241939.txt: 'timestamp'
2026-01-14 02:12:45 - WARNING - تخطي صف 418 في data/input_ft2\130600112764_202201241939.txt: 'timestamp'
2026-01-14 02:12:45 - WARNING - تخطي صف 419 في data/input_ft2\130600112764_202201241939.txt: 'timestamp'
2026-01-14 02:12:45 - WARNING - تخطي صف 420 في data/input_ft2\130600112764_202201241939.txt: 'timestamp'
2026-01-14 02:12:45 - WARNING - تخطي صف 421 في data/input_ft2\130600112764_202201241939.txt: 'timestamp'
2026-01-14 02:12:45 - WARNING - تخطي صف 422 في data/input_ft2\130600112764_202201241939.txt: 'timestamp'
2026-01-14 02:12:45 - WARNING - تخطي صف 423 في data/input_ft2\130600112764_202201241939.txt: 'timestamp'
2026-01-14 02:12:45 - WARNING - تخطي صف 424 في data/input_ft2\130600112764_202201241939.txt: 'timestamp'
2026-01-14 02:12:45 - WARNING - تخطي صف 425 في data/input_ft2\130600112764_202201241939.txt: 'timestamp'
2026-01-14 02:12:45 - WARNING - تخطي صف 426 في data/input_ft2\130600112764_202201241939.txt: 'timestamp'
2026-01-14 02:12:45 - WARNING - تخطي صف 427 في data/input_ft2\130600112764_202201241939.txt: 'timestamp'
2026-01-14 02:12:45 - WARNING - تخطي صف 428 في data/input_ft2\130600112764_202201241939.txt: 'timestamp'
2026-01-14 02:12:45 - WARNING - تخطي صف 429 في data/input_ft2\130600112764_202201241939.txt: 'timestamp'
2026-01-14 02:12:45 - WARNING - تخطي صف 430 في data/input_ft2\130600112764_202201241939.txt: 'timestamp'
2026-01-14 02:12:45 - WARNING - تخطي صف 431 في data/input_ft2\130600112764_202201241939.txt: 'timestamp'
2026-01-14 02:12:45 - WARNING - تخطي صف 432 في data/input_ft2\130600112764_202201241939.txt: 'timestamp'
2026-01-14 02:12:45 - WARNING - تخطي صف 433 في data/input_ft2\130600112764_202201241939.txt: 'timestamp'
2026-01-14 02:12:45 - WARNING - تخطي صف 434 في data/input_ft2\130600112764_202201241939.txt: 'timestamp'
2026-01-14 02:12:45 - WARNING - تخطي صف 435 في data/input_ft2\130600112764_202201241939.txt: 'timestamp'
2026-01-14 02:12:45 - WARNING - تخطي صف 436 في data/input_ft2\130600112764_202201241939.txt: 'timestamp'
2026-01-14 02:12:45 - WARNING - تخطي صف 437 في data/input_ft2\130600112764_202201241939.txt: 'timestamp'
2026-01-14 02:12:45 - WARNING - تخطي صف 438 في data/input_ft2\130600112764_202201241939.txt: 'timestamp'
2026-01-14 02:12:45 - WARNING - تخطي صف 439 في data/input_ft2\130600112764_202201241939.txt: 'timestamp'
2026-01-14 02:12:45 - WARNING - تخطي صف 440 في data/input_ft2\130600112764_202201241939.txt: 'timestamp'
2026-01-14 02:12:45 - WARNING - تخطي صف 441 في data/input_ft2\130600112764_202201241939.txt: 'timestamp'
2026-01-14 02:12:45 - WARNING - تخطي صف 442 في data/input_ft2\130600112764_202201241939.txt: 'timestamp'
2026-01-14 02:12:45 - WARNING - تخطي صف 443 في data/input_ft2\130600112764_202201241939.txt: 'timestamp'
2026-01-14 02:12:45 - WARNING - تخطي صف 444 في data/input_ft2\130600112764_202201241939.txt: 'timestamp'
2026-01-14 02:12:45 - WARNING - تخطي صف 445 في data/input_ft2\130600112764_202201241939.txt: 'timestamp'
2026-01-14 02:12:45 - WARNING - تخطي صف 446 في data/input_ft2\130600112764_202201241939.txt: 'timestamp'
2026-01-14 02:12:45 - WARNING - تخطي صف 447 في data/input_ft2\130600112764_202201241939.txt: 'timestamp'
2026-01-14 02:12:45 - WARNING - تخطي صف 448 في data/input_ft2\130600112764_202201241939.txt: 'timestamp'
2026-01-14 02:12:45 - WARNING - تخطي صف 449 في data/input_ft2\130600112764_202201241939.txt: 'timestamp'
2026-01-14 02:12:45 - WARNING - تخطي صف 450 في data/input_ft2\130600112764_202201241939.txt: 'timestamp'
2026-01-14 02:12:45 - WARNING - تخطي صف 451 في data/input_ft2\130600112764_202201241939.txt: 'timestamp'
2026-01-14 02:12:45 - WARNING - تخطي صف 452 في data/input_ft2\130600112764_202201241939.txt: 'timestamp'
2026-01-14 02:12:45 - WARNING - تخطي صف 453 في data/input_ft2\130600112764_202201241939.txt: 'timestamp'
2026-01-14 02:12:45 - WARNING - تخطي صف 454 في data/input_ft2\130600112764_202201241939.txt: 'timestamp'
2026-01-14 02:12:45 - WARNING - تخطي صف 455 في data/input_ft2\130600112764_202201241939.txt: 'timestamp'
2026-01-14 02:12:45 - WARNING - تخطي صف 456 في data/input_ft2\130600112764_202201241939.txt: 'timestamp'
2026-01-14 02:12:45 - WARNING - تخطي صف 457 في data/input_ft2\130600112764_202201241939.txt: 'timestamp'
2026-01-14 02:12:45 - WARNING - تخطي صف 458 في data/input_ft2\130600112764_202201241939.txt: 'timestamp'
2026-01-14 02:12:45 - WARNING - تخطي صف 459 في data/input_ft2\130600112764_202201241939.txt: 'timestamp'
2026-01-14 02:12:45 - WARNING - تخطي صف 460 في data/input_ft2\130600112764_202201241939.txt: 'timestamp'
2026-01-14 02:12:45 - WARNING - تخطي صف 461 في data/input_ft2\130600112764_202201241939.txt: 'timestamp'
2026-01-14 02:12:45 - WARNING - تخطي صف 462 في data/input_ft2\130600112764_202201241939.txt: 'timestamp'
2026-01-14 02:12:45 - WARNING - تخطي صف 463 في data/input_ft2\130600112764_202201241939.txt: 'timestamp'
2026-01-14 02:12:45 - WARNING - تخطي صف 464 في data/input_ft2\130600112764_202201241939.txt: 'timestamp'
2026-01-14 02:12:45 - WARNING - تخطي صف 465 في data/input_ft2\130600112764_202201241939.txt: 'timestamp'
2026-01-14 02:12:45 - WARNING - تخطي صف 466 في data/input_ft2\130600112764_202201241939.txt: 'timestamp'
2026-01-14 02:12:45 - WARNING - تخطي صف 467 في data/input_ft2\130600112764_202201241939.txt: 'timestamp'
2026-01-14 02:12:45 - WARNING - تخطي صف 468 في data/input_ft2\130600112764_202201241939.txt: 'timestamp'
2026-01-14 02:12:45 - WARNING - تخطي صف 469 في data/input_ft2\130600112764_202201241939.txt: 'timestamp'
2026-01-14 02:12:45 - WARNING - تخطي صف 470 في data/input_ft2\130600112764_202201241939.txt: 'timestamp'
2026-01-14 02:12:45 - WARNING - تخطي صف 471 في data/input_ft2\130600112764_202201241939.txt: 'timestamp'
2026-01-14 02:12:45 - WARNING - تخطي صف 472 في data/input_ft2\130600112764_202201241939.txt: 'timestamp'
2026-01-14 02:12:45 - WARNING - تخطي صف 473 في data/input_ft2\130600112764_202201241939.txt: 'timestamp'
2026-01-14 02:12:45 - WARNING - تخطي صف 474 في data/input_ft2\130600112764_202201241939.txt: 'timestamp'
2026-01-14 02:12:45 - WARNING - تخطي صف 475 في data/input_ft2\130600112764_202201241939.txt: 'timestamp'
2026-01-14 02:12:45 - WARNING - تخطي صف 476 في data/input_ft2\130600112764_202201241939.txt: 'timestamp'
2026-01-14 02:12:45 - WARNING - تخطي صف 477 في data/input_ft2\130600112764_202201241939.txt: 'timestamp'
2026-01-14 02:12:45 - WARNING - تخطي صف 478 في data/input_ft2\130600112764_202201241939.txt: 'timestamp'
2026-01-14 02:12:45 - WARNING - تخطي صف 479 في data/input_ft2\130600112764_202201241939.txt: 'timestamp'
2026-01-14 02:12:45 - WARNING - تخطي صف 480 في data/input_ft2\130600112764_202201241939.txt: 'timestamp'
2026-01-14 02:12:45 - WARNING - تخطي صف 481 في data/input_ft2\130600112764_202201241939.txt: 'timestamp'
2026-01-14 02:12:45 - WARNING - تخطي صف 482 في data/input_ft2\130600112764_202201241939.txt: 'timestamp'
2026-01-14 02:12:45 - WARNING - تخطي صف 483 في data/input_ft2\130600112764_202201241939.txt: 'timestamp'
2026-01-14 02:12:45 - WARNING - تخطي صف 484 في data/input_ft2\130600112764_202201241939.txt: 'timestamp'
2026-01-14 02:12:45 - WARNING - تخطي صف 485 في data/input_ft2\130600112764_202201241939.txt: 'timestamp'
2026-01-14 02:12:45 - WARNING - تخطي صف 486 في data/input_ft2\130600112764_202201241939.txt: 'timestamp'
2026-01-14 02:12:45 - WARNING - تخطي صف 487 في data/input_ft2\130600112764_202201241939.txt: 'timestamp'
2026-01-14 02:12:45 - WARNING - تخطي صف 488 في data/input_ft2\130600112764_202201241939.txt: 'timestamp'
2026-01-14 02:12:45 - WARNING - تخطي صف 489 في data/input_ft2\130600112764_202201241939.txt: 'timestamp'
2026-01-14 02:12:45 - WARNING - تخطي صف 490 في data/input_ft2\130600112764_202201241939.txt: 'timestamp'
2026-01-14 02:12:45 - WARNING - تخطي صف 491 في data/input_ft2\130600112764_202201241939.txt: 'timestamp'
2026-01-14 02:12:45 - WARNING - تخطي صف 492 في data/input_ft2\130600112764_202201241939.txt: 'timestamp'
2026-01-14 02:12:45 - WARNING - تخطي صف 493 في data/input_ft2\130600112764_202201241939.txt: 'timestamp'
2026-01-14 02:12:45 - WARNING - تخطي صف 494 في data/input_ft2\130600112764_202201241939.txt: 'timestamp'
2026-01-14 02:12:45 - WARNING - تخطي صف 495 في data/input_ft2\130600112764_202201241939.txt: 'timestamp'
2026-01-14 02:12:45 - WARNING - تخطي صف 496 في data/input_ft2\130600112764_202201241939.txt: 'timestamp'
2026-01-14 02:12:45 - WARNING - تخطي صف 497 في data/input_ft2\130600112764_202201241939.txt: 'timestamp'
2026-01-14 02:12:45 - WARNING - تخطي صف 498 في data/input_ft2\130600112764_202201241939.txt: 'timestamp'
2026-01-14 02:12:45 - WARNING - تخطي صف 499 في data/input_ft2\130600112764_202201241939.txt: 'timestamp'
2026-01-14 02:12:45 - WARNING - تخطي صف 500 في data/input_ft2\130600112764_202201241939.txt: 'timestamp'
2026-01-14 02:12:45 - WARNING - تخطي صف 501 في data/input_ft2\130600112764_202201241939.txt: 'timestamp'
2026-01-14 02:12:45 - WARNING - تخطي صف 502 في data/input_ft2\130600112764_202201241939.txt: 'timestamp'
2026-01-14 02:12:45 - WARNING - تخطي صف 503 في data/input_ft2\130600112764_202201241939.txt: 'timestamp'
2026-01-14 02:12:45 - WARNING - تخطي صف 504 في data/input_ft2\130600112764_202201241939.txt: 'timestamp'
2026-01-14 02:12:45 - WARNING - تخطي صف 505 في data/input_ft2\130600112764_202201241939.txt: 'timestamp'
2026-01-14 02:12:45 - WARNING - تخطي صف 506 في data/input_ft2\130600112764_202201241939.txt: 'timestamp'
2026-01-14 02:12:45 - WARNING - تخطي صف 507 في data/input_ft2\130600112764_202201241939.txt: 'timestamp'
2026-01-14 02:12:45 - WARNING - تخطي صف 508 في data/input_ft2\130600112764_202201241939.txt: 'timestamp'
2026-01-14 02:12:45 - WARNING - تخطي صف 509 في data/input_ft2\130600112764_202201241939.txt: 'timestamp'
2026-01-14 02:12:45 - WARNING - تخطي صف 510 في data/input_ft2\130600112764_202201241939.txt: 'timestamp'
2026-01-14 02:12:45 - WARNING - تخطي صف 511 في data/input_ft2\130600112764_202201241939.txt: 'timestamp'
2026-01-14 02:12:45 - WARNING - تخطي صف 512 في data/input_ft2\130600112764_202201241939.txt: 'timestamp'
2026-01-14 02:12:45 - WARNING - تخطي صف 513 في data/input_ft2\130600112764_202201241939.txt: 'timestamp'
2026-01-14 02:12:45 - WARNING - تخطي صف 514 في data/input_ft2\130600112764_202201241939.txt: 'timestamp'
2026-01-14 02:12:45 - WARNING - تخطي صف 515 في data/input_ft2\130600112764_202201241939.txt: 'timestamp'
2026-01-14 02:12:45 - WARNING - تخطي صف 516 في data/input_ft2\130600112764_202201241939.txt: 'timestamp'
2026-01-14 02:12:45 - WARNING - تخطي صف 517 في data/input_ft2\130600112764_202201241939.txt: 'timestamp'
2026-01-14 02:12:45 - WARNING - تخطي صف 518 في data/input_ft2\130600112764_202201241939.txt: 'timestamp'
2026-01-14 02:12:45 - WARNING - تخطي صف 519 في data/input_ft2\130600112764_202201241939.txt: 'timestamp'
2026-01-14 02:12:45 - WARNING - تخطي صف 520 في data/input_ft2\130600112764_202201241939.txt: 'timestamp'
2026-01-14 02:12:45 - WARNING - تخطي صف 521 في data/input_ft2\130600112764_202201241939.txt: 'timestamp'
2026-01-14 02:12:45 - WARNING - تخطي صف 522 في data/input_ft2\130600112764_202201241939.txt: 'timestamp'
2026-01-14 02:12:45 - WARNING - تخطي صف 523 في data/input_ft2\130600112764_202201241939.txt: 'timestamp'
2026-01-14 02:12:45 - WARNING - تخطي صف 524 في data/input_ft2\130600112764_202201241939.txt: 'timestamp'
2026-01-14 02:12:45 - WARNING - تخطي صف 525 في data/input_ft2\130600112764_202201241939.txt: 'timestamp'
2026-01-14 02:12:45 - WARNING - تخطي صف 526 في data/input_ft2\130600112764_202201241939.txt: 'timestamp'
2026-01-14 02:12:45 - WARNING - تخطي صف 527 في data/input_ft2\130600112764_202201241939.txt: 'timestamp'
2026-01-14 02:12:45 - WARNING - تخطي صف 528 في data/input_ft2\130600112764_202201241939.txt: 'timestamp'
2026-01-14 02:12:45 - WARNING - تخطي صف 529 في data/input_ft2\130600112764_202201241939.txt: 'timestamp'
2026-01-14 02:12:45 - WARNING - تخطي صف 530 في data/input_ft2\130600112764_202201241939.txt: 'timestamp'
2026-01-14 02:12:45 - WARNING - تخطي صف 531 في data/input_ft2\130600112764_202201241939.txt: 'timestamp'
2026-01-14 02:12:45 - WARNING - تخطي صف 532 في data/input_ft2\130600112764_202201241939.txt: 'timestamp'
2026-01-14 02:12:45 - WARNING - تخطي صف 533 في data/input_ft2\130600112764_202201241939.txt: 'timestamp'
2026-01-14 02:12:45 - WARNING - تخطي صف 534 في data/input_ft2\130600112764_202201241939.txt: 'timestamp'
2026-01-14 02:12:45 - WARNING - تخطي صف 535 في data/input_ft2\130600112764_202201241939.txt: 'timestamp'
2026-01-14 02:12:45 - WARNING - تخطي صف 536 في data/input_ft2\130600112764_202201241939.txt: 'timestamp'
2026-01-14 02:12:45 - WARNING - تخطي صف 537 في data/input_ft2\130600112764_202201241939.txt: 'timestamp'
2026-01-14 02:12:45 - WARNING - تخطي صف 538 في data/input_ft2\130600112764_202201241939.txt: 'timestamp'
2026-01-14 02:12:45 - WARNING - تخطي صف 539 في data/input_ft2\130600112764_202201241939.txt: 'timestamp'
2026-01-14 02:12:45 - WARNING - تخطي صف 540 في data/input_ft2\130600112764_202201241939.txt: 'timestamp'
2026-01-14 02:12:45 - WARNING - تخطي صف 541 في data/input_ft2\130600112764_202201241939.txt: 'timestamp'
2026-01-14 02:12:45 - WARNING - تخطي صف 542 في data/input_ft2\130600112764_202201241939.txt: 'timestamp'
2026-01-14 02:12:45 - WARNING - تخطي صف 543 في data/input_ft2\130600112764_202201241939.txt: 'timestamp'
2026-01-14 02:12:45 - WARNING - تخطي صف 544 في data/input_ft2\130600112764_202201241939.txt: 'timestamp'
2026-01-14 02:12:45 - WARNING - تخطي صف 545 في data/input_ft2\130600112764_202201241939.txt: 'timestamp'
2026-01-14 02:12:45 - WARNING - تخطي صف 546 في data/input_ft2\130600112764_202201241939.txt: 'timestamp'
2026-01-14 02:12:45 - WARNING - تخطي صف 547 في data/input_ft2\130600112764_202201241939.txt: 'timestamp'
2026-01-14 02:12:45 - WARNING - تخطي صف 548 في data/input_ft2\130600112764_202201241939.txt: 'timestamp'
2026-01-14 02:12:45 - WARNING - تخطي صف 549 في data/input_ft2\130600112764_202201241939.txt: 'timestamp'
2026-01-14 02:12:45 - WARNING - تخطي صف 550 في data/input_ft2\130600112764_202201241939.txt: 'timestamp'
2026-01-14 02:12:45 - WARNING - تخطي صف 551 في data/input_ft2\130600112764_202201241939.txt: 'timestamp'
2026-01-14 02:12:45 - WARNING - تخطي صف 552 في data/input_ft2\130600112764_202201241939.txt: 'timestamp'
2026-01-14 02:12:45 - WARNING - تخطي صف 553 في data/input_ft2\130600112764_202201241939.txt: 'timestamp'
2026-01-14 02:12:45 - WARNING - تخطي صف 554 في data/input_ft2\130600112764_202201241939.txt: 'timestamp'
2026-01-14 02:12:45 - WARNING - تخطي صف 555 في data/input_ft2\130600112764_202201241939.txt: 'timestamp'
2026-01-14 02:12:45 - WARNING - تخطي صف 556 في data/input_ft2\130600112764_202201241939.txt: 'timestamp'
2026-01-14 02:12:45 - WARNING - تخطي صف 557 في data/input_ft2\130600112764_202201241939.txt: 'timestamp'
2026-01-14 02:12:45 - WARNING - تخطي صف 558 في data/input_ft2\130600112764_202201241939.txt: 'timestamp'
2026-01-14 02:12:45 - WARNING - تخطي صف 559 في data/input_ft2\130600112764_202201241939.txt: 'timestamp'
2026-01-14 02:12:45 - WARNING - تخطي صف 560 في data/input_ft2\130600112764_202201241939.txt: 'timestamp'
2026-01-14 02:12:45 - WARNING - تخطي صف 561 في data/input_ft2\130600112764_202201241939.txt: 'timestamp'
2026-01-14 02:12:45 - WARNING - تخطي صف 562 في data/input_ft2\130600112764_202201241939.txt: 'timestamp'
2026-01-14 02:12:45 - WARNING - تخطي صف 563 في data/input_ft2\130600112764_202201241939.txt: 'timestamp'
2026-01-14 02:12:45 - WARNING - تخطي صف 564 في data/input_ft2\130600112764_202201241939.txt: 'timestamp'
2026-01-14 02:12:45 - WARNING - تخطي صف 565 في data/input_ft2\130600112764_202201241939.txt: 'timestamp'
2026-01-14 02:12:45 - WARNING - تخطي صف 566 في data/input_ft2\130600112764_202201241939.txt: 'timestamp'
2026-01-14 02:12:45 - WARNING - تخطي صف 567 في data/input_ft2\130600112764_202201241939.txt: 'timestamp'
2026-01-14 02:12:45 - WARNING - تخطي صف 568 في data/input_ft2\130600112764_202201241939.txt: 'timestamp'
2026-01-14 02:12:45 - WARNING - تخطي صف 569 في data/input_ft2\130600112764_202201241939.txt: 'timestamp'
2026-01-14 02:12:45 - WARNING - تخطي صف 570 في data/input_ft2\130600112764_202201241939.txt: 'timestamp'
2026-01-14 02:12:45 - WARNING - تخطي صف 571 في data/input_ft2\130600112764_202201241939.txt: 'timestamp'
2026-01-14 02:12:45 - WARNING - تخطي صف 572 في data/input_ft2\130600112764_202201241939.txt: 'timestamp'
2026-01-14 02:12:45 - WARNING - تخطي صف 573 في data/input_ft2\130600112764_202201241939.txt: 'timestamp'
2026-01-14 02:12:45 - WARNING - تخطي صف 574 في data/input_ft2\130600112764_202201241939.txt: 'timestamp'
2026-01-14 02:12:45 - WARNING - تخطي صف 575 في data/input_ft2\130600112764_202201241939.txt: 'timestamp'
2026-01-14 02:12:45 - WARNING - تخطي صف 576 في data/input_ft2\130600112764_202201241939.txt: 'timestamp'
2026-01-14 02:12:45 - WARNING - تخطي صف 577 في data/input_ft2\130600112764_202201241939.txt: 'timestamp'
2026-01-14 02:12:45 - WARNING - تخطي صف 578 في data/input_ft2\130600112764_202201241939.txt: 'timestamp'
2026-01-14 02:12:45 - WARNING - تخطي صف 579 في data/input_ft2\130600112764_202201241939.txt: 'timestamp'
2026-01-14 02:12:45 - WARNING - تخطي صف 580 في data/input_ft2\130600112764_202201241939.txt: 'timestamp'
2026-01-14 02:12:45 - WARNING - تخطي صف 581 في data/input_ft2\130600112764_202201241939.txt: 'timestamp'
2026-01-14 02:12:45 - WARNING - تخطي صف 582 في data/input_ft2\130600112764_202201241939.txt: 'timestamp'
2026-01-14 02:12:45 - WARNING - تخطي صف 583 في data/input_ft2\130600112764_202201241939.txt: 'timestamp'
2026-01-14 02:12:45 - WARNING - تخطي صف 584 في data/input_ft2\130600112764_202201241939.txt: 'timestamp'
2026-01-14 02:12:45 - WARNING - تخطي صف 585 في data/input_ft2\130600112764_202201241939.txt: 'timestamp'
2026-01-14 02:12:45 - WARNING - تخطي صف 586 في data/input_ft2\130600112764_202201241939.txt: 'timestamp'
2026-01-14 02:12:45 - WARNING - تخطي صف 587 في data/input_ft2\130600112764_202201241939.txt: 'timestamp'
2026-01-14 02:12:45 - WARNING - تخطي صف 588 في data/input_ft2\130600112764_202201241939.txt: 'timestamp'
2026-01-14 02:12:45 - WARNING - تخطي صف 589 في data/input_ft2\130600112764_202201241939.txt: 'timestamp'
2026-01-14 02:12:45 - WARNING - تخطي صف 590 في data/input_ft2\130600112764_202201241939.txt: 'timestamp'
2026-01-14 02:12:45 - WARNING - تخطي صف 591 في data/input_ft2\130600112764_202201241939.txt: 'timestamp'
2026-01-14 02:12:45 - WARNING - تخطي صف 592 في data/input_ft2\130600112764_202201241939.txt: 'timestamp'
2026-01-14 02:12:45 - WARNING - تخطي صف 593 في data/input_ft2\130600112764_202201241939.txt: 'timestamp'
2026-01-14 02:12:45 - WARNING - تخطي صف 594 في data/input_ft2\130600112764_202201241939.txt: 'timestamp'
2026-01-14 02:12:45 - WARNING - تخطي صف 595 في data/input_ft2\130600112764_202201241939.txt: 'timestamp'
2026-01-14 02:12:45 - WARNING - تخطي صف 596 في data/input_ft2\130600112764_202201241939.txt: 'timestamp'
2026-01-14 02:12:45 - WARNING - تخطي صف 597 في data/input_ft2\130600112764_202201241939.txt: 'timestamp'
2026-01-14 02:12:45 - WARNING - تخطي صف 598 في data/input_ft2\130600112764_202201241939.txt: 'timestamp'
2026-01-14 02:12:45 - WARNING - تخطي صف 599 في data/input_ft2\130600112764_202201241939.txt: 'timestamp'
2026-01-14 02:12:45 - WARNING - تخطي صف 600 في data/input_ft2\130600112764_202201241939.txt: 'timestamp'
2026-01-14 02:12:45 - WARNING - تخطي صف 601 في data/input_ft2\130600112764_202201241939.txt: 'timestamp'
2026-01-14 02:12:45 - WARNING - تخطي صف 602 في data/input_ft2\130600112764_202201241939.txt: 'timestamp'
2026-01-14 02:12:45 - WARNING - تخطي صف 603 في data/input_ft2\130600112764_202201241939.txt: 'timestamp'
2026-01-14 02:12:45 - WARNING - تخطي صف 604 في data/input_ft2\130600112764_202201241939.txt: 'timestamp'
2026-01-14 02:12:45 - WARNING - تخطي صف 605 في data/input_ft2\130600112764_202201241939.txt: 'timestamp'
2026-01-14 02:12:45 - WARNING - تخطي صف 606 في data/input_ft2\130600112764_202201241939.txt: 'timestamp'
2026-01-14 02:12:45 - WARNING - تخطي صف 607 في data/input_ft2\130600112764_202201241939.txt: 'timestamp'
2026-01-14 02:12:45 - WARNING - تخطي صف 608 في data/input_ft2\130600112764_202201241939.txt: 'timestamp'
2026-01-14 02:12:45 - WARNING - تخطي صف 609 في data/input_ft2\130600112764_202201241939.txt: 'timestamp'
2026-01-14 02:12:45 - WARNING - تخطي صف 610 في data/input_ft2\130600112764_202201241939.txt: 'timestamp'
2026-01-14 02:12:45 - WARNING - تخطي صف 611 في data/input_ft2\130600112764_202201241939.txt: 'timestamp'
2026-01-14 02:12:45 - WARNING - تخطي صف 612 في data/input_ft2\130600112764_202201241939.txt: 'timestamp'
2026-01-14 02:12:45 - WARNING - تخطي صف 613 في data/input_ft2\130600112764_202201241939.txt: 'timestamp'
2026-01-14 02:12:45 - WARNING - تخطي صف 614 في data/input_ft2\130600112764_202201241939.txt: 'timestamp'
2026-01-14 02:12:45 - WARNING - تخطي صف 615 في data/input_ft2\130600112764_202201241939.txt: 'timestamp'
2026-01-14 02:12:45 - WARNING - تخطي صف 616 في data/input_ft2\130600112764_202201241939.txt: 'timestamp'
2026-01-14 02:12:45 - WARNING - تخطي صف 617 في data/input_ft2\130600112764_202201241939.txt: 'timestamp'
2026-01-14 02:12:45 - WARNING - تخطي صف 618 في data/input_ft2\130600112764_202201241939.txt: 'timestamp'
2026-01-14 02:12:45 - WARNING - تخطي صف 619 في data/input_ft2\130600112764_202201241939.txt: 'timestamp'
2026-01-14 02:12:45 - WARNING - تخطي صف 620 في data/input_ft2\130600112764_202201241939.txt: 'timestamp'
2026-01-14 02:12:45 - WARNING - تخطي صف 621 في data/input_ft2\130600112764_202201241939.txt: 'timestamp'
2026-01-14 02:12:45 - WARNING - تخطي صف 622 في data/input_ft2\130600112764_202201241939.txt: 'timestamp'
2026-01-14 02:12:45 - WARNING - تخطي صف 623 في data/input_ft2\130600112764_202201241939.txt: 'timestamp'
2026-01-14 02:12:45 - WARNING - تخطي صف 624 في data/input_ft2\130600112764_202201241939.txt: 'timestamp'
2026-01-14 02:12:45 - WARNING - تخطي صف 625 في data/input_ft2\130600112764_202201241939.txt: 'timestamp'
2026-01-14 02:12:45 - WARNING - تخطي صف 626 في data/input_ft2\130600112764_202201241939.txt: 'timestamp'
2026-01-14 02:12:45 - WARNING - تخطي صف 627 في data/input_ft2\130600112764_202201241939.txt: 'timestamp'
2026-01-14 02:12:45 - WARNING - تخطي صف 628 في data/input_ft2\130600112764_202201241939.txt: 'timestamp'
2026-01-14 02:12:45 - WARNING - تخطي صف 629 في data/input_ft2\130600112764_202201241939.txt: 'timestamp'
2026-01-14 02:12:45 - WARNING - تخطي صف 630 في data/input_ft2\130600112764_202201241939.txt: 'timestamp'
2026-01-14 02:12:45 - WARNING - تخطي صف 631 في data/input_ft2\130600112764_202201241939.txt: 'timestamp'
2026-01-14 02:12:45 - WARNING - تخطي صف 632 في data/input_ft2\130600112764_202201241939.txt: 'timestamp'
2026-01-14 02:12:45 - WARNING - تخطي صف 633 في data/input_ft2\130600112764_202201241939.txt: 'timestamp'
2026-01-14 02:12:45 - WARNING - تخطي صف 634 في data/input_ft2\130600112764_202201241939.txt: 'timestamp'
2026-01-14 02:12:45 - WARNING - تخطي صف 635 في data/input_ft2\130600112764_202201241939.txt: 'timestamp'
2026-01-14 02:12:45 - WARNING - تخطي صف 636 في data/input_ft2\130600112764_202201241939.txt: 'timestamp'
2026-01-14 02:12:45 - WARNING - تخطي صف 637 في data/input_ft2\130600112764_202201241939.txt: 'timestamp'
2026-01-14 02:12:45 - WARNING - تخطي صف 638 في data/input_ft2\130600112764_202201241939.txt: 'timestamp'
2026-01-14 02:12:45 - WARNING - تخطي صف 639 في data/input_ft2\130600112764_202201241939.txt: 'timestamp'
2026-01-14 02:12:45 - WARNING - تخطي صف 640 في data/input_ft2\130600112764_202201241939.txt: 'timestamp'
2026-01-14 02:12:45 - WARNING - تخطي صف 641 في data/input_ft2\130600112764_202201241939.txt: 'timestamp'
2026-01-14 02:12:45 - WARNING - تخطي صف 642 في data/input_ft2\130600112764_202201241939.txt: 'timestamp'
2026-01-14 02:12:45 - WARNING - تخطي صف 643 في data/input_ft2\130600112764_202201241939.txt: 'timestamp'
2026-01-14 02:12:45 - WARNING - تخطي صف 644 في data/input_ft2\130600112764_202201241939.txt: 'timestamp'
2026-01-14 02:12:45 - WARNING - تخطي صف 645 في data/input_ft2\130600112764_202201241939.txt: 'timestamp'
2026-01-14 02:12:45 - WARNING - تخطي صف 646 في data/input_ft2\130600112764_202201241939.txt: 'timestamp'
2026-01-14 02:12:45 - WARNING - تخطي صف 647 في data/input_ft2\130600112764_202201241939.txt: 'timestamp'
2026-01-14 02:12:45 - WARNING - تخطي صف 648 في data/input_ft2\130600112764_202201241939.txt: 'timestamp'
2026-01-14 02:12:45 - WARNING - تخطي صف 649 في data/input_ft2\130600112764_202201241939.txt: 'timestamp'
2026-01-14 02:12:45 - WARNING - تخطي صف 650 في data/input_ft2\130600112764_202201241939.txt: 'timestamp'
2026-01-14 02:12:45 - WARNING - تخطي صف 651 في data/input_ft2\130600112764_202201241939.txt: 'timestamp'
2026-01-14 02:12:45 - WARNING - تخطي صف 652 في data/input_ft2\130600112764_202201241939.txt: 'timestamp'
2026-01-14 02:12:45 - WARNING - تخطي صف 653 في data/input_ft2\130600112764_202201241939.txt: 'timestamp'
2026-01-14 02:12:45 - WARNING - تخطي صف 654 في data/input_ft2\130600112764_202201241939.txt: 'timestamp'
2026-01-14 02:12:45 - WARNING - تخطي صف 655 في data/input_ft2\130600112764_202201241939.txt: 'timestamp'
2026-01-14 02:12:45 - WARNING - تخطي صف 656 في data/input_ft2\130600112764_202201241939.txt: 'timestamp'
2026-01-14 02:12:45 - WARNING - تخطي صف 657 في data/input_ft2\130600112764_202201241939.txt: 'timestamp'
2026-01-14 02:12:45 - WARNING - تخطي صف 658 في data/input_ft2\130600112764_202201241939.txt: 'timestamp'
2026-01-14 02:12:45 - WARNING - تخطي صف 659 في data/input_ft2\130600112764_202201241939.txt: 'timestamp'
2026-01-14 02:12:45 - WARNING - تخطي صف 660 في data/input_ft2\130600112764_202201241939.txt: 'timestamp'
2026-01-14 02:12:45 - WARNING - تخطي صف 661 في data/input_ft2\130600112764_202201241939.txt: 'timestamp'
2026-01-14 02:12:45 - WARNING - تخطي صف 662 في data/input_ft2\130600112764_202201241939.txt: 'timestamp'
2026-01-14 02:12:45 - WARNING - تخطي صف 663 في data/input_ft2\130600112764_202201241939.txt: 'timestamp'
2026-01-14 02:12:45 - WARNING - تخطي صف 664 في data/input_ft2\130600112764_202201241939.txt: 'timestamp'
2026-01-14 02:12:45 - WARNING - تخطي صف 665 في data/input_ft2\130600112764_202201241939.txt: 'timestamp'
2026-01-14 02:12:45 - WARNING - تخطي صف 666 في data/input_ft2\130600112764_202201241939.txt: 'timestamp'
2026-01-14 02:12:45 - WARNING - تخطي صف 667 في data/input_ft2\130600112764_202201241939.txt: 'timestamp'
2026-01-14 02:12:45 - WARNING - تخطي صف 668 في data/input_ft2\130600112764_202201241939.txt: 'timestamp'
2026-01-14 02:12:45 - WARNING - تخطي صف 669 في data/input_ft2\130600112764_202201241939.txt: 'timestamp'
2026-01-14 02:12:45 - WARNING - تخطي صف 670 في data/input_ft2\130600112764_202201241939.txt: 'timestamp'
2026-01-14 02:12:45 - WARNING - تخطي صف 671 في data/input_ft2\130600112764_202201241939.txt: 'timestamp'
2026-01-14 02:12:45 - WARNING - تخطي صف 672 في data/input_ft2\130600112764_202201241939.txt: 'timestamp'
2026-01-14 02:12:45 - WARNING - تخطي صف 673 في data/input_ft2\130600112764_202201241939.txt: 'timestamp'
2026-01-14 02:12:45 - WARNING - تخطي صف 674 في data/input_ft2\130600112764_202201241939.txt: 'timestamp'
2026-01-14 02:12:45 - WARNING - تخطي صف 675 في data/input_ft2\130600112764_202201241939.txt: 'timestamp'
2026-01-14 02:12:45 - WARNING - تخطي صف 676 في data/input_ft2\130600112764_202201241939.txt: 'timestamp'
2026-01-14 02:12:45 - WARNING - تخطي صف 677 في data/input_ft2\130600112764_202201241939.txt: 'timestamp'
2026-01-14 02:12:45 - WARNING - تخطي صف 678 في data/input_ft2\130600112764_202201241939.txt: 'timestamp'
2026-01-14 02:12:45 - WARNING - تخطي صف 679 في data/input_ft2\130600112764_202201241939.txt: 'timestamp'
2026-01-14 02:12:45 - WARNING - تخطي صف 680 في data/input_ft2\130600112764_202201241939.txt: 'timestamp'
2026-01-14 02:12:45 - WARNING - تخطي صف 681 في data/input_ft2\130600112764_202201241939.txt: 'timestamp'
2026-01-14 02:12:45 - WARNING - تخطي صف 682 في data/input_ft2\130600112764_202201241939.txt: 'timestamp'
2026-01-14 02:12:45 - WARNING - تخطي صف 683 في data/input_ft2\130600112764_202201241939.txt: 'timestamp'
2026-01-14 02:12:45 - WARNING - تخطي صف 684 في data/input_ft2\130600112764_202201241939.txt: 'timestamp'
2026-01-14 02:12:45 - WARNING - تخطي صف 685 في data/input_ft2\130600112764_202201241939.txt: 'timestamp'
2026-01-14 02:12:45 - WARNING - تخطي صف 686 في data/input_ft2\130600112764_202201241939.txt: 'timestamp'
2026-01-14 02:12:45 - WARNING - تخطي صف 687 في data/input_ft2\130600112764_202201241939.txt: 'timestamp'
2026-01-14 02:12:45 - WARNING - تخطي صف 688 في data/input_ft2\130600112764_202201241939.txt: 'timestamp'
2026-01-14 02:12:45 - WARNING - تخطي صف 689 في data/input_ft2\130600112764_202201241939.txt: 'timestamp'
2026-01-14 02:12:45 - WARNING - تخطي صف 690 في data/input_ft2\130600112764_202201241939.txt: 'timestamp'
2026-01-14 02:12:45 - WARNING - تخطي صف 691 في data/input_ft2\130600112764_202201241939.txt: 'timestamp'
2026-01-14 02:12:45 - WARNING - تخطي صف 692 في data/input_ft2\130600112764_202201241939.txt: 'timestamp'
2026-01-14 02:12:45 - WARNING - تخطي صف 693 في data/input_ft2\130600112764_202201241939.txt: 'timestamp'
2026-01-14 02:12:45 - WARNING - تخطي صف 694 في data/input_ft2\130600112764_202201241939.txt: 'timestamp'
2026-01-14 02:12:45 - WARNING - تخطي صف 695 في data/input_ft2\130600112764_202201241939.txt: 'timestamp'
2026-01-14 02:12:45 - WARNING - تخطي صف 696 في data/input_ft2\130600112764_202201241939.txt: 'timestamp'
2026-01-14 02:12:45 - WARNING - تخطي صف 697 في data/input_ft2\130600112764_202201241939.txt: 'timestamp'
2026-01-14 02:12:45 - WARNING - تخطي صف 698 في data/input_ft2\130600112764_202201241939.txt: 'timestamp'
2026-01-14 02:12:45 - WARNING - تخطي صف 699 في data/input_ft2\130600112764_202201241939.txt: 'timestamp'
2026-01-14 02:12:45 - WARNING - تخطي صف 700 في data/input_ft2\130600112764_202201241939.txt: 'timestamp'
2026-01-14 02:12:45 - WARNING - تخطي صف 701 في data/input_ft2\130600112764_202201241939.txt: 'timestamp'
2026-01-14 02:12:45 - WARNING - تخطي صف 702 في data/input_ft2\130600112764_202201241939.txt: 'timestamp'
2026-01-14 02:12:45 - WARNING - تخطي صف 703 في data/input_ft2\130600112764_202201241939.txt: 'timestamp'
2026-01-14 02:12:45 - WARNING - تخطي صف 704 في data/input_ft2\130600112764_202201241939.txt: 'timestamp'
2026-01-14 02:12:45 - WARNING - تخطي صف 705 في data/input_ft2\130600112764_202201241939.txt: 'timestamp'
2026-01-14 02:12:45 - WARNING - تخطي صف 706 في data/input_ft2\130600112764_202201241939.txt: 'timestamp'
2026-01-14 02:12:45 - WARNING - تخطي صف 707 في data/input_ft2\130600112764_202201241939.txt: 'timestamp'
2026-01-14 02:12:45 - WARNING - تخطي صف 708 في data/input_ft2\130600112764_202201241939.txt: 'timestamp'
2026-01-14 02:12:45 - WARNING - تخطي صف 709 في data/input_ft2\130600112764_202201241939.txt: 'timestamp'
2026-01-14 02:12:45 - WARNING - تخطي صف 710 في data/input_ft2\130600112764_202201241939.txt: 'timestamp'
2026-01-14 02:12:45 - WARNING - تخطي صف 711 في data/input_ft2\130600112764_202201241939.txt: 'timestamp'
2026-01-14 02:12:45 - WARNING - تخطي صف 712 في data/input_ft2\130600112764_202201241939.txt: 'timestamp'
2026-01-14 02:12:45 - WARNING - تخطي صف 713 في data/input_ft2\130600112764_202201241939.txt: 'timestamp'
2026-01-14 02:12:45 - WARNING - تخطي صف 714 في data/input_ft2\130600112764_202201241939.txt: 'timestamp'
2026-01-14 02:12:45 - WARNING - تخطي صف 715 في data/input_ft2\130600112764_202201241939.txt: 'timestamp'
2026-01-14 02:12:45 - WARNING - تخطي صف 716 في data/input_ft2\130600112764_202201241939.txt: 'timestamp'
2026-01-14 02:12:45 - WARNING - تخطي صف 717 في data/input_ft2\130600112764_202201241939.txt: 'timestamp'
2026-01-14 02:12:45 - WARNING - تخطي صف 718 في data/input_ft2\130600112764_202201241939.txt: 'timestamp'
2026-01-14 02:12:45 - WARNING - تخطي صف 719 في data/input_ft2\130600112764_202201241939.txt: 'timestamp'
2026-01-14 02:12:45 - WARNING - تخطي صف 720 في data/input_ft2\130600112764_202201241939.txt: 'timestamp'
2026-01-14 02:12:45 - WARNING - تخطي صف 721 في data/input_ft2\130600112764_202201241939.txt: 'timestamp'
2026-01-14 02:12:45 - WARNING - تخطي صف 722 في data/input_ft2\130600112764_202201241939.txt: 'timestamp'
2026-01-14 02:12:45 - WARNING - تخطي صف 723 في data/input_ft2\130600112764_202201241939.txt: 'timestamp'
2026-01-14 02:12:45 - WARNING - تخطي صف 724 في data/input_ft2\130600112764_202201241939.txt: 'timestamp'
2026-01-14 02:12:45 - WARNING - تخطي صف 725 في data/input_ft2\130600112764_202201241939.txt: 'timestamp'
2026-01-14 02:12:45 - WARNING - تخطي صف 726 في data/input_ft2\130600112764_202201241939.txt: 'timestamp'
2026-01-14 02:12:45 - WARNING - تخطي صف 727 في data/input_ft2\130600112764_202201241939.txt: 'timestamp'
2026-01-14 02:12:45 - WARNING - تخطي صف 728 في data/input_ft2\130600112764_202201241939.txt: 'timestamp'
2026-01-14 02:12:45 - WARNING - تخطي صف 729 في data/input_ft2\130600112764_202201241939.txt: 'timestamp'
2026-01-14 02:12:45 - WARNING - تخطي صف 730 في data/input_ft2\130600112764_202201241939.txt: 'timestamp'
2026-01-14 02:12:45 - WARNING - تخطي صف 731 في data/input_ft2\130600112764_202201241939.txt: 'timestamp'
2026-01-14 02:12:45 - WARNING - تخطي صف 732 في data/input_ft2\130600112764_202201241939.txt: 'timestamp'
2026-01-14 02:12:45 - WARNING - تخطي صف 733 في data/input_ft2\130600112764_202201241939.txt: 'timestamp'
2026-01-14 02:12:45 - WARNING - تخطي صف 734 في data/input_ft2\130600112764_202201241939.txt: 'timestamp'
2026-01-14 02:12:45 - WARNING - تخطي صف 735 في data/input_ft2\130600112764_202201241939.txt: 'timestamp'
2026-01-14 02:12:45 - WARNING - تخطي صف 736 في data/input_ft2\130600112764_202201241939.txt: 'timestamp'
2026-01-14 02:12:45 - WARNING - تخطي صف 737 في data/input_ft2\130600112764_202201241939.txt: 'timestamp'
2026-01-14 02:12:45 - WARNING - تخطي صف 738 في data/input_ft2\130600112764_202201241939.txt: 'timestamp'
2026-01-14 02:12:45 - WARNING - تخطي صف 739 في data/input_ft2\130600112764_202201241939.txt: 'timestamp'
2026-01-14 02:12:45 - WARNING - تخطي صف 740 في data/input_ft2\130600112764_202201241939.txt: 'timestamp'
2026-01-14 02:12:45 - WARNING - تخطي صف 741 في data/input_ft2\130600112764_202201241939.txt: 'timestamp'
2026-01-14 02:12:45 - WARNING - تخطي صف 742 في data/input_ft2\130600112764_202201241939.txt: 'timestamp'
2026-01-14 02:12:45 - WARNING - تخطي صف 743 في data/input_ft2\130600112764_202201241939.txt: 'timestamp'
2026-01-14 02:12:45 - WARNING - تخطي صف 744 في data/input_ft2\130600112764_202201241939.txt: 'timestamp'
2026-01-14 02:12:45 - WARNING - تخطي صف 745 في data/input_ft2\130600112764_202201241939.txt: 'timestamp'
2026-01-14 02:12:45 - WARNING - تخطي صف 746 في data/input_ft2\130600112764_202201241939.txt: 'timestamp'
2026-01-14 02:12:45 - WARNING - تخطي صف 747 في data/input_ft2\130600112764_202201241939.txt: 'timestamp'
2026-01-14 02:12:45 - WARNING - تخطي صف 748 في data/input_ft2\130600112764_202201241939.txt: 'timestamp'
2026-01-14 02:12:45 - WARNING - تخطي صف 749 في data/input_ft2\130600112764_202201241939.txt: 'timestamp'
2026-01-14 02:12:45 - WARNING - تخطي صف 750 في data/input_ft2\130600112764_202201241939.txt: 'timestamp'
2026-01-14 02:12:45 - WARNING - تخطي صف 751 في data/input_ft2\130600112764_202201241939.txt: 'timestamp'
2026-01-14 02:12:45 - WARNING - تخطي صف 752 في data/input_ft2\130600112764_202201241939.txt: 'timestamp'
2026-01-14 02:12:45 - WARNING - تخطي صف 753 في data/input_ft2\130600112764_202201241939.txt: 'timestamp'
2026-01-14 02:12:45 - WARNING - تخطي صف 754 في data/input_ft2\130600112764_202201241939.txt: 'timestamp'
2026-01-14 02:12:45 - WARNING - تخطي صف 755 في data/input_ft2\130600112764_202201241939.txt: 'timestamp'
2026-01-14 02:12:45 - WARNING - تخطي صف 756 في data/input_ft2\130600112764_202201241939.txt: 'timestamp'
2026-01-14 02:12:45 - WARNING - تخطي صف 757 في data/input_ft2\130600112764_202201241939.txt: 'timestamp'
2026-01-14 02:12:45 - WARNING - تخطي صف 758 في data/input_ft2\130600112764_202201241939.txt: 'timestamp'
2026-01-14 02:12:45 - WARNING - تخطي صف 759 في data/input_ft2\130600112764_202201241939.txt: 'timestamp'
2026-01-14 02:12:45 - WARNING - تخطي صف 760 في data/input_ft2\130600112764_202201241939.txt: 'timestamp'
2026-01-14 02:12:45 - WARNING - تخطي صف 761 في data/input_ft2\130600112764_202201241939.txt: 'timestamp'
2026-01-14 02:12:45 - WARNING - تخطي صف 762 في data/input_ft2\130600112764_202201241939.txt: 'timestamp'
2026-01-14 02:12:45 - WARNING - تخطي صف 763 في data/input_ft2\130600112764_202201241939.txt: 'timestamp'
2026-01-14 02:12:45 - WARNING - تخطي صف 764 في data/input_ft2\130600112764_202201241939.txt: 'timestamp'
2026-01-14 02:12:45 - WARNING - تخطي صف 765 في data/input_ft2\130600112764_202201241939.txt: 'timestamp'
2026-01-14 02:12:45 - WARNING - تخطي صف 766 في data/input_ft2\130600112764_202201241939.txt: 'timestamp'
2026-01-14 02:12:45 - WARNING - تخطي صف 767 في data/input_ft2\130600112764_202201241939.txt: 'timestamp'
2026-01-14 02:12:45 - WARNING - تخطي صف 768 في data/input_ft2\130600112764_202201241939.txt: 'timestamp'
2026-01-14 02:12:45 - WARNING - تخطي صف 769 في data/input_ft2\130600112764_202201241939.txt: 'timestamp'
2026-01-14 02:12:45 - WARNING - تخطي صف 770 في data/input_ft2\130600112764_202201241939.txt: 'timestamp'
2026-01-14 02:12:45 - WARNING - تخطي صف 771 في data/input_ft2\130600112764_202201241939.txt: 'timestamp'
2026-01-14 02:12:45 - WARNING - تخطي صف 772 في data/input_ft2\130600112764_202201241939.txt: 'timestamp'
2026-01-14 02:12:45 - WARNING - تخطي صف 773 في data/input_ft2\130600112764_202201241939.txt: 'timestamp'
2026-01-14 02:12:45 - WARNING - تخطي صف 774 في data/input_ft2\130600112764_202201241939.txt: 'timestamp'
2026-01-14 02:12:45 - WARNING - تخطي صف 775 في data/input_ft2\130600112764_202201241939.txt: 'timestamp'
2026-01-14 02:12:45 - WARNING - تخطي صف 776 في data/input_ft2\130600112764_202201241939.txt: 'timestamp'
2026-01-14 02:12:45 - WARNING - تخطي صف 777 في data/input_ft2\130600112764_202201241939.txt: 'timestamp'
2026-01-14 02:12:45 - WARNING - تخطي صف 778 في data/input_ft2\130600112764_202201241939.txt: 'timestamp'
2026-01-14 02:12:45 - WARNING - تخطي صف 779 في data/input_ft2\130600112764_202201241939.txt: 'timestamp'
2026-01-14 02:12:45 - WARNING - تخطي صف 780 في data/input_ft2\130600112764_202201241939.txt: 'timestamp'
2026-01-14 02:12:45 - WARNING - تخطي صف 781 في data/input_ft2\130600112764_202201241939.txt: 'timestamp'
2026-01-14 02:12:45 - WARNING - تخطي صف 782 في data/input_ft2\130600112764_202201241939.txt: 'timestamp'
2026-01-14 02:12:45 - WARNING - تخطي صف 783 في data/input_ft2\130600112764_202201241939.txt: 'timestamp'
2026-01-14 02:12:45 - WARNING - تخطي صف 784 في data/input_ft2\130600112764_202201241939.txt: 'timestamp'
2026-01-14 02:12:45 - WARNING - تخطي صف 785 في data/input_ft2\130600112764_202201241939.txt: 'timestamp'
2026-01-14 02:12:45 - WARNING - تخطي صف 786 في data/input_ft2\130600112764_202201241939.txt: 'timestamp'
2026-01-14 02:12:45 - WARNING - تخطي صف 787 في data/input_ft2\130600112764_202201241939.txt: 'timestamp'
2026-01-14 02:12:45 - WARNING - تخطي صف 788 في data/input_ft2\130600112764_202201241939.txt: 'timestamp'
2026-01-14 02:12:45 - WARNING - تخطي صف 789 في data/input_ft2\130600112764_202201241939.txt: 'timestamp'
2026-01-14 02:12:45 - WARNING - تخطي صف 790 في data/input_ft2\130600112764_202201241939.txt: 'timestamp'
2026-01-14 02:12:45 - WARNING - تخطي صف 791 في data/input_ft2\130600112764_202201241939.txt: 'timestamp'
2026-01-14 02:12:45 - WARNING - تخطي صف 792 في data/input_ft2\130600112764_202201241939.txt: 'timestamp'
2026-01-14 02:12:45 - WARNING - تخطي صف 793 في data/input_ft2\130600112764_202201241939.txt: 'timestamp'
2026-01-14 02:12:45 - WARNING - تخطي صف 794 في data/input_ft2\130600112764_202201241939.txt: 'timestamp'
2026-01-14 02:12:45 - WARNING - تخطي صف 795 في data/input_ft2\130600112764_202201241939.txt: 'timestamp'
2026-01-14 02:12:45 - WARNING - تخطي صف 796 في data/input_ft2\130600112764_202201241939.txt: 'timestamp'
2026-01-14 02:12:45 - WARNING - تخطي صف 797 في data/input_ft2\130600112764_202201241939.txt: 'timestamp'
2026-01-14 02:12:45 - WARNING - تخطي صف 798 في data/input_ft2\130600112764_202201241939.txt: 'timestamp'
2026-01-14 02:12:45 - WARNING - تخطي صف 799 في data/input_ft2\130600112764_202201241939.txt: 'timestamp'
2026-01-14 02:12:45 - WARNING - تخطي صف 800 في data/input_ft2\130600112764_202201241939.txt: 'timestamp'
2026-01-14 02:12:45 - WARNING - تخطي صف 801 في data/input_ft2\130600112764_202201241939.txt: 'timestamp'
2026-01-14 02:12:45 - WARNING - تخطي صف 802 في data/input_ft2\130600112764_202201241939.txt: 'timestamp'
2026-01-14 02:12:45 - WARNING - تخطي صف 803 في data/input_ft2\130600112764_202201241939.txt: 'timestamp'
2026-01-14 02:12:45 - WARNING - تخطي صف 804 في data/input_ft2\130600112764_202201241939.txt: 'timestamp'
2026-01-14 02:12:45 - WARNING - تخطي صف 805 في data/input_ft2\130600112764_202201241939.txt: 'timestamp'
2026-01-14 02:12:45 - WARNING - تخطي صف 806 في data/input_ft2\130600112764_202201241939.txt: 'timestamp'
2026-01-14 02:12:45 - WARNING - تخطي صف 807 في data/input_ft2\130600112764_202201241939.txt: 'timestamp'
2026-01-14 02:12:45 - WARNING - تخطي صف 808 في data/input_ft2\130600112764_202201241939.txt: 'timestamp'
2026-01-14 02:12:45 - WARNING - تخطي صف 809 في data/input_ft2\130600112764_202201241939.txt: 'timestamp'
2026-01-14 02:12:45 - WARNING - تخطي صف 810 في data/input_ft2\130600112764_202201241939.txt: 'timestamp'
2026-01-14 02:12:45 - WARNING - تخطي صف 811 في data/input_ft2\130600112764_202201241939.txt: 'timestamp'
2026-01-14 02:12:45 - WARNING - تخطي صف 812 في data/input_ft2\130600112764_202201241939.txt: 'timestamp'
2026-01-14 02:12:45 - WARNING - تخطي صف 813 في data/input_ft2\130600112764_202201241939.txt: 'timestamp'
2026-01-14 02:12:45 - WARNING - تخطي صف 814 في data/input_ft2\130600112764_202201241939.txt: 'timestamp'
2026-01-14 02:12:45 - WARNING - تخطي صف 815 في data/input_ft2\130600112764_202201241939.txt: 'timestamp'
2026-01-14 02:12:45 - WARNING - تخطي صف 816 في data/input_ft2\130600112764_202201241939.txt: 'timestamp'
2026-01-14 02:12:45 - WARNING - تخطي صف 817 في data/input_ft2\130600112764_202201241939.txt: 'timestamp'
2026-01-14 02:12:46 - WARNING - تخطي صف 818 في data/input_ft2\130600112764_202201241939.txt: 'timestamp'
2026-01-14 02:12:46 - WARNING - تخطي صف 819 في data/input_ft2\130600112764_202201241939.txt: 'timestamp'
2026-01-14 02:12:46 - WARNING - تخطي صف 820 في data/input_ft2\130600112764_202201241939.txt: 'timestamp'
2026-01-14 02:12:46 - WARNING - تخطي صف 821 في data/input_ft2\130600112764_202201241939.txt: 'timestamp'
2026-01-14 02:12:46 - INFO - تم تحويل data/input_ft2\130600112764_202201241939.txt إلى data/input_ft2\130600112764_202201241939.txt (821 صف)
2026-01-14 02:12:46 - WARNING - تخطي صف 1 في data/input_ft2\130600112765.tsv: 'timestamp'
2026-01-14 02:12:46 - WARNING - تخطي صف 2 في data/input_ft2\130600112765.tsv: 'timestamp'
2026-01-14 02:12:46 - INFO - تم تحويل data/input_ft2\130600112765.tsv إلى data/input_ft2\130600112765.txt (2 صف)
2026-01-14 02:12:46 - WARNING - تخطي صف 1 في data/input_ft2\130600112766.tsv: 'timestamp'
2026-01-14 02:12:46 - INFO - تم تحويل data/input_ft2\130600112766.tsv إلى data/input_ft2\130600112766.txt (1 صف)
2026-01-14 02:12:46 - WARNING - تخطي صف 1 في data/input_ft2\130600112767.tsv: 'timestamp'
2026-01-14 02:12:46 - INFO - تم تحويل data/input_ft2\130600112767.tsv إلى data/input_ft2\130600112767.txt (1 صف)
2026-01-14 02:12:46 - INFO - تم تحويل 5 ملف إلى تنسيق FT2
2026-01-14 02:12:46 - INFO - 📁 وجد 5 ملف للمعالجة في data/input_ft2
2026-01-14 02:12:46 - INFO - 🔍 معالجة الملف (نظام قديم): 130600112764.txt
2026-01-14 02:12:46 - INFO - تم استخراج 0 سجل يومي من data/input_ft2\130600112764.txt
2026-01-14 02:12:46 - WARNING - لم يتم العثور على بيانات في الملف: data/input_ft2\130600112764.txt
2026-01-14 02:12:46 - INFO - 🔍 معالجة الملف (نظام قديم): 130600112764_202201241939.txt
2026-01-14 02:12:46 - INFO - تم استخراج 0 سجل يومي من data/input_ft2\130600112764_202201241939.txt
2026-01-14 02:12:46 - WARNING - لم يتم العثور على بيانات في الملف: data/input_ft2\130600112764_202201241939.txt
2026-01-14 02:12:46 - INFO - 🔍 معالجة الملف (نظام قديم): 130600112765.txt
2026-01-14 02:12:46 - INFO - تم استخراج 0 سجل يومي من data/input_ft2\130600112765.txt
2026-01-14 02:12:46 - WARNING - لم يتم العثور على بيانات في الملف: data/input_ft2\130600112765.txt
2026-01-14 02:12:46 - INFO - 🔍 معالجة الملف (نظام قديم): 130600112766.txt
2026-01-14 02:12:46 - INFO - تم استخراج 0 سجل يومي من data/input_ft2\130600112766.txt
2026-01-14 02:12:46 - WARNING - لم يتم العثور على بيانات في الملف: data/input_ft2\130600112766.txt
2026-01-14 02:12:46 - INFO - 🔍 معالجة الملف (نظام قديم): 130600112767.txt
2026-01-14 02:12:46 - INFO - تم استخراج 0 سجل يومي من data/input_ft2\130600112767.txt
2026-01-14 02:12:46 - WARNING - لم يتم العثور على بيانات في الملف: data/input_ft2\130600112767.txt
2026-01-14 02:12:46 - INFO - 📊 إنشاء التقارير...
2026-01-14 02:12:46 - INFO - ✅ تم إنشاء تقرير المراكز: data/output\centers_report.tsv
2026-01-14 02:12:46 - INFO - 🏁 اكتمل خط المعالجة. انظر data/output للنتائج
2026-01-14 02:21:09 - INFO - 🚀 بدء تشغيل خط معالجة FT2
2026-01-14 02:21:09 - INFO - تم تحميل YAML من: config/center_profiles.yaml
2026-01-14 02:21:09 - INFO - تم تحميل 3 مركز تطعيم
2026-01-14 02:21:09 - INFO - 🔄 تحويل الملفات الخام إلى تنسيق FT2 (Legacy)
2026-01-14 02:21:09 - WARNING - تخطي صف 1 في data/input_ft2\130600112764.tsv: 'timestamp'
2026-01-14 02:21:09 - WARNING - تخطي صف 2 في data/input_ft2\130600112764.tsv: 'timestamp'
2026-01-14 02:21:09 - INFO - تم تحويل data/input_ft2\130600112764.tsv إلى data/input_ft2\130600112764.txt (2 صف)
2026-01-14 02:21:09 - WARNING - تخطي صف 1 في data/input_ft2\130600112765.tsv: 'timestamp'
2026-01-14 02:21:09 - WARNING - تخطي صف 2 في data/input_ft2\130600112765.tsv: 'timestamp'
2026-01-14 02:21:09 - INFO - تم تحويل data/input_ft2\130600112765.tsv إلى data/input_ft2\130600112765.txt (2 صف)
2026-01-14 02:21:09 - WARNING - تخطي صف 1 في data/input_ft2\130600112766.tsv: 'timestamp'
2026-01-14 02:21:09 - INFO - تم تحويل data/input_ft2\130600112766.tsv إلى data/input_ft2\130600112766.txt (1 صف)
2026-01-14 02:21:09 - WARNING - تخطي صف 1 في data/input_ft2\130600112767.tsv: 'timestamp'
2026-01-14 02:21:09 - INFO - تم تحويل data/input_ft2\130600112767.tsv إلى data/input_ft2\130600112767.txt (1 صف)
2026-01-14 02:21:09 - INFO - تم تحويل 4 ملف إلى تنسيق FT2
2026-01-14 02:21:09 - INFO - 📁 وجد 5 ملف للمعالجة في data/input_ft2
2026-01-14 02:21:09 - INFO - 🔍 معالجة الملف (نظام قديم): 130600112764.txt
2026-01-14 02:21:09 - INFO - تم استخراج 0 سجل يومي من data/input_ft2\130600112764.txt
2026-01-14 02:21:09 - WARNING - لم يتم العثور على بيانات في الملف: data/input_ft2\130600112764.txt
2026-01-14 02:21:09 - INFO - 🔍 معالجة الملف (نظام قديم): 130600112764_202201241939.txt
2026-01-14 02:21:09 - INFO - تم استخراج 60 سجل يومي من data/input_ft2\130600112764_202201241939.txt
2026-01-14 02:21:09 - INFO - تم ربط 120 إدخال بـ 3 مركز
2026-01-14 02:21:09 - INFO - ✅ تمت معالجة: 130600112764_202201241939.txt
2026-01-14 02:21:09 - INFO - 🔍 معالجة الملف (نظام قديم): 130600112765.txt
2026-01-14 02:21:09 - INFO - تم استخراج 0 سجل يومي من data/input_ft2\130600112765.txt
2026-01-14 02:21:09 - WARNING - لم يتم العثور على بيانات في الملف: data/input_ft2\130600112765.txt
2026-01-14 02:21:09 - INFO - 🔍 معالجة الملف (نظام قديم): 130600112766.txt
2026-01-14 02:21:09 - INFO - تم استخراج 0 سجل يومي من data/input_ft2\130600112766.txt
2026-01-14 02:21:09 - WARNING - لم يتم العثور على بيانات في الملف: data/input_ft2\130600112766.txt
2026-01-14 02:21:09 - INFO - 🔍 معالجة الملف (نظام قديم): 130600112767.txt
2026-01-14 02:21:09 - INFO - تم استخراج 0 سجل يومي من data/input_ft2\130600112767.txt
2026-01-14 02:21:09 - WARNING - لم يتم العثور على بيانات في الملف: data/input_ft2\130600112767.txt
2026-01-14 02:21:09 - INFO - 📊 إنشاء التقارير...
2026-01-14 02:21:09 - INFO - ✅ تم إنشاء تقرير المراكز: data/output\centers_report.tsv
2026-01-14 02:21:09 - INFO - 🏁 اكتمل خط المعالجة. انظر data/output للنتائج
2026-01-14 02:34:41 - INFO - 🚀 بدء تشغيل خط معالجة FT2
2026-01-14 02:34:41 - INFO - تم تحميل YAML من: config/center_profiles.yaml
2026-01-14 02:34:41 - INFO - تم تحميل 3 مركز تطعيم
2026-01-14 02:34:41 - WARNING - ⚠️ لم يتم العثور على ملفات للمعالجة في: data/input_raw
2026-01-14 02:36:02 - INFO - 🚀 بدء تشغيل خط معالجة FT2
2026-01-14 02:36:02 - INFO - تم تحميل YAML من: config/center_profiles.yaml
2026-01-14 02:36:02 - INFO - تم تحميل 3 مركز تطعيم
2026-01-14 02:36:02 - WARNING - ⚠️ لم يتم العثور على ملفات للمعالجة في: data/input_raw
2026-01-14 02:37:45 - INFO - 🚀 بدء تشغيل خط معالجة FT2
2026-01-14 02:37:45 - INFO - تم تحميل YAML من: config/center_profiles.yaml
2026-01-14 02:37:45 - INFO - تم تحميل 3 مركز تطعيم
2026-01-14 02:37:45 - INFO - 🔄 تحويل الملفات الخام إلى تنسيق FT2 (Legacy)
2026-01-14 02:37:45 - WARNING - تخطي صف 1 في data/input_ft2\130600112764.tsv: 'timestamp'
2026-01-14 02:37:45 - WARNING - تخطي صف 2 في data/input_ft2\130600112764.tsv: 'timestamp'
2026-01-14 02:37:45 - INFO - تم تحويل data/input_ft2\130600112764.tsv إلى data/input_ft2\130600112764.txt (2 صف)
2026-01-14 02:37:45 - WARNING - تخطي صف 1 في data/input_ft2\130600112765.tsv: 'timestamp'
2026-01-14 02:37:45 - WARNING - تخطي صف 2 في data/input_ft2\130600112765.tsv: 'timestamp'
2026-01-14 02:37:46 - INFO - تم تحويل data/input_ft2\130600112765.tsv إلى data/input_ft2\130600112765.txt (2 صف)
2026-01-14 02:37:46 - WARNING - تخطي صف 1 في data/input_ft2\130600112766.tsv: 'timestamp'
2026-01-14 02:37:46 - INFO - تم تحويل data/input_ft2\130600112766.tsv إلى data/input_ft2\130600112766.txt (1 صف)
2026-01-14 02:37:46 - WARNING - تخطي صف 1 في data/input_ft2\130600112767.tsv: 'timestamp'
2026-01-14 02:37:46 - INFO - تم تحويل data/input_ft2\130600112767.tsv إلى data/input_ft2\130600112767.txt (1 صف)
2026-01-14 02:37:46 - INFO - تم تحويل 4 ملف إلى تنسيق FT2
2026-01-14 02:37:46 - INFO - 📁 وجد 5 ملف للمعالجة في data/input_ft2
2026-01-14 02:37:46 - INFO - 🔍 معالجة الملف (نظام قديم): 130600112764.txt
2026-01-14 02:37:46 - INFO - تم استخراج 0 سجل يومي من data/input_ft2\130600112764.txt
2026-01-14 02:37:46 - WARNING - لم يتم العثور على بيانات في الملف: data/input_ft2\130600112764.txt
2026-01-14 02:37:46 - INFO - 🔍 معالجة الملف (نظام قديم): 130600112764_202201241939.txt
2026-01-14 02:37:46 - INFO - تم استخراج 60 سجل يومي من data/input_ft2\130600112764_202201241939.txt
2026-01-14 02:37:46 - INFO - تم ربط 120 إدخال بـ 3 مركز
2026-01-14 02:37:46 - INFO - ✅ تمت معالجة: 130600112764_202201241939.txt
2026-01-14 02:37:46 - INFO - 🔍 معالجة الملف (نظام قديم): 130600112765.txt
2026-01-14 02:37:46 - INFO - تم استخراج 0 سجل يومي من data/input_ft2\130600112765.txt
2026-01-14 02:37:46 - WARNING - لم يتم العثور على بيانات في الملف: data/input_ft2\130600112765.txt
2026-01-14 02:37:46 - INFO - 🔍 معالجة الملف (نظام قديم): 130600112766.txt
2026-01-14 02:37:46 - INFO - تم استخراج 0 سجل يومي من data/input_ft2\130600112766.txt
2026-01-14 02:37:46 - WARNING - لم يتم العثور على بيانات في الملف: data/input_ft2\130600112766.txt
2026-01-14 02:37:46 - INFO - 🔍 معالجة الملف (نظام قديم): 130600112767.txt
2026-01-14 02:37:46 - INFO - تم استخراج 0 سجل يومي من data/input_ft2\130600112767.txt
2026-01-14 02:37:46 - WARNING - لم يتم العثور على بيانات في الملف: data/input_ft2\130600112767.txt
2026-01-14 02:37:46 - INFO - 📊 إنشاء التقارير...
2026-01-14 02:37:46 - INFO - ✅ تم إنشاء تقرير المراكز: data/output\centers_report.tsv
2026-01-14 02:37:46 - INFO - 🏁 اكتمل خط المعالجة. انظر data/output للنتائج
2026-01-14 02:39:29 - INFO - 🚀 بدء تشغيل خط معالجة FT2
2026-01-14 02:39:29 - INFO - تم تحميل YAML من: config/center_profiles.yaml
2026-01-14 02:39:29 - INFO - تم تحميل 3 مركز تطعيم
2026-01-14 02:39:29 - WARNING - ⚠️ لم يتم العثور على ملفات للمعالجة في: data/input_raw
2026-01-14 02:39:46 - INFO - 🚀 بدء تشغيل خط معالجة FT2
2026-01-14 02:39:46 - INFO - تم تحميل YAML من: config/center_profiles.yaml
2026-01-14 02:39:46 - INFO - تم تحميل 3 مركز تطعيم
2026-01-14 02:39:46 - INFO - 🔄 تحويل الملفات الخام إلى تنسيق FT2 (Legacy)
2026-01-14 02:39:46 - WARNING - تخطي صف 1 في data/input_ft2\130600112764.tsv: 'timestamp'
2026-01-14 02:39:46 - WARNING - تخطي صف 2 في data/input_ft2\130600112764.tsv: 'timestamp'
2026-01-14 02:39:46 - INFO - تم تحويل data/input_ft2\130600112764.tsv إلى data/input_ft2\130600112764.txt (2 صف)
2026-01-14 02:39:46 - WARNING - تخطي صف 1 في data/input_ft2\130600112765.tsv: 'timestamp'
2026-01-14 02:39:46 - WARNING - تخطي صف 2 في data/input_ft2\130600112765.tsv: 'timestamp'
2026-01-14 02:39:46 - INFO - تم تحويل data/input_ft2\130600112765.tsv إلى data/input_ft2\130600112765.txt (2 صف)
2026-01-14 02:39:46 - WARNING - تخطي صف 1 في data/input_ft2\130600112766.tsv: 'timestamp'
2026-01-14 02:39:46 - INFO - تم تحويل data/input_ft2\130600112766.tsv إلى data/input_ft2\130600112766.txt (1 صف)
2026-01-14 02:39:46 - WARNING - تخطي صف 1 في data/input_ft2\130600112767.tsv: 'timestamp'
2026-01-14 02:39:46 - INFO - تم تحويل data/input_ft2\130600112767.tsv إلى data/input_ft2\130600112767.txt (1 صف)
2026-01-14 02:39:46 - INFO - تم تحويل 4 ملف إلى تنسيق FT2
2026-01-14 02:39:46 - INFO - 📁 وجد 5 ملف للمعالجة في data/input_ft2
2026-01-14 02:39:46 - INFO - 🔍 معالجة الملف (نظام قديم): 130600112764.txt
2026-01-14 02:39:46 - INFO - تم استخراج 0 سجل يومي من data/input_ft2\130600112764.txt
2026-01-14 02:39:46 - WARNING - لم يتم العثور على بيانات في الملف: data/input_ft2\130600112764.txt
2026-01-14 02:39:46 - INFO - 🔍 معالجة الملف (نظام قديم): 130600112764_202201241939.txt
2026-01-14 02:39:46 - INFO - تم استخراج 60 سجل يومي من data/input_ft2\130600112764_202201241939.txt
2026-01-14 02:39:46 - INFO - تم ربط 120 إدخال بـ 3 مركز
2026-01-14 02:39:46 - INFO - ✅ تمت معالجة: 130600112764_202201241939.txt
2026-01-14 02:39:46 - INFO - 🔍 معالجة الملف (نظام قديم): 130600112765.txt
2026-01-14 02:39:46 - INFO - تم استخراج 0 سجل يومي من data/input_ft2\130600112765.txt
2026-01-14 02:39:46 - WARNING - لم يتم العثور على بيانات في الملف: data/input_ft2\130600112765.txt
2026-01-14 02:39:46 - INFO - 🔍 معالجة الملف (نظام قديم): 130600112766.txt
2026-01-14 02:39:46 - INFO - تم استخراج 0 سجل يومي من data/input_ft2\130600112766.txt
2026-01-14 02:39:46 - WARNING - لم يتم العثور على بيانات في الملف: data/input_ft2\130600112766.txt
2026-01-14 02:39:46 - INFO - 🔍 معالجة الملف (نظام قديم): 130600112767.txt
2026-01-14 02:39:46 - INFO - تم استخراج 0 سجل يومي من data/input_ft2\130600112767.txt
2026-01-14 02:39:46 - WARNING - لم يتم العثور على بيانات في الملف: data/input_ft2\130600112767.txt
2026-01-14 02:39:46 - INFO - 📊 إنشاء التقارير...
2026-01-14 02:39:46 - INFO - ✅ تم إنشاء تقرير المراكز: data/output\centers_report.tsv
2026-01-14 02:39:46 - INFO - 🏁 اكتمل خط المعالجة. انظر data/output للنتائج
2026-01-14 02:40:30 - INFO - 🚀 بدء تشغيل خط معالجة FT2
2026-01-14 02:40:30 - INFO - تم تحميل YAML من: config/center_profiles.yaml
2026-01-14 02:40:30 - INFO - تم تحميل 3 مركز تطعيم
2026-01-14 02:40:30 - WARNING - ⚠️ لم يتم العثور على ملفات للمعالجة في: data/input_raw
2026-01-14 02:43:44 - INFO - 🚀 بدء تشغيل خط معالجة FT2
2026-01-14 02:43:44 - INFO - تم تحميل YAML من: config/center_profiles.yaml
2026-01-14 02:43:44 - INFO - تم تحميل 3 مركز تطعيم
2026-01-14 02:43:44 - WARNING - ⚠️ لم يتم العثور على ملفات للمعالجة في: data/input_raw
2026-01-14 02:43:44 - INFO - 💡 تلميح: تم العثور على ملفات نصية في data/input_ft2. جرب التشغيل مع خيار --legacy
2026-01-14 02:58:13 - INFO - 🚀 بدء تشغيل خط معالجة FT2
2026-01-14 02:58:13 - INFO - تم تحميل YAML من: config/center_profiles.yaml
2026-01-14 02:58:13 - INFO - تم تحميل 3 مركز تطعيم
2026-01-14 02:58:13 - INFO - 🔄 تحويل الملفات الخام إلى تنسيق FT2 (Legacy)
2026-01-14 02:58:13 - WARNING - تخطي صف 1 في data/input_ft2\130600112764.tsv: 'timestamp'
2026-01-14 02:58:13 - WARNING - تخطي صف 2 في data/input_ft2\130600112764.tsv: 'timestamp'
2026-01-14 02:58:13 - INFO - تم تحويل data/input_ft2\130600112764.tsv إلى data/input_ft2\130600112764.txt (2 صف)
2026-01-14 02:58:13 - WARNING - تخطي صف 1 في data/input_ft2\130600112765.tsv: 'timestamp'
2026-01-14 02:58:13 - WARNING - تخطي صف 2 في data/input_ft2\130600112765.tsv: 'timestamp'
2026-01-14 02:58:13 - INFO - تم تحويل data/input_ft2\130600112765.tsv إلى data/input_ft2\130600112765.txt (2 صف)
2026-01-14 02:58:13 - WARNING - تخطي صف 1 في data/input_ft2\130600112766.tsv: 'timestamp'
2026-01-14 02:58:13 - INFO - تم تحويل data/input_ft2\130600112766.tsv إلى data/input_ft2\130600112766.txt (1 صف)
2026-01-14 02:58:13 - WARNING - تخطي صف 1 في data/input_ft2\130600112767.tsv: 'timestamp'
2026-01-14 02:58:13 - INFO - تم تحويل data/input_ft2\130600112767.tsv إلى data/input_ft2\130600112767.txt (1 صف)
2026-01-14 02:58:13 - INFO - تم تحويل 4 ملف إلى تنسيق FT2
2026-01-14 02:58:13 - INFO - 📁 وجد 5 ملف للمعالجة في data/input_ft2
2026-01-14 02:58:13 - INFO - 🔍 معالجة الملف (نظام قديم): 130600112764.txt
2026-01-14 02:58:13 - INFO - تم استخراج 0 سجل يومي من data/input_ft2\130600112764.txt
2026-01-14 02:58:13 - WARNING - لم يتم العثور على بيانات في الملف: data/input_ft2\130600112764.txt
2026-01-14 02:58:13 - INFO - 🔍 معالجة الملف (نظام قديم): 130600112764_202201241939.txt
2026-01-14 02:58:13 - INFO - تم استخراج 60 سجل يومي من data/input_ft2\130600112764_202201241939.txt
2026-01-14 02:58:13 - INFO - تم ربط 120 إدخال بـ 3 مركز
2026-01-14 02:58:13 - INFO - ✅ تمت معالجة: 130600112764_202201241939.txt
2026-01-14 02:58:13 - INFO - 🔍 معالجة الملف (نظام قديم): 130600112765.txt
2026-01-14 02:58:13 - INFO - تم استخراج 0 سجل يومي من data/input_ft2\130600112765.txt
2026-01-14 02:58:13 - WARNING - لم يتم العثور على بيانات في الملف: data/input_ft2\130600112765.txt
2026-01-14 02:58:13 - INFO - 🔍 معالجة الملف (نظام قديم): 130600112766.txt
2026-01-14 02:58:13 - INFO - تم استخراج 0 سجل يومي من data/input_ft2\130600112766.txt
2026-01-14 02:58:13 - WARNING - لم يتم العثور على بيانات في الملف: data/input_ft2\130600112766.txt
2026-01-14 02:58:13 - INFO - 🔍 معالجة الملف (نظام قديم): 130600112767.txt
2026-01-14 02:58:13 - INFO - تم استخراج 0 سجل يومي من data/input_ft2\130600112767.txt
2026-01-14 02:58:13 - WARNING - لم يتم العثور على بيانات في الملف: data/input_ft2\130600112767.txt
2026-01-14 02:58:13 - INFO - 📊 إنشاء التقارير...
2026-01-14 02:58:13 - INFO - ✅ تم إنشاء تقرير المراكز: data/output\centers_report.tsv
2026-01-14 02:58:13 - INFO - 🏁 اكتمل خط المعالجة. انظر data/output للنتائج
2026-01-14 21:24:41 - INFO - 🚀 بدء تشغيل خط معالجة FT2
2026-01-14 21:24:41 - INFO - تم تحميل YAML من: config/center_profiles.yaml
2026-01-14 21:24:41 - CRITICAL - ❌ خطأ حرج في تحميل تكوين المراكز: VaccinationCenter.__init__() got an unexpected keyword argument 'id'
2026-01-14 21:24:41 - ERROR - ❌ خطأ غير متوقع: فشل تحميل تكوين المراكز. تم إيقاف التشغيل لسلامة البيانات.
2026-01-14 21:28:00 - INFO - 🚀 بدء تشغيل خط معالجة FT2
2026-01-14 21:28:00 - INFO - تم تحميل YAML من: config/center_profiles.yaml
2026-01-14 21:28:00 - INFO - تم تحميل 3 مركز تطعيم
2026-01-14 21:28:00 - INFO - 🔄 تحويل الملفات الخام إلى تنسيق FT2 (Legacy)
2026-01-14 21:28:00 - WARNING - تخطي صف 1 في data/input_ft2\130600112764.tsv: 'timestamp'
2026-01-14 21:28:00 - WARNING - تخطي صف 2 في data/input_ft2\130600112764.tsv: 'timestamp'
2026-01-14 21:28:00 - INFO - تم تحويل data/input_ft2\130600112764.tsv إلى data/input_ft2\130600112764.txt (2 صف)
2026-01-14 21:28:00 - WARNING - تخطي صف 1 في data/input_ft2\130600112765.tsv: 'timestamp'
2026-01-14 21:28:00 - WARNING - تخطي صف 2 في data/input_ft2\130600112765.tsv: 'timestamp'
2026-01-14 21:28:00 - INFO - تم تحويل data/input_ft2\130600112765.tsv إلى data/input_ft2\130600112765.txt (2 صف)
2026-01-14 21:28:00 - WARNING - تخطي صف 1 في data/input_ft2\130600112766.tsv: 'timestamp'
2026-01-14 21:28:00 - INFO - تم تحويل data/input_ft2\130600112766.tsv إلى data/input_ft2\130600112766.txt (1 صف)
2026-01-14 21:28:00 - WARNING - تخطي صف 1 في data/input_ft2\130600112767.tsv: 'timestamp'
2026-01-14 21:28:00 - INFO - تم تحويل data/input_ft2\130600112767.tsv إلى data/input_ft2\130600112767.txt (1 صف)
2026-01-14 21:28:00 - INFO - تم تحويل 4 ملف إلى تنسيق FT2
2026-01-14 21:28:00 - INFO - 📁 وجد 5 ملف للمعالجة في data/input_ft2
2026-01-14 21:28:00 - INFO - 🔍 معالجة الملف (نظام قديم): 130600112764.txt
2026-01-14 21:28:00 - INFO - تم استخراج 0 سجل يومي من data/input_ft2\130600112764.txt
2026-01-14 21:28:00 - WARNING - لم يتم العثور على بيانات في الملف: data/input_ft2\130600112764.txt
2026-01-14 21:28:00 - INFO - 🔍 معالجة الملف (نظام قديم): 130600112764_202201241939.txt
2026-01-14 21:28:00 - INFO - تم استخراج 60 سجل يومي من data/input_ft2\130600112764_202201241939.txt
2026-01-14 21:28:00 - ERROR - ❌ خطأ في معالجة الملف data/input_ft2\130600112764_202201241939.txt: type object 'FT2Linker' has no attribute 'link'
2026-01-14 21:28:00 - INFO - 🔍 معالجة الملف (نظام قديم): 130600112765.txt
2026-01-14 21:28:00 - INFO - تم استخراج 0 سجل يومي من data/input_ft2\130600112765.txt
2026-01-14 21:28:00 - WARNING - لم يتم العثور على بيانات في الملف: data/input_ft2\130600112765.txt
2026-01-14 21:28:00 - INFO - 🔍 معالجة الملف (نظام قديم): 130600112766.txt
2026-01-14 21:28:00 - INFO - تم استخراج 0 سجل يومي من data/input_ft2\130600112766.txt
2026-01-14 21:28:00 - WARNING - لم يتم العثور على بيانات في الملف: data/input_ft2\130600112766.txt
2026-01-14 21:28:00 - INFO - 🔍 معالجة الملف (نظام قديم): 130600112767.txt
2026-01-14 21:28:00 - INFO - تم استخراج 0 سجل يومي من data/input_ft2\130600112767.txt
2026-01-14 21:28:00 - WARNING - لم يتم العثور على بيانات في الملف: data/input_ft2\130600112767.txt
2026-01-14 21:28:00 - INFO - 📊 إنشاء التقارير...
2026-01-14 21:28:00 - INFO - ✅ تم إنشاء تقرير المراكز: data/output\centers_report.tsv
2026-01-14 21:28:00 - INFO - 🏁 اكتمل خط المعالجة. انظر data/output للنتائج
2026-01-14 21:30:47 - INFO - 🚀 بدء تشغيل خط معالجة FT2
2026-01-14 21:30:47 - INFO - تم تحميل YAML من: config/center_profiles.yaml
2026-01-14 21:30:47 - INFO - تم تحميل 3 مركز تطعيم
2026-01-14 21:30:47 - INFO - 🔄 تحويل الملفات الخام إلى تنسيق FT2 (Legacy)
2026-01-14 21:30:47 - WARNING - تخطي صف 1 في data/input_ft2\130600112764.tsv: Invalid isoformat string: ''
2026-01-14 21:30:47 - WARNING - تخطي صف 2 في data/input_ft2\130600112764.tsv: Invalid isoformat string: ''
2026-01-14 21:30:47 - INFO - تم تحويل data/input_ft2\130600112764.tsv إلى data/input_ft2\130600112764.txt (2 صف)
2026-01-14 21:30:47 - WARNING - تخطي صف 1 في data/input_ft2\130600112765.tsv: Invalid isoformat string: ''
2026-01-14 21:30:47 - WARNING - تخطي صف 2 في data/input_ft2\130600112765.tsv: Invalid isoformat string: ''
2026-01-14 21:30:47 - INFO - تم تحويل data/input_ft2\130600112765.tsv إلى data/input_ft2\130600112765.txt (2 صف)
2026-01-14 21:30:47 - WARNING - تخطي صف 1 في data/input_ft2\130600112766.tsv: Invalid isoformat string: ''
2026-01-14 21:30:47 - INFO - تم تحويل data/input_ft2\130600112766.tsv إلى data/input_ft2\130600112766.txt (1 صف)
2026-01-14 21:30:47 - WARNING - تخطي صف 1 في data/input_ft2\130600112767.tsv: Invalid isoformat string: ''
2026-01-14 21:30:47 - INFO - تم تحويل data/input_ft2\130600112767.tsv إلى data/input_ft2\130600112767.txt (1 صف)
2026-01-14 21:30:47 - INFO - تم تحويل 4 ملف إلى تنسيق FT2
2026-01-14 21:30:47 - INFO - 📁 وجد 5 ملف للمعالجة في data/input_ft2
2026-01-14 21:30:47 - INFO - 🔍 معالجة الملف (نظام قديم): 130600112764.txt
2026-01-14 21:30:47 - INFO - تم استخراج 0 سجل يومي من data/input_ft2\130600112764.txt
2026-01-14 21:30:47 - WARNING - لم يتم العثور على بيانات في الملف: data/input_ft2\130600112764.txt
2026-01-14 21:30:47 - INFO - 🔍 معالجة الملف (نظام قديم): 130600112764_202201241939.txt
2026-01-14 21:30:47 - INFO - تم استخراج 60 سجل يومي من data/input_ft2\130600112764_202201241939.txt
2026-01-14 21:30:47 - ERROR - ❌ خطأ في معالجة الملف data/input_ft2\130600112764_202201241939.txt: type object 'FT2Linker' has no attribute 'link'
2026-01-14 21:30:47 - INFO - 🔍 معالجة الملف (نظام قديم): 130600112765.txt
2026-01-14 21:30:47 - INFO - تم استخراج 0 سجل يومي من data/input_ft2\130600112765.txt
2026-01-14 21:30:47 - WARNING - لم يتم العثور على بيانات في الملف: data/input_ft2\130600112765.txt
2026-01-14 21:30:47 - INFO - 🔍 معالجة الملف (نظام قديم): 130600112766.txt
2026-01-14 21:30:47 - INFO - تم استخراج 0 سجل يومي من data/input_ft2\130600112766.txt
2026-01-14 21:30:47 - WARNING - لم يتم العثور على بيانات في الملف: data/input_ft2\130600112766.txt
2026-01-14 21:30:47 - INFO - 🔍 معالجة الملف (نظام قديم): 130600112767.txt
2026-01-14 21:30:47 - INFO - تم استخراج 0 سجل يومي من data/input_ft2\130600112767.txt
2026-01-14 21:30:47 - WARNING - لم يتم العثور على بيانات في الملف: data/input_ft2\130600112767.txt
2026-01-14 21:30:47 - INFO - 📊 إنشاء التقارير...
2026-01-14 21:30:47 - INFO - ✅ تم إنشاء تقرير المراكز: data/output\centers_report.tsv
2026-01-14 21:30:47 - INFO - 🏁 اكتمل خط المعالجة. انظر data/output للنتائج
2026-01-14 21:32:25 - INFO - 🚀 بدء تشغيل خط معالجة FT2
2026-01-14 21:32:25 - INFO - تم تحميل YAML من: config/center_profiles.yaml
2026-01-14 21:32:25 - INFO - تم تحميل 3 مركز تطعيم
2026-01-14 21:32:25 - INFO - 🔄 تحويل الملفات الخام إلى تنسيق FT2 (Legacy)
2026-01-14 21:32:25 - WARNING - تخطي صف 1 في data/input_ft2\130600112764.tsv: حقل timestamp مفقود أو فارغ
2026-01-14 21:32:25 - WARNING - تخطي صف 2 في data/input_ft2\130600112764.tsv: حقل timestamp مفقود أو فارغ
2026-01-14 21:32:25 - INFO - تم تحويل data/input_ft2\130600112764.tsv إلى data/input_ft2\130600112764.txt (2 صف)
2026-01-14 21:32:25 - WARNING - تخطي صف 1 في data/input_ft2\130600112765.tsv: حقل timestamp مفقود أو فارغ
2026-01-14 21:32:25 - WARNING - تخطي صف 2 في data/input_ft2\130600112765.tsv: حقل timestamp مفقود أو فارغ
2026-01-14 21:32:25 - INFO - تم تحويل data/input_ft2\130600112765.tsv إلى data/input_ft2\130600112765.txt (2 صف)
2026-01-14 21:32:25 - WARNING - تخطي صف 1 في data/input_ft2\130600112766.tsv: حقل timestamp مفقود أو فارغ
2026-01-14 21:32:25 - INFO - تم تحويل data/input_ft2\130600112766.tsv إلى data/input_ft2\130600112766.txt (1 صف)
2026-01-14 21:32:25 - WARNING - تخطي صف 1 في data/input_ft2\130600112767.tsv: حقل timestamp مفقود أو فارغ
2026-01-14 21:32:25 - INFO - تم تحويل data/input_ft2\130600112767.tsv إلى data/input_ft2\130600112767.txt (1 صف)
2026-01-14 21:32:25 - INFO - تم تحويل 4 ملف إلى تنسيق FT2
2026-01-14 21:32:25 - INFO - 📁 وجد 5 ملف للمعالجة في data/input_ft2
2026-01-14 21:32:25 - INFO - 🔍 معالجة الملف (نظام قديم): 130600112764.txt
2026-01-14 21:32:25 - INFO - تم استخراج 0 سجل يومي من data/input_ft2\130600112764.txt
2026-01-14 21:32:25 - WARNING - لم يتم العثور على بيانات في الملف: data/input_ft2\130600112764.txt
2026-01-14 21:32:25 - INFO - 🔍 معالجة الملف (نظام قديم): 130600112764_202201241939.txt
2026-01-14 21:32:25 - INFO - تم استخراج 60 سجل يومي من data/input_ft2\130600112764_202201241939.txt
2026-01-14 21:32:25 - INFO - تم ربط 120 إدخال، تم تخطي 0
2026-01-14 21:32:25 - INFO - ✅ تمت معالجة: 130600112764_202201241939.txt
2026-01-14 21:32:25 - INFO - 🔍 معالجة الملف (نظام قديم): 130600112765.txt
2026-01-14 21:32:25 - INFO - تم استخراج 0 سجل يومي من data/input_ft2\130600112765.txt
2026-01-14 21:32:25 - WARNING - لم يتم العثور على بيانات في الملف: data/input_ft2\130600112765.txt
2026-01-14 21:32:25 - INFO - 🔍 معالجة الملف (نظام قديم): 130600112766.txt
2026-01-14 21:32:25 - INFO - تم استخراج 0 سجل يومي من data/input_ft2\130600112766.txt
2026-01-14 21:32:25 - WARNING - لم يتم العثور على بيانات في الملف: data/input_ft2\130600112766.txt
2026-01-14 21:32:25 - INFO - 🔍 معالجة الملف (نظام قديم): 130600112767.txt
2026-01-14 21:32:25 - INFO - تم استخراج 0 سجل يومي من data/input_ft2\130600112767.txt
2026-01-14 21:32:25 - WARNING - لم يتم العثور على بيانات في الملف: data/input_ft2\130600112767.txt
2026-01-14 21:32:25 - INFO - 📊 إنشاء التقارير...
2026-01-14 21:32:25 - INFO - ✅ تم إنشاء تقرير المراكز: data/output\centers_report.tsv
2026-01-14 21:32:25 - INFO - 🏁 اكتمل خط المعالجة. انظر data/output للنتائج
2026-01-14 21:45:42 - INFO - 🚀 بدء تشغيل خط معالجة FT2
2026-01-14 21:45:42 - INFO - تم تحميل YAML من: config/center_profiles.yaml
2026-01-14 21:45:42 - INFO - تم تحميل 3 مركز تطعيم
2026-01-14 21:45:42 - INFO - 🔄 تحويل الملفات الخام إلى تنسيق FT2 (Legacy)
2026-01-14 21:45:42 - WARNING - تخطي صف 1 في data/input_ft2\130600112764.tsv: حقل timestamp مفقود أو فارغ
2026-01-14 21:45:42 - WARNING - تخطي صف 2 في data/input_ft2\130600112764.tsv: حقل timestamp مفقود أو فارغ
2026-01-14 21:45:42 - INFO - تم تحويل data/input_ft2\130600112764.tsv إلى data/input_ft2\130600112764.txt (2 صف)
2026-01-14 21:45:42 - WARNING - تخطي صف 1 في data/input_ft2\130600112765.tsv: حقل timestamp مفقود أو فارغ
2026-01-14 21:45:42 - WARNING - تخطي صف 2 في data/input_ft2\130600112765.tsv: حقل timestamp مفقود أو فارغ
2026-01-14 21:45:42 - INFO - تم تحويل data/input_ft2\130600112765.tsv إلى data/input_ft2\130600112765.txt (2 صف)
2026-01-14 21:45:42 - WARNING - تخطي صف 1 في data/input_ft2\130600112766.tsv: حقل timestamp مفقود أو فارغ
2026-01-14 21:45:42 - INFO - تم تحويل data/input_ft2\130600112766.tsv إلى data/input_ft2\130600112766.txt (1 صف)
2026-01-14 21:45:42 - WARNING - تخطي صف 1 في data/input_ft2\130600112767.tsv: حقل timestamp مفقود أو فارغ
2026-01-14 21:45:42 - INFO - تم تحويل data/input_ft2\130600112767.tsv إلى data/input_ft2\130600112767.txt (1 صف)
2026-01-14 21:45:42 - INFO - تم تحويل 4 ملف إلى تنسيق FT2
2026-01-14 21:45:42 - INFO - 📁 وجد 5 ملف للمعالجة في data/input_ft2
2026-01-14 21:45:42 - INFO - 🔍 معالجة الملف (نظام قديم): 130600112764.txt
2026-01-14 21:45:42 - INFO - تم استخراج 0 سجل يومي من data/input_ft2\130600112764.txt
2026-01-14 21:45:42 - WARNING - لم يتم العثور على بيانات في الملف: data/input_ft2\130600112764.txt
2026-01-14 21:45:42 - INFO - 🔍 معالجة الملف (نظام قديم): 130600112764_202201241939.txt
2026-01-14 21:45:42 - INFO - تم استخراج 60 سجل يومي من data/input_ft2\130600112764_202201241939.txt
2026-01-14 21:45:42 - INFO - تم ربط 120 إدخال، تم تخطي 0
2026-01-14 21:45:42 - INFO - ✅ تمت معالجة: 130600112764_202201241939.txt
2026-01-14 21:45:42 - INFO - 🔍 معالجة الملف (نظام قديم): 130600112765.txt
2026-01-14 21:45:42 - INFO - تم استخراج 0 سجل يومي من data/input_ft2\130600112765.txt
2026-01-14 21:45:42 - WARNING - لم يتم العثور على بيانات في الملف: data/input_ft2\130600112765.txt
2026-01-14 21:45:42 - INFO - 🔍 معالجة الملف (نظام قديم): 130600112766.txt
2026-01-14 21:45:42 - INFO - تم استخراج 0 سجل يومي من data/input_ft2\130600112766.txt
2026-01-14 21:45:42 - WARNING - لم يتم العثور على بيانات في الملف: data/input_ft2\130600112766.txt
2026-01-14 21:45:42 - INFO - 🔍 معالجة الملف (نظام قديم): 130600112767.txt
2026-01-14 21:45:42 - INFO - تم استخراج 0 سجل يومي من data/input_ft2\130600112767.txt
2026-01-14 21:45:42 - WARNING - لم يتم العثور على بيانات في الملف: data/input_ft2\130600112767.txt
2026-01-14 21:45:42 - INFO - 📊 إنشاء التقارير...
2026-01-14 21:45:42 - INFO - ✅ تم إنشاء تقرير المراكز: data/output\centers_report.tsv
2026-01-14 21:45:42 - INFO - 🏁 اكتمل خط المعالجة. انظر data/output للنتائج
2026-01-14 21:56:18 - INFO - 🚀 بدء تشغيل خط معالجة FT2
2026-01-14 21:56:18 - INFO - تم تحميل YAML من: config/center_profiles.yaml
2026-01-14 21:56:18 - INFO - تم تحميل 3 مركز تطعيم
2026-01-14 21:56:18 - INFO - 🔄 تحويل الملفات الخام إلى تنسيق FT2 (Legacy)
2026-01-14 21:56:18 - INFO - تم تحويل 0 ملف إلى تنسيق FT2
2026-01-14 21:56:18 - INFO - 📁 وجد 5 ملف للمعالجة في data/input_ft2
2026-01-14 21:56:18 - INFO - 🔍 معالجة الملف (نظام قديم): 130600112764.txt
2026-01-14 21:56:18 - INFO - تم استخراج 0 سجل يومي من data/input_ft2\130600112764.txt
2026-01-14 21:56:18 - WARNING - لم يتم العثور على بيانات في الملف: data/input_ft2\130600112764.txt
2026-01-14 21:56:18 - INFO - 🔍 معالجة الملف (نظام قديم): 130600112764_202201241939.txt
2026-01-14 21:56:18 - INFO - تم استخراج 60 سجل يومي من data/input_ft2\130600112764_202201241939.txt
2026-01-14 21:56:18 - INFO - تم ربط 120 إدخال، تم تخطي 0
2026-01-14 21:56:18 - INFO - ✅ تمت معالجة: 130600112764_202201241939.txt
2026-01-14 21:56:18 - INFO - 🔍 معالجة الملف (نظام قديم): 130600112765.txt
2026-01-14 21:56:18 - INFO - تم استخراج 0 سجل يومي من data/input_ft2\130600112765.txt
2026-01-14 21:56:18 - WARNING - لم يتم العثور على بيانات في الملف: data/input_ft2\130600112765.txt
2026-01-14 21:56:18 - INFO - 🔍 معالجة الملف (نظام قديم): 130600112766.txt
2026-01-14 21:56:18 - INFO - تم استخراج 0 سجل يومي من data/input_ft2\130600112766.txt
2026-01-14 21:56:19 - WARNING - لم يتم العثور على بيانات في الملف: data/input_ft2\130600112766.txt
2026-01-14 21:56:19 - INFO - 🔍 معالجة الملف (نظام قديم): 130600112767.txt
2026-01-14 21:56:19 - INFO - تم استخراج 0 سجل يومي من data/input_ft2\130600112767.txt
2026-01-14 21:56:19 - WARNING - لم يتم العثور على بيانات في الملف: data/input_ft2\130600112767.txt
2026-01-14 21:56:19 - INFO - 📊 إنشاء التقارير...
2026-01-14 21:56:19 - INFO - ✅ تم إنشاء تقرير المراكز: data/output\centers_report.tsv
2026-01-14 21:56:19 - INFO - 🏁 اكتمل خط المعالجة. انظر data/output للنتائج
2026-01-14 22:00:49 - INFO - 🚀 بدء تشغيل خط معالجة FT2
2026-01-14 22:00:49 - INFO - تم تحميل YAML من: config/center_profiles.yaml
2026-01-14 22:00:49 - INFO - تم تحميل 3 مركز تطعيم
2026-01-14 22:00:49 - INFO - 🔄 تحويل الملفات الخام إلى تنسيق FT2 (Legacy)
2026-01-14 22:00:49 - WARNING - تخطي صف 1 في data/input_ft2\130600112764.tsv: حقل timestamp مفقود أو فارغ
2026-01-14 22:00:49 - WARNING - تخطي صف 2 في data/input_ft2\130600112764.tsv: حقل timestamp مفقود أو فارغ
2026-01-14 22:00:49 - INFO - تم تحويل data/input_ft2\130600112764.tsv إلى data/input_ft2\130600112764.txt (2 صف)
2026-01-14 22:00:49 - WARNING - تخطي صف 1 في data/input_ft2\130600112765.tsv: حقل timestamp مفقود أو فارغ
2026-01-14 22:00:49 - WARNING - تخطي صف 2 في data/input_ft2\130600112765.tsv: حقل timestamp مفقود أو فارغ
2026-01-14 22:00:49 - INFO - تم تحويل data/input_ft2\130600112765.tsv إلى data/input_ft2\130600112765.txt (2 صف)
2026-01-14 22:00:49 - WARNING - تخطي صف 1 في data/input_ft2\130600112766.tsv: حقل timestamp مفقود أو فارغ
2026-01-14 22:00:49 - INFO - تم تحويل data/input_ft2\130600112766.tsv إلى data/input_ft2\130600112766.txt (1 صف)
2026-01-14 22:00:49 - WARNING - تخطي صف 1 في data/input_ft2\130600112767.tsv: حقل timestamp مفقود أو فارغ
2026-01-14 22:00:49 - INFO - تم تحويل data/input_ft2\130600112767.tsv إلى data/input_ft2\130600112767.txt (1 صف)
2026-01-14 22:00:49 - INFO - تم تحويل 4 ملف إلى تنسيق FT2
2026-01-14 22:00:49 - INFO - 📁 وجد 5 ملف للمعالجة في data/input_ft2
2026-01-14 22:00:49 - INFO - 🔍 معالجة الملف (نظام قديم): 130600112764.txt
2026-01-14 22:00:49 - INFO - تم استخراج 0 سجل يومي من data/input_ft2\130600112764.txt
2026-01-14 22:00:49 - WARNING - لم يتم العثور على بيانات في الملف: data/input_ft2\130600112764.txt
2026-01-14 22:00:49 - INFO - 🔍 معالجة الملف (نظام قديم): 130600112764_202201241939.txt
2026-01-14 22:00:49 - INFO - تم استخراج 60 سجل يومي من data/input_ft2\130600112764_202201241939.txt
2026-01-14 22:00:49 - INFO - تم ربط 120 إدخال، تم تخطي 0
2026-01-14 22:00:49 - INFO - ✅ تمت معالجة: 130600112764_202201241939.txt
2026-01-14 22:00:49 - INFO - 🔍 معالجة الملف (نظام قديم): 130600112765.txt
2026-01-14 22:00:49 - INFO - تم استخراج 0 سجل يومي من data/input_ft2\130600112765.txt
2026-01-14 22:00:49 - WARNING - لم يتم العثور على بيانات في الملف: data/input_ft2\130600112765.txt
2026-01-14 22:00:49 - INFO - 🔍 معالجة الملف (نظام قديم): 130600112766.txt
2026-01-14 22:00:49 - INFO - تم استخراج 0 سجل يومي من data/input_ft2\130600112766.txt
2026-01-14 22:00:49 - WARNING - لم يتم العثور على بيانات في الملف: data/input_ft2\130600112766.txt
2026-01-14 22:00:49 - INFO - 🔍 معالجة الملف (نظام قديم): 130600112767.txt
2026-01-14 22:00:49 - INFO - تم استخراج 0 سجل يومي من data/input_ft2\130600112767.txt
2026-01-14 22:00:49 - WARNING - لم يتم العثور على بيانات في الملف: data/input_ft2\130600112767.txt
2026-01-14 22:00:49 - INFO - 📊 إنشاء التقارير...
2026-01-14 22:00:49 - INFO - ✅ تم إنشاء تقرير المراكز: data/output\centers_report.tsv
2026-01-14 22:00:49 - INFO - 🏁 اكتمل خط المعالجة. انظر data/output للنتائج
2026-01-14 22:01:54 - INFO - 🧪 جاري إنشاء بيانات اختبار...
2026-01-14 22:01:54 - INFO - 🚀 بدء تشغيل خط معالجة FT2
2026-01-14 22:01:54 - INFO - تم تحميل YAML من: config/center_profiles.yaml
2026-01-14 22:01:54 - INFO - تم تحميل 3 مركز تطعيم
2026-01-14 22:01:54 - INFO - 🔄 تحويل الملفات الخام إلى تنسيق FT2 (Legacy)
2026-01-14 22:01:54 - INFO - تم تحويل data/input_raw\freeze_clinic_130600112767.csv إلى data/input_ft2\freeze_clinic_130600112767.txt (96 صف)
2026-01-14 22:01:54 - INFO - تم تحويل data/input_raw\heat_mobile_130600112769.csv إلى data/input_ft2\heat_mobile_130600112769.txt (96 صف)
2026-01-14 22:01:54 - INFO - تم تحويل data/input_raw\safe_hospital_130600112764.csv إلى data/input_ft2\safe_hospital_130600112764.txt (96 صف)
2026-01-14 22:01:54 - INFO - تم تحويل 3 ملف إلى تنسيق FT2
2026-01-14 22:01:54 - INFO - 📁 وجد 4 ملف للمعالجة في data/input_ft2
2026-01-14 22:01:54 - INFO - 🔍 معالجة الملف (نظام قديم): 130600112764_202201241939.txt
2026-01-14 22:01:54 - INFO - تم استخراج 60 سجل يومي من data/input_ft2\130600112764_202201241939.txt
2026-01-14 22:01:54 - INFO - تم ربط 120 إدخال، تم تخطي 0
2026-01-14 22:01:54 - INFO - ✅ تمت معالجة: 130600112764_202201241939.txt
2026-01-14 22:01:54 - INFO - 🔍 معالجة الملف (نظام قديم): freeze_clinic_130600112767.txt
2026-01-14 22:01:54 - INFO - تم استخراج 96 سجل يومي من data/input_ft2\freeze_clinic_130600112767.txt
2026-01-14 22:01:54 - INFO - تم ربط 192 إدخال، تم تخطي 0
2026-01-14 22:01:54 - INFO - ✅ تمت معالجة: freeze_clinic_130600112767.txt
2026-01-14 22:01:54 - INFO - 🔍 معالجة الملف (نظام قديم): heat_mobile_130600112769.txt
2026-01-14 22:01:54 - INFO - تم استخراج 96 سجل يومي من data/input_ft2\heat_mobile_130600112769.txt
2026-01-14 22:01:54 - INFO - تم ربط 192 إدخال، تم تخطي 0
2026-01-14 22:01:54 - INFO - ✅ تمت معالجة: heat_mobile_130600112769.txt
2026-01-14 22:01:54 - INFO - 🔍 معالجة الملف (نظام قديم): safe_hospital_130600112764.txt
2026-01-14 22:01:54 - INFO - تم استخراج 96 سجل يومي من data/input_ft2\safe_hospital_130600112764.txt
2026-01-14 22:01:54 - INFO - تم ربط 192 إدخال، تم تخطي 0
2026-01-14 22:01:54 - INFO - ✅ تمت معالجة: safe_hospital_130600112764.txt
2026-01-14 22:01:54 - INFO - 📊 إنشاء التقارير...
2026-01-14 22:01:54 - INFO - ✅ تم إنشاء تقرير المراكز: data/output\centers_report.tsv
2026-01-14 22:01:54 - INFO - 🏁 اكتمل خط المعالجة. انظر data/output للنتائج
2026-01-14 22:06:11 - INFO - 🧪 جاري إنشاء بيانات اختبار...
2026-01-14 22:06:11 - INFO - 🚀 بدء تشغيل خط معالجة FT2
2026-01-14 22:06:11 - INFO - تم تحميل YAML من: config/center_profiles.yaml
2026-01-14 22:06:11 - INFO - تم تحميل 3 مركز تطعيم
2026-01-14 22:06:11 - INFO - 🔄 تحويل الملفات الخام إلى تنسيق FT2 (Legacy)
2026-01-14 22:06:11 - INFO - تم تحويل data/input_raw\freeze_clinic_130600112767.csv إلى data/input_ft2\freeze_clinic_130600112767.txt (96 صف)
2026-01-14 22:06:11 - INFO - تم تحويل data/input_raw\heat_mobile_130600112769.csv إلى data/input_ft2\heat_mobile_130600112769.txt (96 صف)
2026-01-14 22:06:11 - INFO - تم تحويل data/input_raw\safe_hospital_130600112764.csv إلى data/input_ft2\safe_hospital_130600112764.txt (96 صف)
2026-01-14 22:06:11 - INFO - تم تحويل 3 ملف إلى تنسيق FT2
2026-01-14 22:06:11 - INFO - 📁 وجد 4 ملف للمعالجة في data/input_ft2
2026-01-14 22:06:11 - INFO - 🔍 معالجة الملف (نظام قديم): 130600112764_202201241939.txt
2026-01-14 22:06:11 - INFO - تم استخراج 60 سجل يومي من data/input_ft2\130600112764_202201241939.txt
2026-01-14 22:06:11 - INFO - تم ربط 120 إدخال، تم تخطي 0
2026-01-14 22:06:11 - INFO - ✅ تمت معالجة: 130600112764_202201241939.txt
2026-01-14 22:06:11 - INFO - 🔍 معالجة الملف (نظام قديم): freeze_clinic_130600112767.txt
2026-01-14 22:06:11 - INFO - تم استخراج 96 سجل يومي من data/input_ft2\freeze_clinic_130600112767.txt
2026-01-14 22:06:11 - INFO - تم ربط 192 إدخال، تم تخطي 0
2026-01-14 22:06:11 - INFO - ✅ تمت معالجة: freeze_clinic_130600112767.txt
2026-01-14 22:06:11 - INFO - 🔍 معالجة الملف (نظام قديم): heat_mobile_130600112769.txt
2026-01-14 22:06:11 - INFO - تم استخراج 96 سجل يومي من data/input_ft2\heat_mobile_130600112769.txt
2026-01-14 22:06:11 - INFO - تم ربط 192 إدخال، تم تخطي 0
2026-01-14 22:06:11 - INFO - ✅ تمت معالجة: heat_mobile_130600112769.txt
2026-01-14 22:06:11 - INFO - 🔍 معالجة الملف (نظام قديم): safe_hospital_130600112764.txt
2026-01-14 22:06:11 - INFO - تم استخراج 96 سجل يومي من data/input_ft2\safe_hospital_130600112764.txt
2026-01-14 22:06:11 - INFO - تم ربط 192 إدخال، تم تخطي 0
2026-01-14 22:06:11 - INFO - ✅ تمت معالجة: safe_hospital_130600112764.txt
2026-01-14 22:06:11 - INFO - 📊 إنشاء التقارير...
2026-01-14 22:06:11 - INFO - ✅ تم إنشاء تقرير المراكز: data/output\centers_report.tsv
2026-01-14 22:06:11 - INFO - 🏁 اكتمل خط المعالجة. انظر data/output للنتائج
2026-01-14 22:06:24 - INFO - 🚀 بدء تشغيل خط معالجة FT2
2026-01-14 22:06:24 - INFO - تم تحميل YAML من: config/center_profiles.yaml
2026-01-14 22:06:24 - INFO - تم تحميل 3 مركز تطعيم
2026-01-14 22:06:24 - INFO - 🔄 تحويل الملفات الخام إلى تنسيق FT2 (Legacy)
2026-01-14 22:06:24 - WARNING - تخطي صف 1 في data/input_ft2\130600112764.tsv: حقل timestamp مفقود أو فارغ
2026-01-14 22:06:24 - WARNING - تخطي صف 2 في data/input_ft2\130600112764.tsv: حقل timestamp مفقود أو فارغ
2026-01-14 22:06:24 - INFO - تم تحويل data/input_ft2\130600112764.tsv إلى data/input_ft2\130600112764.txt (2 صف)
2026-01-14 22:06:24 - WARNING - تخطي صف 1 في data/input_ft2\130600112765.tsv: حقل timestamp مفقود أو فارغ
2026-01-14 22:06:24 - WARNING - تخطي صف 2 في data/input_ft2\130600112765.tsv: حقل timestamp مفقود أو فارغ
2026-01-14 22:06:24 - INFO - تم تحويل data/input_ft2\130600112765.tsv إلى data/input_ft2\130600112765.txt (2 صف)
2026-01-14 22:06:24 - WARNING - تخطي صف 1 في data/input_ft2\130600112766.tsv: حقل timestamp مفقود أو فارغ
2026-01-14 22:06:24 - INFO - تم تحويل data/input_ft2\130600112766.tsv إلى data/input_ft2\130600112766.txt (1 صف)
2026-01-14 22:06:24 - WARNING - تخطي صف 1 في data/input_ft2\130600112767.tsv: حقل timestamp مفقود أو فارغ
2026-01-14 22:06:24 - INFO - تم تحويل data/input_ft2\130600112767.tsv إلى data/input_ft2\130600112767.txt (1 صف)
2026-01-14 22:06:24 - INFO - تم تحويل 4 ملف إلى تنسيق FT2
2026-01-14 22:06:24 - INFO - 📁 وجد 8 ملف للمعالجة في data/input_ft2
2026-01-14 22:06:24 - INFO - 🔍 معالجة الملف (نظام قديم): 130600112764.txt
2026-01-14 22:06:24 - INFO - تم استخراج 0 سجل يومي من data/input_ft2\130600112764.txt
2026-01-14 22:06:24 - WARNING - لم يتم العثور على بيانات في الملف: data/input_ft2\130600112764.txt
2026-01-14 22:06:24 - INFO - 🔍 معالجة الملف (نظام قديم): 130600112764_202201241939.txt
2026-01-14 22:06:24 - INFO - تم استخراج 60 سجل يومي من data/input_ft2\130600112764_202201241939.txt
2026-01-14 22:06:24 - INFO - تم ربط 120 إدخال، تم تخطي 0
2026-01-14 22:06:24 - INFO - ✅ تمت معالجة: 130600112764_202201241939.txt
2026-01-14 22:06:24 - INFO - 🔍 معالجة الملف (نظام قديم): 130600112765.txt
2026-01-14 22:06:24 - INFO - تم استخراج 0 سجل يومي من data/input_ft2\130600112765.txt
2026-01-14 22:06:24 - WARNING - لم يتم العثور على بيانات في الملف: data/input_ft2\130600112765.txt
2026-01-14 22:06:24 - INFO - 🔍 معالجة الملف (نظام قديم): 130600112766.txt
2026-01-14 22:06:24 - INFO - تم استخراج 0 سجل يومي من data/input_ft2\130600112766.txt
2026-01-14 22:06:24 - WARNING - لم يتم العثور على بيانات في الملف: data/input_ft2\130600112766.txt
2026-01-14 22:06:24 - INFO - 🔍 معالجة الملف (نظام قديم): 130600112767.txt
2026-01-14 22:06:24 - INFO - تم استخراج 0 سجل يومي من data/input_ft2\130600112767.txt
2026-01-14 22:06:24 - WARNING - لم يتم العثور على بيانات في الملف: data/input_ft2\130600112767.txt
2026-01-14 22:06:24 - INFO - 🔍 معالجة الملف (نظام قديم): freeze_clinic_130600112767.txt
2026-01-14 22:06:24 - INFO - تم استخراج 96 سجل يومي من data/input_ft2\freeze_clinic_130600112767.txt
2026-01-14 22:06:24 - INFO - تم ربط 192 إدخال، تم تخطي 0
2026-01-14 22:06:24 - INFO - ✅ تمت معالجة: freeze_clinic_130600112767.txt
2026-01-14 22:06:24 - INFO - 🔍 معالجة الملف (نظام قديم): heat_mobile_130600112769.txt
2026-01-14 22:06:24 - INFO - تم استخراج 96 سجل يومي من data/input_ft2\heat_mobile_130600112769.txt
2026-01-14 22:06:24 - INFO - تم ربط 192 إدخال، تم تخطي 0
2026-01-14 22:06:24 - INFO - ✅ تمت معالجة: heat_mobile_130600112769.txt
2026-01-14 22:06:24 - INFO - 🔍 معالجة الملف (نظام قديم): safe_hospital_130600112764.txt
2026-01-14 22:06:24 - INFO - تم استخراج 96 سجل يومي من data/input_ft2\safe_hospital_130600112764.txt
2026-01-14 22:06:24 - INFO - تم ربط 192 إدخال، تم تخطي 0
2026-01-14 22:06:24 - INFO - ✅ تمت معالجة: safe_hospital_130600112764.txt
2026-01-14 22:06:24 - INFO - 📊 إنشاء التقارير...
2026-01-14 22:06:24 - INFO - ✅ تم إنشاء تقرير المراكز: data/output\centers_report.tsv
2026-01-14 22:06:24 - INFO - 🏁 اكتمل خط المعالجة. انظر data/output للنتائج
2026-01-14 22:09:40 - INFO - 🚀 بدء تشغيل خط معالجة FT2
2026-01-14 22:09:40 - INFO - تم تحميل YAML من: config/center_profiles.yaml
2026-01-14 22:09:40 - INFO - تم تحميل 3 مركز تطعيم
2026-01-14 22:09:40 - INFO - 🔄 تحويل الملفات الخام إلى تنسيق FT2 (Legacy)
2026-01-14 22:09:40 - WARNING - تخطي صف 1 في data/input_ft2\130600112764.tsv: حقل timestamp مفقود أو فارغ
2026-01-14 22:09:40 - WARNING - تخطي صف 2 في data/input_ft2\130600112764.tsv: حقل timestamp مفقود أو فارغ
2026-01-14 22:09:40 - INFO - تم تحويل data/input_ft2\130600112764.tsv إلى data/input_ft2\130600112764.txt (2 صف)
2026-01-14 22:09:40 - WARNING - تخطي صف 1 في data/input_ft2\130600112765.tsv: حقل timestamp مفقود أو فارغ
2026-01-14 22:09:40 - WARNING - تخطي صف 2 في data/input_ft2\130600112765.tsv: حقل timestamp مفقود أو فارغ
2026-01-14 22:09:40 - INFO - تم تحويل data/input_ft2\130600112765.tsv إلى data/input_ft2\130600112765.txt (2 صف)
2026-01-14 22:09:40 - WARNING - تخطي صف 1 في data/input_ft2\130600112766.tsv: حقل timestamp مفقود أو فارغ
2026-01-14 22:09:40 - INFO - تم تحويل data/input_ft2\130600112766.tsv إلى data/input_ft2\130600112766.txt (1 صف)
2026-01-14 22:09:40 - WARNING - تخطي صف 1 في data/input_ft2\130600112767.tsv: حقل timestamp مفقود أو فارغ
2026-01-14 22:09:40 - INFO - تم تحويل data/input_ft2\130600112767.tsv إلى data/input_ft2\130600112767.txt (1 صف)
2026-01-14 22:09:40 - INFO - تم تحويل 4 ملف إلى تنسيق FT2
2026-01-14 22:09:40 - INFO - 📁 وجد 8 ملف للمعالجة في data/input_ft2
2026-01-14 22:09:40 - INFO - 🔍 معالجة الملف (نظام قديم): 130600112764.txt
2026-01-14 22:09:40 - INFO - تم استخراج 0 سجل يومي من data/input_ft2\130600112764.txt
2026-01-14 22:09:40 - WARNING - لم يتم العثور على بيانات في الملف: data/input_ft2\130600112764.txt
2026-01-14 22:09:40 - INFO - 🔍 معالجة الملف (نظام قديم): 130600112764_202201241939.txt
2026-01-14 22:09:40 - INFO - تم استخراج 60 سجل يومي من data/input_ft2\130600112764_202201241939.txt
2026-01-14 22:09:40 - INFO - تم ربط 120 إدخال، تم تخطي 0
2026-01-14 22:09:40 - INFO - ✅ تمت معالجة: 130600112764_202201241939.txt
2026-01-14 22:09:40 - INFO - 🔍 معالجة الملف (نظام قديم): 130600112765.txt
2026-01-14 22:09:40 - INFO - تم استخراج 0 سجل يومي من data/input_ft2\130600112765.txt
2026-01-14 22:09:40 - WARNING - لم يتم العثور على بيانات في الملف: data/input_ft2\130600112765.txt
2026-01-14 22:09:40 - INFO - 🔍 معالجة الملف (نظام قديم): 130600112766.txt
2026-01-14 22:09:40 - INFO - تم استخراج 0 سجل يومي من data/input_ft2\130600112766.txt
2026-01-14 22:09:40 - WARNING - لم يتم العثور على بيانات في الملف: data/input_ft2\130600112766.txt
2026-01-14 22:09:40 - INFO - 🔍 معالجة الملف (نظام قديم): 130600112767.txt
2026-01-14 22:09:40 - INFO - تم استخراج 0 سجل يومي من data/input_ft2\130600112767.txt
2026-01-14 22:09:40 - WARNING - لم يتم العثور على بيانات في الملف: data/input_ft2\130600112767.txt
2026-01-14 22:09:40 - INFO - 🔍 معالجة الملف (نظام قديم): freeze_clinic_130600112767.txt
2026-01-14 22:09:40 - INFO - تم استخراج 96 سجل يومي من data/input_ft2\freeze_clinic_130600112767.txt
2026-01-14 22:09:40 - INFO - تم ربط 192 إدخال، تم تخطي 0
2026-01-14 22:09:40 - INFO - ✅ تمت معالجة: freeze_clinic_130600112767.txt
2026-01-14 22:09:40 - INFO - 🔍 معالجة الملف (نظام قديم): heat_mobile_130600112769.txt
2026-01-14 22:09:40 - INFO - تم استخراج 96 سجل يومي من data/input_ft2\heat_mobile_130600112769.txt
2026-01-14 22:09:40 - INFO - تم ربط 192 إدخال، تم تخطي 0
2026-01-14 22:09:40 - INFO - ✅ تمت معالجة: heat_mobile_130600112769.txt
2026-01-14 22:09:40 - INFO - 🔍 معالجة الملف (نظام قديم): safe_hospital_130600112764.txt
2026-01-14 22:09:40 - INFO - تم استخراج 96 سجل يومي من data/input_ft2\safe_hospital_130600112764.txt
2026-01-14 22:09:40 - INFO - تم ربط 192 إدخال، تم تخطي 0
2026-01-14 22:09:40 - INFO - ✅ تمت معالجة: safe_hospital_130600112764.txt
2026-01-14 22:09:40 - INFO - 📊 إنشاء التقارير...
2026-01-14 22:09:40 - INFO - ✅ تم إنشاء تقرير المراكز: data/output\centers_report.tsv
2026-01-14 22:09:40 - INFO - 🏁 اكتمل خط المعالجة. انظر data/output للنتائج
2026-01-14 22:10:45 - INFO - 🚀 بدء تشغيل خط معالجة FT2
2026-01-14 22:10:45 - INFO - تم تحميل YAML من: config/center_profiles.yaml
2026-01-14 22:10:45 - INFO - تم تحميل 3 مركز تطعيم
2026-01-14 22:10:45 - INFO - 🔄 تحويل الملفات الخام إلى تنسيق FT2 (Legacy)
2026-01-14 22:10:45 - WARNING - تخطي صف 1 في data/input_ft2\130600112764.tsv: حقل timestamp مفقود أو فارغ
2026-01-14 22:10:45 - WARNING - تخطي صف 2 في data/input_ft2\130600112764.tsv: حقل timestamp مفقود أو فارغ
2026-01-14 22:10:45 - INFO - تم تحويل data/input_ft2\130600112764.tsv إلى data/input_ft2\130600112764.txt (2 صف)
2026-01-14 22:10:45 - WARNING - تخطي صف 1 في data/input_ft2\130600112765.tsv: حقل timestamp مفقود أو فارغ
2026-01-14 22:10:45 - WARNING - تخطي صف 2 في data/input_ft2\130600112765.tsv: حقل timestamp مفقود أو فارغ
2026-01-14 22:10:45 - INFO - تم تحويل data/input_ft2\130600112765.tsv إلى data/input_ft2\130600112765.txt (2 صف)
2026-01-14 22:10:45 - WARNING - تخطي صف 1 في data/input_ft2\130600112766.tsv: حقل timestamp مفقود أو فارغ
2026-01-14 22:10:45 - INFO - تم تحويل data/input_ft2\130600112766.tsv إلى data/input_ft2\130600112766.txt (1 صف)
2026-01-14 22:10:45 - WARNING - تخطي صف 1 في data/input_ft2\130600112767.tsv: حقل timestamp مفقود أو فارغ
2026-01-14 22:10:45 - INFO - تم تحويل data/input_ft2\130600112767.tsv إلى data/input_ft2\130600112767.txt (1 صف)
2026-01-14 22:10:45 - INFO - تم تحويل 4 ملف إلى تنسيق FT2
2026-01-14 22:10:45 - INFO - 📁 وجد 8 ملف للمعالجة في data/input_ft2
2026-01-14 22:10:45 - INFO - 🔍 معالجة الملف (نظام قديم): 130600112764.txt
2026-01-14 22:10:45 - INFO - تم استخراج 0 سجل يومي من data/input_ft2\130600112764.txt
2026-01-14 22:10:45 - WARNING - لم يتم العثور على بيانات في الملف: data/input_ft2\130600112764.txt
2026-01-14 22:10:45 - INFO - 🔍 معالجة الملف (نظام قديم): 130600112764_202201241939.txt
2026-01-14 22:10:45 - INFO - تم استخراج 60 سجل يومي من data/input_ft2\130600112764_202201241939.txt
2026-01-14 22:10:45 - INFO - تم ربط 120 إدخال، تم تخطي 0
2026-01-14 22:10:45 - INFO - ✅ تمت معالجة: 130600112764_202201241939.txt
2026-01-14 22:10:45 - INFO - 🔍 معالجة الملف (نظام قديم): 130600112765.txt
2026-01-14 22:10:45 - INFO - تم استخراج 0 سجل يومي من data/input_ft2\130600112765.txt
2026-01-14 22:10:45 - WARNING - لم يتم العثور على بيانات في الملف: data/input_ft2\130600112765.txt
2026-01-14 22:10:45 - INFO - 🔍 معالجة الملف (نظام قديم): 130600112766.txt
2026-01-14 22:10:45 - INFO - تم استخراج 0 سجل يومي من data/input_ft2\130600112766.txt
2026-01-14 22:10:45 - WARNING - لم يتم العثور على بيانات في الملف: data/input_ft2\130600112766.txt
2026-01-14 22:10:45 - INFO - 🔍 معالجة الملف (نظام قديم): 130600112767.txt
2026-01-14 22:10:45 - INFO - تم استخراج 0 سجل يومي من data/input_ft2\130600112767.txt
2026-01-14 22:10:45 - WARNING - لم يتم العثور على بيانات في الملف: data/input_ft2\130600112767.txt
2026-01-14 22:10:45 - INFO - 🔍 معالجة الملف (نظام قديم): freeze_clinic_130600112767.txt
2026-01-14 22:10:45 - INFO - تم استخراج 96 سجل يومي من data/input_ft2\freeze_clinic_130600112767.txt
2026-01-14 22:10:45 - INFO - تم ربط 192 إدخال، تم تخطي 0
2026-01-14 22:10:45 - INFO - ✅ تمت معالجة: freeze_clinic_130600112767.txt
2026-01-14 22:10:45 - INFO - 🔍 معالجة الملف (نظام قديم): heat_mobile_130600112769.txt
2026-01-14 22:10:45 - INFO - تم استخراج 96 سجل يومي من data/input_ft2\heat_mobile_130600112769.txt
2026-01-14 22:10:45 - INFO - تم ربط 192 إدخال، تم تخطي 0
2026-01-14 22:10:45 - INFO - ✅ تمت معالجة: heat_mobile_130600112769.txt
2026-01-14 22:10:45 - INFO - 🔍 معالجة الملف (نظام قديم): safe_hospital_130600112764.txt
2026-01-14 22:10:45 - INFO - تم استخراج 96 سجل يومي من data/input_ft2\safe_hospital_130600112764.txt
2026-01-14 22:10:45 - INFO - تم ربط 192 إدخال، تم تخطي 0
2026-01-14 22:10:45 - INFO - ✅ تمت معالجة: safe_hospital_130600112764.txt
2026-01-14 22:10:45 - INFO - 📊 إنشاء التقارير...
2026-01-14 22:10:45 - INFO - ✅ تم إنشاء تقرير المراكز: data/output\centers_report.tsv
2026-01-14 22:10:45 - INFO - 🏁 اكتمل خط المعالجة. انظر data/output للنتائج
2026-01-14 22:12:12 - INFO - 🚀 بدء تشغيل خط معالجة FT2
2026-01-14 22:12:12 - INFO - تم تحميل YAML من: config/center_profiles.yaml
2026-01-14 22:12:12 - INFO - تم تحميل 3 مركز تطعيم
2026-01-14 22:12:12 - INFO - 🔄 تحويل الملفات الخام إلى تنسيق FT2 (Legacy)
2026-01-14 22:12:12 - WARNING - تخطي صف 1 في data/input_ft2\130600112764.tsv: حقل timestamp مفقود أو فارغ
2026-01-14 22:12:12 - WARNING - تخطي صف 2 في data/input_ft2\130600112764.tsv: حقل timestamp مفقود أو فارغ
2026-01-14 22:12:12 - INFO - تم تحويل data/input_ft2\130600112764.tsv إلى data/input_ft2\130600112764.txt (2 صف)
2026-01-14 22:12:12 - WARNING - تخطي صف 1 في data/input_ft2\130600112765.tsv: حقل timestamp مفقود أو فارغ
2026-01-14 22:12:12 - WARNING - تخطي صف 2 في data/input_ft2\130600112765.tsv: حقل timestamp مفقود أو فارغ
2026-01-14 22:12:12 - INFO - تم تحويل data/input_ft2\130600112765.tsv إلى data/input_ft2\130600112765.txt (2 صف)
2026-01-14 22:12:12 - WARNING - تخطي صف 1 في data/input_ft2\130600112766.tsv: حقل timestamp مفقود أو فارغ
2026-01-14 22:12:12 - INFO - تم تحويل data/input_ft2\130600112766.tsv إلى data/input_ft2\130600112766.txt (1 صف)
2026-01-14 22:12:12 - WARNING - تخطي صف 1 في data/input_ft2\130600112767.tsv: حقل timestamp مفقود أو فارغ
2026-01-14 22:12:12 - INFO - تم تحويل data/input_ft2\130600112767.tsv إلى data/input_ft2\130600112767.txt (1 صف)
2026-01-14 22:12:12 - INFO - تم تحويل 4 ملف إلى تنسيق FT2
2026-01-14 22:12:12 - INFO - 📁 وجد 8 ملف للمعالجة في data/input_ft2
2026-01-14 22:12:12 - INFO - 🔍 معالجة الملف (نظام قديم): 130600112764.txt
2026-01-14 22:12:12 - INFO - تم استخراج 0 سجل يومي من data/input_ft2\130600112764.txt
2026-01-14 22:12:12 - WARNING - لم يتم العثور على بيانات في الملف: data/input_ft2\130600112764.txt
2026-01-14 22:12:12 - INFO - 🔍 معالجة الملف (نظام قديم): 130600112764_202201241939.txt
2026-01-14 22:12:12 - INFO - تم استخراج 60 سجل يومي من data/input_ft2\130600112764_202201241939.txt
2026-01-14 22:12:12 - INFO - تم ربط 120 إدخال، تم تخطي 0
2026-01-14 22:12:12 - INFO - ✅ تمت معالجة: 130600112764_202201241939.txt
2026-01-14 22:12:12 - INFO - 🔍 معالجة الملف (نظام قديم): 130600112765.txt
2026-01-14 22:12:12 - INFO - تم استخراج 0 سجل يومي من data/input_ft2\130600112765.txt
2026-01-14 22:12:12 - WARNING - لم يتم العثور على بيانات في الملف: data/input_ft2\130600112765.txt
2026-01-14 22:12:12 - INFO - 🔍 معالجة الملف (نظام قديم): 130600112766.txt
2026-01-14 22:12:12 - INFO - تم استخراج 0 سجل يومي من data/input_ft2\130600112766.txt
2026-01-14 22:12:12 - WARNING - لم يتم العثور على بيانات في الملف: data/input_ft2\130600112766.txt
2026-01-14 22:12:12 - INFO - 🔍 معالجة الملف (نظام قديم): 130600112767.txt
2026-01-14 22:12:12 - INFO - تم استخراج 0 سجل يومي من data/input_ft2\130600112767.txt
2026-01-14 22:12:12 - WARNING - لم يتم العثور على بيانات في الملف: data/input_ft2\130600112767.txt
2026-01-14 22:12:12 - INFO - 🔍 معالجة الملف (نظام قديم): freeze_clinic_130600112767.txt
2026-01-14 22:12:12 - INFO - تم استخراج 96 سجل يومي من data/input_ft2\freeze_clinic_130600112767.txt
2026-01-14 22:12:12 - INFO - تم ربط 192 إدخال، تم تخطي 0
2026-01-14 22:12:12 - INFO - ✅ تمت معالجة: freeze_clinic_130600112767.txt
2026-01-14 22:12:12 - INFO - 🔍 معالجة الملف (نظام قديم): heat_mobile_130600112769.txt
2026-01-14 22:12:12 - INFO - تم استخراج 96 سجل يومي من data/input_ft2\heat_mobile_130600112769.txt
2026-01-14 22:12:12 - INFO - تم ربط 192 إدخال، تم تخطي 0
2026-01-14 22:12:12 - INFO - ✅ تمت معالجة: heat_mobile_130600112769.txt
2026-01-14 22:12:12 - INFO - 🔍 معالجة الملف (نظام قديم): safe_hospital_130600112764.txt
2026-01-14 22:12:12 - INFO - تم استخراج 96 سجل يومي من data/input_ft2\safe_hospital_130600112764.txt
2026-01-14 22:12:12 - INFO - تم ربط 192 إدخال، تم تخطي 0
2026-01-14 22:12:12 - INFO - ✅ تمت معالجة: safe_hospital_130600112764.txt
2026-01-14 22:12:12 - INFO - 📊 إنشاء التقارير...
2026-01-14 22:12:12 - INFO - ✅ تم إنشاء تقرير المراكز: data/output\centers_report.tsv
2026-01-14 22:12:12 - INFO - 🏁 اكتمل خط المعالجة. انظر data/output للنتائج
2026-01-14 22:14:30 - INFO - 🚀 بدء تشغيل خط معالجة FT2
2026-01-14 22:14:30 - INFO - تم تحميل YAML من: config/center_profiles.yaml
2026-01-14 22:14:30 - INFO - تم تحميل 3 مركز تطعيم
2026-01-14 22:14:30 - INFO - 🔄 تحويل الملفات الخام إلى تنسيق FT2 (Legacy)
2026-01-14 22:14:30 - INFO - تم تحويل 0 ملف إلى تنسيق FT2
2026-01-14 22:14:30 - INFO - 📁 وجد 4 ملف للمعالجة في data/input_ft2
2026-01-14 22:14:30 - INFO - 🔍 معالجة الملف (نظام قديم): 130600112764_202201241939.txt
2026-01-14 22:14:30 - INFO - تم استخراج 60 سجل يومي من data/input_ft2\130600112764_202201241939.txt
2026-01-14 22:14:30 - INFO - تم ربط 120 إدخال، تم تخطي 0
2026-01-14 22:14:30 - INFO - ✅ تمت معالجة: 130600112764_202201241939.txt
2026-01-14 22:14:30 - INFO - 🔍 معالجة الملف (نظام قديم): freeze_clinic_130600112767.txt
2026-01-14 22:14:30 - INFO - تم استخراج 96 سجل يومي من data/input_ft2\freeze_clinic_130600112767.txt
2026-01-14 22:14:30 - INFO - تم ربط 192 إدخال، تم تخطي 0
2026-01-14 22:14:30 - INFO - ✅ تمت معالجة: freeze_clinic_130600112767.txt
2026-01-14 22:14:30 - INFO - 🔍 معالجة الملف (نظام قديم): heat_mobile_130600112769.txt
2026-01-14 22:14:30 - INFO - تم استخراج 96 سجل يومي من data/input_ft2\heat_mobile_130600112769.txt
2026-01-14 22:14:30 - INFO - تم ربط 192 إدخال، تم تخطي 0
2026-01-14 22:14:30 - INFO - ✅ تمت معالجة: heat_mobile_130600112769.txt
2026-01-14 22:14:30 - INFO - 🔍 معالجة الملف (نظام قديم): safe_hospital_130600112764.txt
2026-01-14 22:14:30 - INFO - تم استخراج 96 سجل يومي من data/input_ft2\safe_hospital_130600112764.txt
2026-01-14 22:14:30 - INFO - تم ربط 192 إدخال، تم تخطي 0
2026-01-14 22:14:30 - INFO - ✅ تمت معالجة: safe_hospital_130600112764.txt
2026-01-14 22:14:30 - INFO - 📊 إنشاء التقارير...
2026-01-14 22:14:30 - INFO - ✅ تم إنشاء تقرير المراكز: data/output\centers_report.tsv
2026-01-14 22:14:30 - INFO - 🏁 اكتمل خط المعالجة. انظر data/output للنتائج
2026-01-31 00:38:33,653 - INFO - تم ربط 3 إدخال، تم تخطي 1
2026-01-31 00:38:33,698 - INFO - تم ربط 3 إدخال، تم تخطي 1
2026-01-31 00:38:33,699 - INFO - تم ربط 0 إدخال، تم تخطي 2
2026-01-31 00:38:33,700 - INFO - تم ربط 0 إدخال، تم تخطي 0
2026-01-31 00:38:33,703 - INFO - تم ربط 0 إدخال، تم تخطي 4
2026-01-31 00:38:33,763 - INFO - تم تحليل 2 إدخال من /tmp/pytest-of-amer11974/pytest-0/test_parse_valid_csv0/data/test_readings.csv
2026-01-31 00:38:33,765 - WARNING - تنسيق غير معروف في /tmp/pytest-of-amer11974/pytest-0/test_parse_invalid_file0/empty.csv
2026-01-31 00:38:33,765 - INFO - تم تحليل 0 إدخال من /tmp/pytest-of-amer11974/pytest-0/test_parse_invalid_file0/empty.csv
2026-01-31 00:38:33,768 - WARNING - تخطي صف 0 في /tmp/pytest-of-amer11974/pytest-0/test_parse_malformed_rows0/data_malformed/bad_readings.csv: could not convert string to float: 'invalid_temp'
2026-01-31 00:38:33,768 - INFO - تم تحليل 1 إدخال من /tmp/pytest-of-amer11974/pytest-0/test_parse_malformed_rows0/data_malformed/bad_readings.csv
2026-01-31 00:45:55,219 - INFO - 🧹 تنظيف الملفات التالفة في data/input_ft2
2026-01-31 00:45:55,220 - INFO - 🗑️ تم حذف: bad1.txt (فارغ تماماً)
2026-01-31 00:45:55,221 - INFO - ✅ تم تنظيف 1 ملف.
2026-01-31 00:45:55,222 - INFO - فحص الملفات الخام في: data/input_raw
2026-01-31 00:45:55,223 - INFO - لا توجد ملفات .tsv أو .csv.
2026-01-31 00:45:55,223 - INFO - 💡 تلميح: جرب إنشاء بيانات اختبار أولاً باستخدام: python -m scripts.run_ft2_pipeline --generate-data
2026-01-31 00:51:39,324 - INFO - 📄 إنشاء تقرير PDF احترافي
2026-01-31 00:51:39,325 - INFO - ==================================================
2026-01-31 00:51:39,325 - ERROR - ❌ ملف التقرير غير موجود: data/output/centers_report.tsv
2026-01-31 00:51:39,325 - INFO - ⚠️  قم بتشغيل النظام أولاً:
2026-01-31 00:51:39,325 - INFO -    python -m scripts.run_ft2_pipeline --legacy
2026-01-31 00:54:17,640 - INFO - 📄 إنشاء تقرير PDF احترافي
2026-01-31 00:54:17,640 - INFO - ==================================================
2026-01-31 00:54:17,640 - ERROR - ❌ ملف التقرير غير موجود: data/output/centers_report.tsv
2026-01-31 00:54:17,640 - INFO - ⚠️  قم بتشغيل النظام أولاً:
2026-01-31 00:54:17,641 - INFO -    python -m scripts.run_ft2_pipeline --legacy
2026-01-31 00:54:17,645 - INFO - 📄 إنشاء تقرير PDF احترافي
2026-01-31 00:54:17,646 - INFO - ==================================================
2026-01-31 00:54:17,646 - INFO - 📊 قراءة البيانات من: data/output/centers_report.tsv
2026-01-31 00:54:17,646 - INFO - 🔄 جاري إنشاء التقرير...
2026-01-31 00:54:17,646 - INFO - 
✅ تم إنشاء التقرير بنجاح!
2026-01-31 00:54:17,646 - INFO - 📍 الموقع: /fake/report.pdf
2026-01-31 00:54:18,682 - INFO - 📂 تم فتح التقرير تلقائياً
2026-01-31 00:56:14,332 - INFO - 📄 إنشاء تقرير PDF احترافي
2026-01-31 00:56:14,332 - INFO - ==================================================
2026-01-31 00:56:14,332 - ERROR - ❌ ملف التقرير غير موجود: data/output/centers_report.tsv
2026-01-31 00:56:14,332 - INFO - ⚠️  قم بتشغيل النظام أولاً:
2026-01-31 00:56:14,332 - INFO -    python -m scripts.run_ft2_pipeline --legacy
2026-01-31 00:56:14,337 - INFO - 📄 إنشاء تقرير PDF احترافي
2026-01-31 00:56:14,337 - INFO - ==================================================
2026-01-31 00:56:14,337 - INFO - 📊 قراءة البيانات من: data/output/centers_report.tsv
2026-01-31 00:56:14,337 - INFO - 🔄 جاري إنشاء التقرير...
2026-01-31 00:56:14,338 - INFO - 
✅ تم إنشاء التقرير بنجاح!
2026-01-31 00:56:14,338 - INFO - 📍 الموقع: /fake/report.pdf
2026-01-31 00:56:14,364 - INFO - 📂 تم فتح التقرير تلقائياً
2026-01-31 00:58:38,856 - INFO - 📄 إنشاء تقرير PDF احترافي
2026-01-31 00:58:38,856 - INFO - ==================================================
2026-01-31 00:58:38,856 - ERROR - ❌ ملف التقرير غير موجود: data/output/centers_report.tsv
2026-01-31 00:58:38,856 - INFO - ⚠️  قم بتشغيل النظام أولاً:
2026-01-31 00:58:38,856 - INFO -    python -m scripts.run_ft2_pipeline --legacy
2026-01-31 00:58:38,860 - INFO - 📄 إنشاء تقرير PDF احترافي
2026-01-31 00:58:38,861 - INFO - ==================================================
2026-01-31 00:58:38,861 - INFO - 📊 قراءة البيانات من: data/output/centers_report.tsv
2026-01-31 00:58:38,861 - INFO - 🔄 جاري إنشاء التقرير...
2026-01-31 00:58:38,861 - INFO - 
✅ تم إنشاء التقرير بنجاح!
2026-01-31 00:58:38,861 - INFO - 📍 الموقع: /fake/report.pdf
2026-01-31 00:58:38,888 - INFO - 📂 تم فتح التقرير تلقائياً
2026-01-31 00:58:38,912 - INFO - Mock data created at: data/output/visual_tests/mock_visual_data.tsv
2026-01-31 00:58:38,913 - INFO - Generating Official Visual Report...
2026-01-31 00:58:38,913 - INFO - Done: /tmp/pytest-of-amer11974/pytest-5/test_verify_visual_reports_run0/data/output/visual_tests/visual_test_official.pdf
2026-01-31 00:58:38,913 - INFO - Generating Technical Visual Report...
2026-01-31 00:58:38,913 - INFO - Done: /tmp/pytest-of-amer11974/pytest-5/test_verify_visual_reports_run0/data/output/visual_tests/visual_test_official.pdf
2026-01-31 00:58:38,913 - INFO - Generating Arabic Visual Report...
2026-01-31 00:58:38,913 - INFO - Done: /tmp/pytest-of-amer11974/pytest-5/test_verify_visual_reports_run0/data/output/visual_tests/visual_test_official.pdf
2026-01-31 01:02:52,755 - INFO - 🚀 بدء التشغيل المبسط...
2026-01-31 01:02:52,755 - INFO - 🧪 الخطوة 1: إنشاء بيانات اختبار...
2026-01-31 01:02:52,755 - INFO - ✅ تم إنشاء بيانات الاختبار
2026-01-31 01:02:52,756 - INFO - ✅ تم إنشاء التقرير الوهمي
2026-01-31 01:02:52,756 - INFO - Mapped 3 internal centers to DTOs for presentation
2026-01-31 01:02:52,756 - INFO - 📄 الخطوة 3: إنشاء تقرير PDF...
2026-01-31 01:02:52,757 - WARNING - ⚠️  لم يتم إنشاء PDF: No module named 'src.reporting.simple_pdf_generator'
2026-01-31 01:02:52,757 - INFO - 📋 لكن التقرير النصي جاهز في: data/output/centers_report.tsv
2026-01-31 01:02:52,757 - INFO - 🎉 اكتمل التشغيل المبسط بنجاح!
2026-01-31 01:03:21,903 - INFO - 🚀 بدء التشغيل المبسط...
2026-01-31 01:03:21,903 - INFO - 🧪 الخطوة 1: إنشاء بيانات اختبار...
2026-01-31 01:03:21,903 - INFO - ✅ تم إنشاء بيانات الاختبار
2026-01-31 01:03:21,904 - INFO - 🔄 الخطوة 2: محاكاة معالجة البيانات...
2026-01-31 01:03:21,904 - INFO - ✅ تم إنشاء التقرير الوهمي
2026-01-31 01:03:21,904 - INFO - Mapped 3 internal centers to DTOs for presentation
2026-01-31 01:03:21,904 - INFO - 📄 الخطوة 3: إنشاء تقرير PDF...
2026-01-31 01:03:21,905 - WARNING - ⚠️  لم يتم إنشاء PDF: No module named 'src.reporting.simple_pdf_generator'
2026-01-31 01:03:21,905 - INFO - 📋 لكن التقرير النصي جاهز في: data/output/centers_report.tsv
2026-01-31 01:03:21,905 - INFO - 🎉 اكتمل التشغيل المبسط بنجاح!
2026-01-31 01:05:43,454 - INFO - 🧹 تنظيف الملفات التالفة في data/input_ft2
2026-01-31 01:05:43,455 - INFO - 🗑️ تم حذف: bad1.txt (فارغ تماماً)
2026-01-31 01:05:43,456 - INFO - ✅ تم تنظيف 1 ملف.
2026-01-31 01:05:43,458 - INFO - فحص الملفات الخام في: data/input_raw
2026-01-31 01:05:43,458 - INFO - 📄 الملف: test_data.csv
2026-01-31 01:05:43,458 - INFO - تم تحليل 6 إدخال من data/input_raw/test_data.csv
2026-01-31 01:05:43,458 - INFO - 📊 عدد الإدخالات: 6
2026-01-31 01:05:43,458 - INFO - 📝 أول 3 عينات:
2026-01-31 01:05:43,459 - INFO -   1: device=130600112764 ts=2024-01-15 08:00:00 temp=5.2
2026-01-31 01:05:43,459 - INFO -   2: device=130600112764 ts=2024-01-15 12:00:00 temp=4.8
2026-01-31 01:05:43,459 - INFO -   3: device=130600112767 ts=2024-01-15 08:00:00 temp=-1.5
2026-01-31 01:05:43,461 - INFO - تم ربط 3 إدخال، تم تخطي 1
2026-01-31 01:05:43,462 - INFO - تم ربط 3 إدخال، تم تخطي 1
2026-01-31 01:05:43,463 - INFO - تم ربط 0 إدخال، تم تخطي 2
2026-01-31 01:05:43,465 - INFO - تم ربط 0 إدخال، تم تخطي 0
2026-01-31 01:05:43,467 - INFO - تم ربط 0 إدخال، تم تخطي 4
2026-01-31 01:05:43,470 - INFO - تم تحليل 2 إدخال من /tmp/pytest-of-amer11974/pytest-6/test_parse_valid_csv0/data/test_readings.csv
2026-01-31 01:05:43,472 - WARNING - تنسيق غير معروف في /tmp/pytest-of-amer11974/pytest-6/test_parse_invalid_file0/empty.csv
2026-01-31 01:05:43,473 - INFO - تم تحليل 0 إدخال من /tmp/pytest-of-amer11974/pytest-6/test_parse_invalid_file0/empty.csv
2026-01-31 01:05:43,477 - WARNING - تخطي صف 0 في /tmp/pytest-of-amer11974/pytest-6/test_parse_malformed_rows0/data_malformed/bad_readings.csv: could not convert string to float: 'invalid_temp'
2026-01-31 01:05:43,477 - INFO - تم تحليل 1 إدخال من /tmp/pytest-of-amer11974/pytest-6/test_parse_malformed_rows0/data_malformed/bad_readings.csv
2026-01-31 01:05:43,483 - INFO - 📄 إنشاء تقرير PDF احترافي
2026-01-31 01:05:43,483 - INFO - ==================================================
2026-01-31 01:05:43,483 - ERROR - ❌ ملف التقرير غير موجود: data/output/centers_report.tsv
2026-01-31 01:05:43,484 - INFO - ⚠️  قم بتشغيل النظام أولاً:
2026-01-31 01:05:43,484 - INFO -    python -m scripts.run_ft2_pipeline --legacy
2026-01-31 01:05:43,490 - INFO - 📄 إنشاء تقرير PDF احترافي
2026-01-31 01:05:43,490 - INFO - ==================================================
2026-01-31 01:05:43,490 - INFO - 📊 قراءة البيانات من: data/output/centers_report.tsv
2026-01-31 01:05:43,490 - INFO - 🔄 جاري إنشاء التقرير...
2026-01-31 01:05:43,491 - INFO - 
✅ تم إنشاء التقرير بنجاح!
2026-01-31 01:05:43,491 - INFO - 📍 الموقع: /fake/report.pdf
2026-01-31 01:05:43,589 - INFO - 📂 تم فتح التقرير تلقائياً
2026-01-31 01:05:43,651 - INFO - Mock data created at: data/output/visual_tests/mock_visual_data.tsv
2026-01-31 01:05:43,651 - INFO - Generating Official Visual Report...
2026-01-31 01:05:43,652 - INFO - Done: /tmp/pytest-of-amer11974/pytest-6/test_verify_visual_reports_run0/data/output/visual_tests/visual_test_official.pdf
2026-01-31 01:05:43,652 - INFO - Generating Technical Visual Report...
2026-01-31 01:05:43,653 - INFO - Done: /tmp/pytest-of-amer11974/pytest-6/test_verify_visual_reports_run0/data/output/visual_tests/visual_test_official.pdf
2026-01-31 01:05:43,653 - INFO - Generating Arabic Visual Report...
2026-01-31 01:05:43,653 - INFO - Done: /tmp/pytest-of-amer11974/pytest-6/test_verify_visual_reports_run0/data/output/visual_tests/visual_test_official.pdf
2026-01-31 01:07:30,254 - INFO - Running EvaluateColdChainSafetyUC...
2026-01-31 01:15:42,416 - INFO - 🚀 بدء التشغيل المبسط...
2026-01-31 01:15:42,416 - INFO - 🧪 الخطوة 1: إنشاء بيانات اختبار...
2026-01-31 01:15:42,416 - INFO - ✅ تم إنشاء بيانات الاختبار
2026-01-31 01:15:42,416 - INFO - 🔄 الخطوة 2: محاكاة معالجة البيانات...
2026-01-31 01:15:42,417 - INFO - ✅ تم إنشاء التقرير الوهمي
2026-01-31 01:15:42,417 - INFO - Mapped 3 internal centers to DTOs for presentation
2026-01-31 01:15:42,417 - INFO - 📄 الخطوة 3: إنشاء تقرير PDF...
2026-01-31 01:15:42,417 - WARNING - ⚠️  لم يتم إنشاء PDF: No module named 'src.reporting.simple_pdf_generator'
2026-01-31 01:15:42,418 - INFO - 📋 لكن التقرير النصي جاهز في: data/output/centers_report.tsv
2026-01-31 01:18:43,546 - INFO - 🛡️ CCI-FT2 Intelligence - Project State Utility
2026-01-31 01:18:43,547 - INFO - =============================================
2026-01-31 01:18:43,547 - INFO - 
🌳 Project Structure:
2026-01-31 01:18:43,550 - INFO - ├── 📂 assets/
│   └── 📂 fonts/
├── 📂 backup/
│   └── 📄 backup_20260131_000840.tar.gz
├── 📂 config/
│   ├── 📄 __init__.py
│   ├── 📄 center_profiles.yaml
│   ├── 📄 center_profiles_enhanced.yaml
│   ├── 📄 system_config.yaml
│   ├── 📂 templates/
│   ├── 📄 thresholds.yaml
│   └── 📄 vaccine_library.yaml
├── 📄 conftest.py
├── 📂 data/
│   ├── 📄 __init__.py
│   ├── 📂 archive/
│   ├── 📂 input_ft2/
│   │   ├── 📄 130600112764_202201241939.txt
│   │   ├── 📄 __init__.py
│   │   ├── 📄 freeze_clinic_130600112767.txt
│   │   ├── 📄 heat_mobile_130600112769.txt
│   │   └── 📄 safe_hospital_130600112764.txt
│   ├── 📂 input_raw/
│   │   ├── 📄 __init__.py
│   │   └── 📄 test_data.csv
│   ├── 📂 output/
│   │   ├── 📄 __init__.py
│   │   ├── 📄 centers_report.tsv
│   │   ├── 📂 detailed_reports/
│   │   │   ├── 📄 report_001.txt
│   │   │   ├── 📄 report_002.txt
│   │   │   ├── 📄 report_003.txt
│   │   │   └── 📄 report_004.txt
│   │   ├── 📂 reports/
│   │   └── 📂 visual_tests/
│   │       ├── 📄 mock_visual_data.tsv
│   │       ├── 📄 temp_dist.png
│   │       ├── 📄 visual_test_arabic.pdf
│   │       ├── 📄 visual_test_official.pdf
│   │       └── 📄 visual_test_tech.pdf
│   ├── 📂 processed/
│   ├── 📂 raw/
│   └── 📂 reports/
├── 📂 docs/
│   ├── 📄 ProjectState.md
│   ├── 📄 __init__.py
│   ├── 📂 adr/
│   │   ├── 📄 0001-adopt-structure.md
│   │   ├── 📄 0003-phase2-findings.md
│   │   ├── 📄 0004-phase3-plan.md
│   │   └── 📄 0005-simple-pipeline-migration.md
│   ├── 📂 architecture/
│   │   ├── 📄 DECISION_MATRIX.md
│   │   └── 📄 ENGINEERING_CHARTER.md
│   ├── 📄 decision_matrix.md
│   ├── 📄 project_state_manifest.json
│   ├── 📂 releases/
│   │   └── 📄 BASELINE_v1.0.3.md
│   ├── 📂 schemas/
│   │   └── 📄 vaccine_profile_q10.md
│   └── 📂 scientific_models/
│       └── 📄 vvm_q10_model.md
├── 📄 pipeline.log
├── 📄 run_windows_friendly.ps1
├── 📂 scripts/
│   ├── 📄 __init__.py
│   ├── 📄 create_test_data.py
│   ├── 📄 debug_ft2.py
│   ├── 📄 generate_pdf_report.py
│   ├── 📄 project_utility.py
│   ├── 📄 run_ft2_pipeline.py
│   ├── 📄 simple_pipeline.py
│   ├── 📄 simulate_vvm_scenarios.py
│   └── 📄 verify_visual_reports.py
├── 📂 src/
│   ├── 📄 __init__.py
│   ├── 📂 api/
│   │   └── 📄 __init__.py
│   ├── 📂 application/
│   │   ├── 📄 __init__.py
│   │   ├── 📂 dtos/
│   │   │   ├── 📄 __init__.py
│   │   │   ├── 📄 analysis_result_dto.py
│   │   │   ├── 📄 center_dto.py
│   │   │   └── 📄 vaccine_dto.py
│   │   ├── 📂 mappers/
│   │   │   ├── 📄 __init__.py
│   │   │   ├── 📄 center_mapper.py
│   │   │   └── 📄 vaccine_mapper.py
│   │   ├── 📂 ports/
│   │   │   └── 📄 __init__.py
│   │   └── 📂 use_cases/
│   │       ├── 📄 __init__.py
│   │       └── 📄 evaluate_cold_chain_safety_uc.py
│   ├── 📂 core/
│   │   ├── 📄 __init__.py
│   │   ├── 📂 calculators/
│   │   │   ├── 📄 __init__.py
│   │   │   ├── 📄 ccm_calculator.py
│   │   │   └── 📄 vvm_q10_model.py
│   │   ├── 📂 engines/
│   │   │   └── 📄 __init__.py
│   │   ├── 📂 entities/
│   │   │   ├── 📄 __init__.py
│   │   │   ├── 📄 ft2_entry.py
│   │   │   ├── 📄 temperature_reading.py
│   │   │   ├── 📄 vaccination_center.py
│   │   │   └── 📄 vaccine.py
│   │   ├── 📂 enums/
│   │   │   └── 📄 vvm_stage.py
│   │   ├── 📂 rules/
│   │   │   └── 📄 __init__.py
│   │   ├── 📂 services/
│   │   │   └── 📄 rules_engine.py
│   │   └── 📂 value_objects/
│   │       └── 📄 __init__.py
│   ├── 📂 domain/
│   │   ├── 📄 __init__.py
│   │   └── 📂 exceptions/
│   │       └── 📄 __init__.py
│   ├── 📂 ft2_reader/
│   │   ├── 📄 __init__.py
│   │   ├── 📂 models/
│   │   │   └── 📄 __init__.py
│   │   ├── 📂 parser/
│   │   │   ├── 📄 __init__.py
│   │   │   └── 📄 ft2_parser.py
│   │   ├── 📂 services/
│   │   │   ├── 📄 __init__.py
│   │   │   └── 📄 ft2_linker.py
│   │   └── 📂 validator/
│   │       ├── 📄 __init__.py
│   │       └── 📄 ft2_validator.py
│   ├── 📂 infrastructure/
│   │   ├── 📄 __init__.py
│   │   ├── 📂 adapters/
│   │   │   └── 📄 ft2_reader_adapter.py
│   │   ├── 📄 logging.py
│   │   ├── 📂 parsers/
│   │   │   └── 📄 __init__.py
│   │   └── 📂 validators/
│   │       └── 📄 __init__.py
│   ├── 📂 ingestion/
│   ├── 📂 intelligence/
│   │   └── 📄 __init__.py
│   ├── 📄 main.py
│   ├── 📂 models/
│   ├── 📂 presentation/
│   │   └── 📄 __init__.py
│   ├── 📂 processing/
│   ├── 📂 reporting/
│   │   ├── 📄 __init__.py
│   │   ├── 📄 csv_reporter.py
│   │   ├── 📄 pdf_generator.py
│   │   └── 📄 unified_pdf_generator.py
│   ├── 📂 shared/
│   │   ├── 📄 __init__.py
│   │   └── 📄 di_container.py
│   ├── 📂 utils/
│   │   ├── 📄 __init__.py
│   │   ├── 📄 config_loader.py
│   │   ├── 📄 vaccine_library_loader.py
│   │   └── 📄 yaml_loader.py
│   └── 📂 visualization/
│       └── 📄 __init__.py
└── 📂 tests/
    ├── 📄 __init__.py
    ├── 📂 integration/
    │   ├── 📄 test_evaluate_cold_chain_uc.py
    │   ├── 📄 test_vaccine_library.py
    │   └── 📄 test_vvm_biological_scenarios.py
    └── 📂 unit/
        ├── 📄 __init__.py
        ├── 📄 test_ccm_calculator.py
        ├── 📄 test_debug_ft2.py
        ├── 📄 test_ft2_linker.py
        ├── 📄 test_ft2_parser.py
        ├── 📄 test_ft2_validator.py
        ├── 📄 test_generate_pdf_report.py
        ├── 📄 test_phase2_smoke.py
        ├── 📄 test_rules_logic.py
        ├── 📄 test_simulate_vvm_scenarios.py
        ├── 📄 test_vaccination_center.py
        ├── 📄 test_verify_visual_reports.py
        ├── 📄 test_vvm_q10_model.py
        └── 📄 test_vvm_stage.py

2026-01-31 01:18:43,575 - INFO - ✅ Manifest updated: /home/amer11974/projects/cci-ft2-intelligence/docs/project_state_manifest.json
2026-01-31 01:18:43,575 - INFO - 📊 Total tracked files: 125
2026-01-31 01:19:18,491 - INFO - 🚀 جاري إنشاء ملفات اختبار في data/input_raw...
2026-01-31 01:19:18,492 - INFO - ✅ تم إنشاء: safe_hospital_130600112764.csv
2026-01-31 01:19:18,493 - INFO - ✅ تم إنشاء: freeze_clinic_130600112767.csv
2026-01-31 01:19:18,493 - INFO - ✅ تم إنشاء: heat_mobile_130600112769.csv
2026-01-31 01:22:44,883 - INFO - 🧪 جاري إنشاء بيانات اختبار...
2026-01-31 01:22:44,884 - INFO - 🚀 جاري إنشاء ملفات اختبار في data/input_raw...
2026-01-31 01:22:44,885 - INFO - ✅ تم إنشاء: safe_hospital_130600112764.csv
2026-01-31 01:22:44,886 - INFO - ✅ تم إنشاء: freeze_clinic_130600112767.csv
2026-01-31 01:22:44,888 - INFO - ✅ تم إنشاء: heat_mobile_130600112769.csv
2026-01-31 01:22:44,888 - INFO - 🚀 بدء تشغيل خط معالجة FT2
2026-01-31 01:22:44,891 - INFO - تم تحميل YAML من: config/center_profiles.yaml
2026-01-31 01:22:44,893 - INFO - تم تحميل 3 مركز تطعيم (DTOs/Profiles)
2026-01-31 01:22:44,893 - INFO - 📁 وجد 4 ملف للمعالجة في data/input_raw
2026-01-31 01:22:44,893 - INFO - تم تحليل 6 إدخال من data/input_raw/test_data.csv
2026-01-31 01:22:44,894 - INFO - تم تحليل 96 إدخال من data/input_raw/heat_mobile_130600112769.csv
2026-01-31 01:22:44,895 - INFO - تم تحليل 96 إدخال من data/input_raw/freeze_clinic_130600112767.csv
2026-01-31 01:22:44,895 - INFO - تم تحليل 96 إدخال من data/input_raw/safe_hospital_130600112764.csv
2026-01-31 01:22:44,895 - INFO - ✅ تمت معالجة: test_data.csv
2026-01-31 01:22:44,896 - INFO - تم تحليل 6 إدخال من data/input_raw/test_data.csv
2026-01-31 01:22:44,896 - INFO - تم تحليل 96 إدخال من data/input_raw/heat_mobile_130600112769.csv
2026-01-31 01:22:44,897 - INFO - تم تحليل 96 إدخال من data/input_raw/freeze_clinic_130600112767.csv
2026-01-31 01:22:44,898 - INFO - تم تحليل 96 إدخال من data/input_raw/safe_hospital_130600112764.csv
2026-01-31 01:22:44,898 - INFO - ✅ تمت معالجة: heat_mobile_130600112769.csv
2026-01-31 01:22:44,898 - INFO - تم تحليل 6 إدخال من data/input_raw/test_data.csv
2026-01-31 01:22:44,899 - INFO - تم تحليل 96 إدخال من data/input_raw/heat_mobile_130600112769.csv
2026-01-31 01:22:44,900 - INFO - تم تحليل 96 إدخال من data/input_raw/freeze_clinic_130600112767.csv
2026-01-31 01:22:44,901 - INFO - تم تحليل 96 إدخال من data/input_raw/safe_hospital_130600112764.csv
2026-01-31 01:22:44,902 - INFO - ✅ تمت معالجة: freeze_clinic_130600112767.csv
2026-01-31 01:22:44,902 - INFO - تم تحليل 6 إدخال من data/input_raw/test_data.csv
2026-01-31 01:22:44,903 - INFO - تم تحليل 96 إدخال من data/input_raw/heat_mobile_130600112769.csv
2026-01-31 01:22:44,903 - INFO - تم تحليل 96 إدخال من data/input_raw/freeze_clinic_130600112767.csv
2026-01-31 01:22:44,904 - INFO - تم تحليل 96 إدخال من data/input_raw/safe_hospital_130600112764.csv
2026-01-31 01:22:44,904 - INFO - ✅ تمت معالجة: safe_hospital_130600112764.csv
2026-01-31 01:22:44,905 - INFO - 📊 إنشاء التقارير...
2026-01-31 01:22:44,905 - INFO - ✅ تم إنشاء تقرير المراكز: data/output/centers_report.tsv
2026-01-31 01:22:44,906 - INFO - 
======================================================================
2026-01-31 01:22:44,906 - INFO - ملخص تشغيل خط المعالجة
2026-01-31 01:22:44,906 - INFO - ======================================================================
2026-01-31 01:22:44,906 - INFO - الملفات المعالجة: 4 من أصل 4
2026-01-31 01:22:44,906 - INFO - الملفات الفاشلة: 0
2026-01-31 01:22:44,907 - INFO - تقرير المراكز: data/output/centers_report.tsv
2026-01-31 01:22:44,907 - INFO - التقارير التفصيلية: data/output/detailed_reports/
2026-01-31 01:22:44,907 - INFO - 🏁 اكتمل خط المعالجة. انظر data/output للنتائج
2026-01-31 01:23:13,894 - INFO - 
=== محاكاة سيناريوهات VVM (نظام النوافذ والقرارات) ===
2026-01-31 01:23:13,895 - INFO - =================================================================================================================================
2026-01-31 01:23:13,895 - INFO - | Scenario                  | Input (Temp & Duration)                       | Cumul.      | Stage | Decision                       |
2026-01-31 01:23:13,895 - INFO - =================================================================================================================================
2026-01-31 01:23:13,898 - INFO - | 1. Ideal Condition        | 5.0°C(720.0h)                                 |    0.0 days | NONE | NO_DATA |
2026-01-31 01:23:13,898 - INFO - | 2. Minor Heat             | 9.0°C(36.0h)                                  |    1.5 days | NONE | NO_DATA |
2026-01-31 01:23:13,898 - INFO - | 3. Stage A                | 15.0°C(72.0h)                                 |    3.0 days | NONE | NO_DATA |
2026-01-31 01:23:13,899 - INFO - | 4. Stage B                | 20.0°C(168.0h)                                |    7.0 days | NONE | NO_DATA |
2026-01-31 01:23:13,899 - INFO - | 5. Stage C                | 12.0°C(288.0h)                                |   12.0 days | NONE | NO_DATA |
2026-01-31 01:23:13,899 - INFO - | 6. Stage D (Cumulative)   | 16.0°C(504.0h)                                |   21.0 days | NONE | NO_DATA |
2026-01-31 01:23:13,899 - INFO - | 7. Stage D (Severe)       | 35.0°C(2.0h)                                  |    0.1 days | NONE | NO_DATA |
2026-01-31 01:23:13,899 - INFO - | 8. Freeze (Guard Rule)    | -5.0°C(1.0h)                                  |    0.0 days | D | REJECTED_FREEZE_SENSITIVE |
2026-01-31 01:23:13,899 - INFO - | 9. Freeze + Stage B       | -2.0°C(1.0h) + 15.0°C(168.0h)                 |    7.0 days | D | REJECTED_FREEZE_SENSITIVE |
2026-01-31 01:23:13,899 - INFO - | 10. Freeze + Stage D      | -2.0°C(1.0h) + 16.0°C(504.0h)                 |   21.0 days | D | REJECTED_FREEZE_SENSITIVE |
2026-01-31 01:23:13,899 - INFO - | 11. Freeze + Safe Heat    | -2.0°C(1.0h) + 9.0°C(24.0h)                   |    1.0 days | D | REJECTED_FREEZE_SENSITIVE |
2026-01-31 01:23:13,899 - INFO - ---------------------------------------------------------------------------------------------------------------------------------
2026-01-31 01:24:06,535 - INFO - فحص الملفات الخام في: data/input_raw
2026-01-31 01:24:06,535 - INFO - 📄 الملف: test_data.csv
2026-01-31 01:24:06,535 - INFO - تم تحليل 6 إدخال من data/input_raw/test_data.csv
2026-01-31 01:24:06,535 - INFO - 📊 عدد الإدخالات: 6
2026-01-31 01:24:06,536 - INFO - 📝 أول 3 عينات:
2026-01-31 01:24:06,536 - INFO -   1: device=130600112764 ts=2024-01-15 08:00:00 temp=5.2
2026-01-31 01:24:06,536 - INFO -   2: device=130600112764 ts=2024-01-15 12:00:00 temp=4.8
2026-01-31 01:24:06,536 - INFO -   3: device=130600112767 ts=2024-01-15 08:00:00 temp=-1.5
2026-01-31 01:24:06,536 - INFO - 📄 الملف: heat_mobile_130600112769.csv
2026-01-31 01:24:06,537 - INFO - تم تحليل 96 إدخال من data/input_raw/heat_mobile_130600112769.csv
2026-01-31 01:24:06,538 - INFO - 📊 عدد الإدخالات: 96
2026-01-31 01:24:06,538 - INFO - 📝 أول 3 عينات:
2026-01-31 01:24:06,538 - INFO -   1: device=130600112769 ts=2026-01-30 01:22:44.887720 temp=11.58
2026-01-31 01:24:06,538 - INFO -   2: device=130600112769 ts=2026-01-30 01:37:44.887720 temp=13.6
2026-01-31 01:24:06,538 - INFO -   3: device=130600112769 ts=2026-01-30 01:52:44.887720 temp=12.68
2026-01-31 01:24:06,538 - INFO - 📄 الملف: freeze_clinic_130600112767.csv
2026-01-31 01:24:06,540 - INFO - تم تحليل 96 إدخال من data/input_raw/freeze_clinic_130600112767.csv
2026-01-31 01:24:06,540 - INFO - 📊 عدد الإدخالات: 96
2026-01-31 01:24:06,541 - INFO - 📝 أول 3 عينات:
2026-01-31 01:24:06,541 - INFO -   1: device=130600112767 ts=2026-01-30 01:22:44.885920 temp=-2.41
2026-01-31 01:24:06,541 - INFO -   2: device=130600112767 ts=2026-01-30 01:37:44.885920 temp=-1.54
2026-01-31 01:24:06,541 - INFO -   3: device=130600112767 ts=2026-01-30 01:52:44.885920 temp=-2.05
2026-01-31 01:24:06,541 - INFO - 📄 الملف: safe_hospital_130600112764.csv
2026-01-31 01:24:06,542 - INFO - تم تحليل 96 إدخال من data/input_raw/safe_hospital_130600112764.csv
2026-01-31 01:24:06,542 - INFO - 📊 عدد الإدخالات: 96
2026-01-31 01:24:06,542 - INFO - 📝 أول 3 عينات:
2026-01-31 01:24:06,542 - INFO -   1: device=130600112764 ts=2026-01-30 01:22:44.884756 temp=4.61
2026-01-31 01:24:06,542 - INFO -   2: device=130600112764 ts=2026-01-30 01:37:44.884756 temp=4.18
2026-01-31 01:24:06,543 - INFO -   3: device=130600112764 ts=2026-01-30 01:52:44.884756 temp=5.33
2026-01-31 01:24:06,543 - INFO - فحص الملف: safe_hospital_130600112764.txt
2026-01-31 01:24:06,543 - INFO - عدد الأسطر: 970
2026-01-31 01:24:06,543 - INFO - ✅ وجد: Hist:
2026-01-31 01:24:06,544 - INFO - ✅ وجد: Date:
2026-01-31 01:24:06,545 - INFO - ✅ وجد: Min T:
2026-01-31 01:24:06,545 - INFO - ✅ وجد: Serial:
2026-01-31 01:24:06,545 - INFO - فحص الملف: 130600112764_202201241939.txt
2026-01-31 01:24:06,545 - INFO - عدد الأسطر: 822
2026-01-31 01:24:06,545 - INFO - ✅ وجد: Hist:
2026-01-31 01:24:06,546 - INFO - ✅ وجد: Date:
2026-01-31 01:24:06,546 - INFO - ✅ وجد: Min T:
2026-01-31 01:24:06,546 - INFO - ✅ وجد: Serial:
2026-01-31 01:24:06,546 - INFO - فحص الملف: heat_mobile_130600112769.txt
2026-01-31 01:24:06,546 - INFO - عدد الأسطر: 970
2026-01-31 01:24:06,546 - INFO - ✅ وجد: Hist:
2026-01-31 01:24:06,546 - INFO - ✅ وجد: Date:
2026-01-31 01:24:06,546 - INFO - ✅ وجد: Min T:
2026-01-31 01:24:06,546 - INFO - ✅ وجد: Serial:
2026-01-31 01:24:06,546 - INFO - فحص الملف: freeze_clinic_130600112767.txt
2026-01-31 01:24:06,546 - INFO - عدد الأسطر: 970
2026-01-31 01:24:06,547 - INFO - ✅ وجد: Hist:
2026-01-31 01:24:06,547 - INFO - ✅ وجد: Date:
2026-01-31 01:24:06,547 - INFO - ✅ وجد: Min T:
2026-01-31 01:24:06,547 - INFO - ✅ وجد: Serial:
2026-01-31 01:24:06,547 - INFO - 
💡 تلميح: لتنظيف الملفات التالفة تلقائياً، شغّل: python scripts/debug_ft2.py --clean
2026-01-31 01:24:38,759 - INFO - 🧹 تنظيف الملفات التالفة في data/input_ft2
2026-01-31 01:24:38,760 - INFO - 🗑️ تم حذف: bad1.txt (فارغ تماماً)
2026-01-31 01:24:38,760 - INFO - ✅ تم تنظيف 1 ملف.
2026-01-31 01:24:38,762 - INFO - فحص الملفات الخام في: data/input_raw
2026-01-31 01:24:38,763 - INFO - 📄 الملف: test_data.csv
2026-01-31 01:24:38,764 - INFO - تم تحليل 6 إدخال من data/input_raw/test_data.csv
2026-01-31 01:24:38,764 - INFO - 📊 عدد الإدخالات: 6
2026-01-31 01:24:38,764 - INFO - 📝 أول 3 عينات:
2026-01-31 01:24:38,765 - INFO -   1: device=130600112764 ts=2024-01-15 08:00:00 temp=5.2
2026-01-31 01:24:38,765 - INFO -   2: device=130600112764 ts=2024-01-15 12:00:00 temp=4.8
2026-01-31 01:24:38,765 - INFO -   3: device=130600112767 ts=2024-01-15 08:00:00 temp=-1.5
2026-01-31 01:24:38,765 - INFO - 📄 الملف: heat_mobile_130600112769.csv
2026-01-31 01:24:38,766 - INFO - تم تحليل 96 إدخال من data/input_raw/heat_mobile_130600112769.csv
2026-01-31 01:24:38,766 - INFO - 📊 عدد الإدخالات: 96
2026-01-31 01:24:38,766 - INFO - 📝 أول 3 عينات:
2026-01-31 01:24:38,766 - INFO -   1: device=130600112769 ts=2026-01-30 01:22:44.887720 temp=11.58
2026-01-31 01:24:38,766 - INFO -   2: device=130600112769 ts=2026-01-30 01:37:44.887720 temp=13.6
2026-01-31 01:24:38,766 - INFO -   3: device=130600112769 ts=2026-01-30 01:52:44.887720 temp=12.68
2026-01-31 01:24:38,766 - INFO - 📄 الملف: freeze_clinic_130600112767.csv
2026-01-31 01:24:38,767 - INFO - تم تحليل 96 إدخال من data/input_raw/freeze_clinic_130600112767.csv
2026-01-31 01:24:38,767 - INFO - 📊 عدد الإدخالات: 96
2026-01-31 01:24:38,767 - INFO - 📝 أول 3 عينات:
2026-01-31 01:24:38,767 - INFO -   1: device=130600112767 ts=2026-01-30 01:22:44.885920 temp=-2.41
2026-01-31 01:24:38,767 - INFO -   2: device=130600112767 ts=2026-01-30 01:37:44.885920 temp=-1.54
2026-01-31 01:24:38,768 - INFO -   3: device=130600112767 ts=2026-01-30 01:52:44.885920 temp=-2.05
2026-01-31 01:24:38,768 - INFO - 📄 الملف: safe_hospital_130600112764.csv
2026-01-31 01:24:38,768 - INFO - تم تحليل 96 إدخال من data/input_raw/safe_hospital_130600112764.csv
2026-01-31 01:24:38,768 - INFO - 📊 عدد الإدخالات: 96
2026-01-31 01:24:38,769 - INFO - 📝 أول 3 عينات:
2026-01-31 01:24:38,769 - INFO -   1: device=130600112764 ts=2026-01-30 01:22:44.884756 temp=4.61
2026-01-31 01:24:38,769 - INFO -   2: device=130600112764 ts=2026-01-30 01:37:44.884756 temp=4.18
2026-01-31 01:24:38,769 - INFO -   3: device=130600112764 ts=2026-01-30 01:52:44.884756 temp=5.33
2026-01-31 01:24:38,770 - INFO - تم ربط 3 إدخال، تم تخطي 1
2026-01-31 01:24:38,772 - INFO - تم ربط 3 إدخال، تم تخطي 1
2026-01-31 01:24:38,773 - INFO - تم ربط 0 إدخال، تم تخطي 2
2026-01-31 01:24:38,774 - INFO - تم ربط 0 إدخال، تم تخطي 0
2026-01-31 01:24:38,776 - INFO - تم ربط 0 إدخال، تم تخطي 4
2026-01-31 01:24:38,778 - INFO - تم تحليل 2 إدخال من /tmp/pytest-of-amer11974/pytest-7/test_parse_valid_csv0/data/test_readings.csv
2026-01-31 01:24:38,785 - WARNING - تنسيق غير معروف في /tmp/pytest-of-amer11974/pytest-7/test_parse_invalid_file0/empty.csv
2026-01-31 01:24:38,785 - INFO - تم تحليل 0 إدخال من /tmp/pytest-of-amer11974/pytest-7/test_parse_invalid_file0/empty.csv
2026-01-31 01:24:38,788 - WARNING - تخطي صف 0 في /tmp/pytest-of-amer11974/pytest-7/test_parse_malformed_rows0/data_malformed/bad_readings.csv: could not convert string to float: 'invalid_temp'
2026-01-31 01:24:38,788 - INFO - تم تحليل 1 إدخال من /tmp/pytest-of-amer11974/pytest-7/test_parse_malformed_rows0/data_malformed/bad_readings.csv
2026-01-31 01:24:38,794 - INFO - 📄 إنشاء تقرير PDF احترافي
2026-01-31 01:24:38,794 - INFO - ==================================================
2026-01-31 01:24:38,794 - ERROR - ❌ ملف التقرير غير موجود: data/output/centers_report.tsv
2026-01-31 01:24:38,794 - INFO - ⚠️  قم بتشغيل النظام أولاً:
2026-01-31 01:24:38,794 - INFO -    python -m scripts.run_ft2_pipeline --legacy
2026-01-31 01:24:38,801 - INFO - 📄 إنشاء تقرير PDF احترافي
2026-01-31 01:24:38,802 - INFO - ==================================================
2026-01-31 01:24:38,802 - INFO - 📊 قراءة البيانات من: data/output/centers_report.tsv
2026-01-31 01:24:38,802 - INFO - 🔄 جاري إنشاء التقرير...
2026-01-31 01:24:38,802 - INFO - 
✅ تم إنشاء التقرير بنجاح!
2026-01-31 01:24:38,802 - INFO - 📍 الموقع: /fake/report.pdf
2026-01-31 01:24:38,829 - INFO - 📂 تم فتح التقرير تلقائياً
2026-01-31 01:24:38,852 - INFO - | Test Scenario             | 5.0°C(1.0h) + 15.0°C(24.0h)                   |    1.0 days | NONE | NO_DATA |
2026-01-31 01:24:38,888 - INFO - Mock data created at: data/output/visual_tests/mock_visual_data.tsv
2026-01-31 01:24:38,888 - INFO - Generating Official Visual Report...
2026-01-31 01:24:38,888 - INFO - Done: /tmp/pytest-of-amer11974/pytest-7/test_verify_visual_reports_run0/data/output/visual_tests/visual_test_official.pdf
2026-01-31 01:24:38,888 - INFO - Generating Technical Visual Report...
2026-01-31 01:24:38,889 - INFO - Done: /tmp/pytest-of-amer11974/pytest-7/test_verify_visual_reports_run0/data/output/visual_tests/visual_test_official.pdf
2026-01-31 01:24:38,889 - INFO - Generating Arabic Visual Report...
2026-01-31 01:24:38,889 - INFO - Done: /tmp/pytest-of-amer11974/pytest-7/test_verify_visual_reports_run0/data/output/visual_tests/visual_test_official.pdf
2026-01-31 01:24:59,369 - INFO - | Test Scenario             | 5.0°C(1.0h) + 15.0°C(24.0h)                   | 1.0    days | NONE  | NO_DATA                        |
2026-01-31 01:25:09,909 - INFO - 🧹 تنظيف الملفات التالفة في data/input_ft2
2026-01-31 01:25:09,910 - INFO - 🗑️ تم حذف: bad1.txt (فارغ تماماً)
2026-01-31 01:25:09,910 - INFO - ✅ تم تنظيف 1 ملف.
2026-01-31 01:25:09,912 - INFO - فحص الملفات الخام في: data/input_raw
2026-01-31 01:25:09,912 - INFO - 📄 الملف: test_data.csv
2026-01-31 01:25:09,913 - INFO - تم تحليل 6 إدخال من data/input_raw/test_data.csv
2026-01-31 01:25:09,913 - INFO - 📊 عدد الإدخالات: 6
2026-01-31 01:25:09,913 - INFO - 📝 أول 3 عينات:
2026-01-31 01:25:09,913 - INFO -   1: device=130600112764 ts=2024-01-15 08:00:00 temp=5.2
2026-01-31 01:25:09,913 - INFO -   2: device=130600112764 ts=2024-01-15 12:00:00 temp=4.8
2026-01-31 01:25:09,914 - INFO -   3: device=130600112767 ts=2024-01-15 08:00:00 temp=-1.5
2026-01-31 01:25:09,914 - INFO - 📄 الملف: heat_mobile_130600112769.csv
2026-01-31 01:25:09,915 - INFO - تم تحليل 96 إدخال من data/input_raw/heat_mobile_130600112769.csv
2026-01-31 01:25:09,915 - INFO - 📊 عدد الإدخالات: 96
2026-01-31 01:25:09,915 - INFO - 📝 أول 3 عينات:
2026-01-31 01:25:09,915 - INFO -   1: device=130600112769 ts=2026-01-30 01:22:44.887720 temp=11.58
2026-01-31 01:25:09,915 - INFO -   2: device=130600112769 ts=2026-01-30 01:37:44.887720 temp=13.6
2026-01-31 01:25:09,915 - INFO -   3: device=130600112769 ts=2026-01-30 01:52:44.887720 temp=12.68
2026-01-31 01:25:09,916 - INFO - 📄 الملف: freeze_clinic_130600112767.csv
2026-01-31 01:25:09,916 - INFO - تم تحليل 96 إدخال من data/input_raw/freeze_clinic_130600112767.csv
2026-01-31 01:25:09,916 - INFO - 📊 عدد الإدخالات: 96
2026-01-31 01:25:09,916 - INFO - 📝 أول 3 عينات:
2026-01-31 01:25:09,918 - INFO -   1: device=130600112767 ts=2026-01-30 01:22:44.885920 temp=-2.41
2026-01-31 01:25:09,919 - INFO -   2: device=130600112767 ts=2026-01-30 01:37:44.885920 temp=-1.54
2026-01-31 01:25:09,919 - INFO -   3: device=130600112767 ts=2026-01-30 01:52:44.885920 temp=-2.05
2026-01-31 01:25:09,919 - INFO - 📄 الملف: safe_hospital_130600112764.csv
2026-01-31 01:25:09,920 - INFO - تم تحليل 96 إدخال من data/input_raw/safe_hospital_130600112764.csv
2026-01-31 01:25:09,920 - INFO - 📊 عدد الإدخالات: 96
2026-01-31 01:25:09,920 - INFO - 📝 أول 3 عينات:
2026-01-31 01:25:09,920 - INFO -   1: device=130600112764 ts=2026-01-30 01:22:44.884756 temp=4.61
2026-01-31 01:25:09,920 - INFO -   2: device=130600112764 ts=2026-01-30 01:37:44.884756 temp=4.18
2026-01-31 01:25:09,920 - INFO -   3: device=130600112764 ts=2026-01-30 01:52:44.884756 temp=5.33
2026-01-31 01:25:09,922 - INFO - تم ربط 3 إدخال، تم تخطي 1
2026-01-31 01:25:09,923 - INFO - تم ربط 3 إدخال، تم تخطي 1
2026-01-31 01:25:09,924 - INFO - تم ربط 0 إدخال، تم تخطي 2
2026-01-31 01:25:09,925 - INFO - تم ربط 0 إدخال، تم تخطي 0
2026-01-31 01:25:09,926 - INFO - تم ربط 0 إدخال، تم تخطي 4
2026-01-31 01:25:09,929 - INFO - تم تحليل 2 إدخال من /tmp/pytest-of-amer11974/pytest-8/test_parse_valid_csv0/data/test_readings.csv
2026-01-31 01:25:09,932 - WARNING - تنسيق غير معروف في /tmp/pytest-of-amer11974/pytest-8/test_parse_invalid_file0/empty.csv
2026-01-31 01:25:09,932 - INFO - تم تحليل 0 إدخال من /tmp/pytest-of-amer11974/pytest-8/test_parse_invalid_file0/empty.csv
2026-01-31 01:25:09,937 - WARNING - تخطي صف 0 في /tmp/pytest-of-amer11974/pytest-8/test_parse_malformed_rows0/data_malformed/bad_readings.csv: could not convert string to float: 'invalid_temp'
2026-01-31 01:25:09,937 - INFO - تم تحليل 1 إدخال من /tmp/pytest-of-amer11974/pytest-8/test_parse_malformed_rows0/data_malformed/bad_readings.csv
2026-01-31 01:25:09,943 - INFO - 📄 إنشاء تقرير PDF احترافي
2026-01-31 01:25:09,943 - INFO - ==================================================
2026-01-31 01:25:09,944 - ERROR - ❌ ملف التقرير غير موجود: data/output/centers_report.tsv
2026-01-31 01:25:09,944 - INFO - ⚠️  قم بتشغيل النظام أولاً:
2026-01-31 01:25:09,944 - INFO -    python -m scripts.run_ft2_pipeline --legacy
2026-01-31 01:25:09,948 - INFO - 📄 إنشاء تقرير PDF احترافي
2026-01-31 01:25:09,949 - INFO - ==================================================
2026-01-31 01:25:09,949 - INFO - 📊 قراءة البيانات من: data/output/centers_report.tsv
2026-01-31 01:25:09,949 - INFO - 🔄 جاري إنشاء التقرير...
2026-01-31 01:25:09,949 - INFO - 
✅ تم إنشاء التقرير بنجاح!
2026-01-31 01:25:09,949 - INFO - 📍 الموقع: /fake/report.pdf
2026-01-31 01:25:09,976 - INFO - 📂 تم فتح التقرير تلقائياً
2026-01-31 01:25:10,001 - INFO - | Test Scenario             | 5.0°C(1.0h) + 15.0°C(24.0h)                   | 1.0    days | NONE  | NO_DATA                        |
2026-01-31 01:25:10,014 - INFO - Mock data created at: data/output/visual_tests/mock_visual_data.tsv
2026-01-31 01:25:10,014 - INFO - Generating Official Visual Report...
2026-01-31 01:25:10,015 - INFO - Done: /tmp/pytest-of-amer11974/pytest-8/test_verify_visual_reports_run0/data/output/visual_tests/visual_test_official.pdf
2026-01-31 01:25:10,015 - INFO - Generating Technical Visual Report...
2026-01-31 01:25:10,015 - INFO - Done: /tmp/pytest-of-amer11974/pytest-8/test_verify_visual_reports_run0/data/output/visual_tests/visual_test_official.pdf
2026-01-31 01:25:10,015 - INFO - Generating Arabic Visual Report...
2026-01-31 01:25:10,015 - INFO - Done: /tmp/pytest-of-amer11974/pytest-8/test_verify_visual_reports_run0/data/output/visual_tests/visual_test_official.pdf
2026-01-31 01:29:32,813 - INFO - 🧹 تنظيف الملفات التالفة في data/input_ft2
2026-01-31 01:29:32,814 - INFO - 🗑️ تم حذف: bad1.txt (فارغ تماماً)
2026-01-31 01:29:32,814 - INFO - ✅ تم تنظيف 1 ملف.
2026-01-31 01:29:32,816 - INFO - فحص الملفات الخام في: data/input_raw
2026-01-31 01:29:32,817 - INFO - 📄 الملف: test_data.csv
2026-01-31 01:29:32,817 - INFO - تم تحليل 6 إدخال من data/input_raw/test_data.csv
2026-01-31 01:29:32,817 - INFO - 📊 عدد الإدخالات: 6
2026-01-31 01:29:32,817 - INFO - 📝 أول 3 عينات:
2026-01-31 01:29:32,818 - INFO -   1: device=130600112764 ts=2024-01-15 08:00:00 temp=5.2
2026-01-31 01:29:32,818 - INFO -   2: device=130600112764 ts=2024-01-15 12:00:00 temp=4.8
2026-01-31 01:29:32,818 - INFO -   3: device=130600112767 ts=2024-01-15 08:00:00 temp=-1.5
2026-01-31 01:29:32,818 - INFO - 📄 الملف: heat_mobile_130600112769.csv
2026-01-31 01:29:32,819 - INFO - تم تحليل 96 إدخال من data/input_raw/heat_mobile_130600112769.csv
2026-01-31 01:29:32,819 - INFO - 📊 عدد الإدخالات: 96
2026-01-31 01:29:32,819 - INFO - 📝 أول 3 عينات:
2026-01-31 01:29:32,819 - INFO -   1: device=130600112769 ts=2026-01-30 01:22:44.887720 temp=11.58
2026-01-31 01:29:32,819 - INFO -   2: device=130600112769 ts=2026-01-30 01:37:44.887720 temp=13.6
2026-01-31 01:29:32,819 - INFO -   3: device=130600112769 ts=2026-01-30 01:52:44.887720 temp=12.68
2026-01-31 01:29:32,819 - INFO - 📄 الملف: freeze_clinic_130600112767.csv
2026-01-31 01:29:32,820 - INFO - تم تحليل 96 إدخال من data/input_raw/freeze_clinic_130600112767.csv
2026-01-31 01:29:32,820 - INFO - 📊 عدد الإدخالات: 96
2026-01-31 01:29:32,820 - INFO - 📝 أول 3 عينات:
2026-01-31 01:29:32,820 - INFO -   1: device=130600112767 ts=2026-01-30 01:22:44.885920 temp=-2.41
2026-01-31 01:29:32,820 - INFO -   2: device=130600112767 ts=2026-01-30 01:37:44.885920 temp=-1.54
2026-01-31 01:29:32,821 - INFO -   3: device=130600112767 ts=2026-01-30 01:52:44.885920 temp=-2.05
2026-01-31 01:29:32,821 - INFO - 📄 الملف: safe_hospital_130600112764.csv
2026-01-31 01:29:32,821 - INFO - تم تحليل 96 إدخال من data/input_raw/safe_hospital_130600112764.csv
2026-01-31 01:29:32,821 - INFO - 📊 عدد الإدخالات: 96
2026-01-31 01:29:32,821 - INFO - 📝 أول 3 عينات:
2026-01-31 01:29:32,822 - INFO -   1: device=130600112764 ts=2026-01-30 01:22:44.884756 temp=4.61
2026-01-31 01:29:32,822 - INFO -   2: device=130600112764 ts=2026-01-30 01:37:44.884756 temp=4.18
2026-01-31 01:29:32,822 - INFO -   3: device=130600112764 ts=2026-01-30 01:52:44.884756 temp=5.33
2026-01-31 01:29:32,824 - INFO - تم ربط 3 إدخال، تم تخطي 1
2026-01-31 01:29:32,825 - INFO - تم ربط 3 إدخال، تم تخطي 1
2026-01-31 01:29:32,826 - INFO - تم ربط 0 إدخال، تم تخطي 2
2026-01-31 01:29:32,827 - INFO - تم ربط 0 إدخال، تم تخطي 0
2026-01-31 01:29:32,828 - INFO - تم ربط 0 إدخال، تم تخطي 4
2026-01-31 01:29:32,831 - INFO - تم تحليل 2 إدخال من /tmp/pytest-of-amer11974/pytest-9/test_parse_valid_csv0/data/test_readings.csv
2026-01-31 01:29:32,837 - WARNING - تنسيق غير معروف في /tmp/pytest-of-amer11974/pytest-9/test_parse_invalid_file0/empty.csv
2026-01-31 01:29:32,837 - INFO - تم تحليل 0 إدخال من /tmp/pytest-of-amer11974/pytest-9/test_parse_invalid_file0/empty.csv
2026-01-31 01:29:32,843 - WARNING - تخطي صف 0 في /tmp/pytest-of-amer11974/pytest-9/test_parse_malformed_rows0/data_malformed/bad_readings.csv: could not convert string to float: 'invalid_temp'
2026-01-31 01:29:32,843 - INFO - تم تحليل 1 إدخال من /tmp/pytest-of-amer11974/pytest-9/test_parse_malformed_rows0/data_malformed/bad_readings.csv
2026-01-31 01:29:32,849 - INFO - 📄 إنشاء تقرير PDF احترافي
2026-01-31 01:29:32,849 - INFO - ==================================================
2026-01-31 01:29:32,849 - ERROR - ❌ ملف التقرير غير موجود: data/output/centers_report.tsv
2026-01-31 01:29:32,849 - INFO - ⚠️  قم بتشغيل النظام أولاً:
2026-01-31 01:29:32,850 - INFO -    python -m scripts.run_ft2_pipeline --legacy
2026-01-31 01:29:32,859 - INFO - 📄 إنشاء تقرير PDF احترافي
2026-01-31 01:29:32,860 - INFO - ==================================================
2026-01-31 01:29:32,860 - INFO - 📊 قراءة البيانات من: data/output/centers_report.tsv
2026-01-31 01:29:32,860 - INFO - 🔄 جاري إنشاء التقرير...
2026-01-31 01:29:32,860 - INFO - 
✅ تم إنشاء التقرير بنجاح!
2026-01-31 01:29:32,860 - INFO - 📍 الموقع: /fake/report.pdf
2026-01-31 01:29:32,888 - INFO - 📂 تم فتح التقرير تلقائياً
2026-01-31 01:29:32,909 - INFO - | Test Scenario             | 5.0°C(1.0h) + 15.0°C(24.0h)                   | 1.0    days | NONE  | NO_DATA                        |
2026-01-31 01:29:32,922 - INFO - Mock data created at: data/output/visual_tests/mock_visual_data.tsv
2026-01-31 01:29:32,923 - INFO - Generating Official Visual Report...
2026-01-31 01:29:32,923 - INFO - Done: /tmp/pytest-of-amer11974/pytest-9/test_verify_visual_reports_run0/data/output/visual_tests/visual_test_official.pdf
2026-01-31 01:29:32,923 - INFO - Generating Technical Visual Report...
2026-01-31 01:29:32,923 - INFO - Done: /tmp/pytest-of-amer11974/pytest-9/test_verify_visual_reports_run0/data/output/visual_tests/visual_test_official.pdf
2026-01-31 01:29:32,923 - INFO - Generating Arabic Visual Report...
2026-01-31 01:29:32,923 - INFO - Done: /tmp/pytest-of-amer11974/pytest-9/test_verify_visual_reports_run0/data/output/visual_tests/visual_test_official.pdf
2026-01-31 01:39:50,269 - INFO - 🧹 تنظيف الملفات التالفة في data/input_ft2
2026-01-31 01:39:50,270 - INFO - 🗑️ تم حذف: bad1.txt (فارغ تماماً)
2026-01-31 01:39:50,270 - INFO - ✅ تم تنظيف 1 ملف.
2026-01-31 01:39:50,271 - INFO - فحص الملفات الخام في: data/input_raw
2026-01-31 01:39:50,271 - INFO - 📄 الملف: test_data.csv
2026-01-31 01:39:50,272 - INFO - تم تحليل 6 إدخال من data/input_raw/test_data.csv
2026-01-31 01:39:50,272 - INFO - 📊 عدد الإدخالات: 6
2026-01-31 01:39:50,272 - INFO - 📝 أول 3 عينات:
2026-01-31 01:39:50,272 - INFO -   1: device=130600112764 ts=2024-01-15 08:00:00 temp=5.2
2026-01-31 01:39:50,272 - INFO -   2: device=130600112764 ts=2024-01-15 12:00:00 temp=4.8
2026-01-31 01:39:50,272 - INFO -   3: device=130600112767 ts=2024-01-15 08:00:00 temp=-1.5
2026-01-31 01:39:50,273 - INFO - 📄 الملف: heat_mobile_130600112769.csv
2026-01-31 01:39:50,273 - INFO - تم تحليل 96 إدخال من data/input_raw/heat_mobile_130600112769.csv
2026-01-31 01:39:50,273 - INFO - 📊 عدد الإدخالات: 96
2026-01-31 01:39:50,273 - INFO - 📝 أول 3 عينات:
2026-01-31 01:39:50,273 - INFO -   1: device=130600112769 ts=2026-01-30 01:22:44.887720 temp=11.58
2026-01-31 01:39:50,274 - INFO -   2: device=130600112769 ts=2026-01-30 01:37:44.887720 temp=13.6
2026-01-31 01:39:50,274 - INFO -   3: device=130600112769 ts=2026-01-30 01:52:44.887720 temp=12.68
2026-01-31 01:39:50,274 - INFO - 📄 الملف: freeze_clinic_130600112767.csv
2026-01-31 01:39:50,274 - INFO - تم تحليل 96 إدخال من data/input_raw/freeze_clinic_130600112767.csv
2026-01-31 01:39:50,274 - INFO - 📊 عدد الإدخالات: 96
2026-01-31 01:39:50,275 - INFO - 📝 أول 3 عينات:
2026-01-31 01:39:50,275 - INFO -   1: device=130600112767 ts=2026-01-30 01:22:44.885920 temp=-2.41
2026-01-31 01:39:50,275 - INFO -   2: device=130600112767 ts=2026-01-30 01:37:44.885920 temp=-1.54
2026-01-31 01:39:50,275 - INFO -   3: device=130600112767 ts=2026-01-30 01:52:44.885920 temp=-2.05
2026-01-31 01:39:50,275 - INFO - 📄 الملف: safe_hospital_130600112764.csv
2026-01-31 01:39:50,275 - INFO - تم تحليل 96 إدخال من data/input_raw/safe_hospital_130600112764.csv
2026-01-31 01:39:50,276 - INFO - 📊 عدد الإدخالات: 96
2026-01-31 01:39:50,276 - INFO - 📝 أول 3 عينات:
2026-01-31 01:39:50,276 - INFO -   1: device=130600112764 ts=2026-01-30 01:22:44.884756 temp=4.61
2026-01-31 01:39:50,276 - INFO -   2: device=130600112764 ts=2026-01-30 01:37:44.884756 temp=4.18
2026-01-31 01:39:50,276 - INFO -   3: device=130600112764 ts=2026-01-30 01:52:44.884756 temp=5.33
2026-01-31 01:39:50,278 - INFO - تم ربط 3 إدخال، تم تخطي 1
2026-01-31 01:39:50,279 - INFO - تم ربط 3 إدخال، تم تخطي 1
2026-01-31 01:39:50,280 - INFO - تم ربط 0 إدخال، تم تخطي 2
2026-01-31 01:39:50,281 - INFO - تم ربط 0 إدخال، تم تخطي 0
2026-01-31 01:39:50,282 - INFO - تم ربط 0 إدخال، تم تخطي 4
2026-01-31 01:39:50,284 - INFO - تم تحليل 2 إدخال من /tmp/pytest-of-amer11974/pytest-10/test_parse_valid_csv0/data/test_readings.csv
2026-01-31 01:39:50,287 - WARNING - تنسيق غير معروف في /tmp/pytest-of-amer11974/pytest-10/test_parse_invalid_file0/empty.csv
2026-01-31 01:39:50,288 - INFO - تم تحليل 0 إدخال من /tmp/pytest-of-amer11974/pytest-10/test_parse_invalid_file0/empty.csv
2026-01-31 01:39:50,290 - WARNING - تخطي صف 0 في /tmp/pytest-of-amer11974/pytest-10/test_parse_malformed_rows0/data_malformed/bad_readings.csv: could not convert string to float: 'invalid_temp'
2026-01-31 01:39:50,291 - INFO - تم تحليل 1 إدخال من /tmp/pytest-of-amer11974/pytest-10/test_parse_malformed_rows0/data_malformed/bad_readings.csv
2026-01-31 01:39:50,296 - INFO - 📄 إنشاء تقرير PDF احترافي
2026-01-31 01:39:50,296 - INFO - ==================================================
2026-01-31 01:39:50,297 - ERROR - ❌ ملف التقرير غير موجود: data/output/centers_report.tsv
2026-01-31 01:39:50,297 - INFO - ⚠️  قم بتشغيل النظام أولاً:
2026-01-31 01:39:50,297 - INFO -    python -m scripts.run_ft2_pipeline --legacy
2026-01-31 01:39:50,302 - INFO - 📄 إنشاء تقرير PDF احترافي
2026-01-31 01:39:50,302 - INFO - ==================================================
2026-01-31 01:39:50,302 - INFO - 📊 قراءة البيانات من: data/output/centers_report.tsv
2026-01-31 01:39:50,302 - INFO - 🔄 جاري إنشاء التقرير...
2026-01-31 01:39:50,302 - INFO - 
✅ تم إنشاء التقرير بنجاح!
2026-01-31 01:39:50,302 - INFO - 📍 الموقع: /fake/report.pdf
2026-01-31 01:39:50,326 - INFO - 📂 تم فتح التقرير تلقائياً
2026-01-31 01:39:50,345 - INFO - | Test Scenario             | 5.0°C(1.0h) + 15.0°C(24.0h)                   | 1.0    days | NONE  | NO_DATA                        |
2026-01-31 01:39:50,356 - INFO - Mock data created at: data/output/visual_tests/mock_visual_data.tsv
2026-01-31 01:39:50,356 - INFO - Generating Official Visual Report...
2026-01-31 01:39:50,356 - INFO - Done: /tmp/pytest-of-amer11974/pytest-10/test_verify_visual_reports_run0/data/output/visual_tests/visual_test_official.pdf
2026-01-31 01:39:50,356 - INFO - Generating Technical Visual Report...
2026-01-31 01:39:50,356 - INFO - Done: /tmp/pytest-of-amer11974/pytest-10/test_verify_visual_reports_run0/data/output/visual_tests/visual_test_official.pdf
2026-01-31 01:39:50,356 - INFO - Generating Arabic Visual Report...
2026-01-31 01:39:50,357 - INFO - Done: /tmp/pytest-of-amer11974/pytest-10/test_verify_visual_reports_run0/data/output/visual_tests/visual_test_official.pdf
2026-01-31 01:40:34,316 - INFO - 🚀 بدء التشغيل المبسط...
2026-01-31 01:40:34,316 - INFO - 🧪 الخطوة 1: إنشاء بيانات اختبار...
2026-01-31 01:40:34,317 - INFO - ✅ تم إنشاء بيانات الاختبار
2026-01-31 01:40:34,317 - INFO - 🔄 الخطوة 2: محاكاة معالجة البيانات...
2026-01-31 01:40:34,317 - INFO - ✅ تم إنشاء التقرير الوهمي
2026-01-31 01:40:34,318 - INFO - Mapped 3 internal centers to DTOs for presentation
2026-01-31 01:40:34,318 - INFO - 📄 الخطوة 3: إنشاء تقرير PDF...
2026-01-31 01:40:34,319 - WARNING - ⚠️  لم يتم إنشاء PDF: No module named 'src.reporting.simple_pdf_generator'
2026-01-31 01:40:34,320 - INFO - 📋 لكن التقرير النصي جاهز في: data/output/centers_report.tsv
2026-01-31 02:53:09,658 - INFO - 🧹 تنظيف الملفات التالفة في data/input_ft2
2026-01-31 02:53:09,659 - INFO - 🗑️ تم حذف: bad1.txt (فارغ تماماً)
2026-01-31 02:53:09,659 - INFO - ✅ تم تنظيف 1 ملف.
2026-01-31 02:53:09,660 - INFO - فحص الملفات الخام في: data/input_raw
2026-01-31 02:53:09,660 - INFO - 📄 الملف: test_data.csv
2026-01-31 02:53:09,671 - INFO - تم تحليل 6 إدخال من data/input_raw/test_data.csv
2026-01-31 02:53:09,671 - INFO - 📊 عدد الإدخالات: 6
2026-01-31 02:53:09,672 - INFO - 📝 أول 3 عينات:
2026-01-31 02:53:09,672 - INFO -   1: device=130600112764 ts=2024-01-15 08:00:00 temp=5.2
2026-01-31 02:53:09,672 - INFO -   2: device=130600112764 ts=2024-01-15 12:00:00 temp=4.8
2026-01-31 02:53:09,672 - INFO -   3: device=130600112767 ts=2024-01-15 08:00:00 temp=-1.5
2026-01-31 02:53:09,672 - INFO - 📄 الملف: heat_mobile_130600112769.csv
2026-01-31 02:53:09,673 - INFO - تم تحليل 96 إدخال من data/input_raw/heat_mobile_130600112769.csv
2026-01-31 02:53:09,673 - INFO - 📊 عدد الإدخالات: 96
2026-01-31 02:53:09,674 - INFO - 📝 أول 3 عينات:
2026-01-31 02:53:09,674 - INFO -   1: device=130600112769 ts=2026-01-30 01:22:44.887720 temp=11.58
2026-01-31 02:53:09,674 - INFO -   2: device=130600112769 ts=2026-01-30 01:37:44.887720 temp=13.6
2026-01-31 02:53:09,674 - INFO -   3: device=130600112769 ts=2026-01-30 01:52:44.887720 temp=12.68
2026-01-31 02:53:09,674 - INFO - 📄 الملف: freeze_clinic_130600112767.csv
2026-01-31 02:53:09,675 - INFO - تم تحليل 96 إدخال من data/input_raw/freeze_clinic_130600112767.csv
2026-01-31 02:53:09,675 - INFO - 📊 عدد الإدخالات: 96
2026-01-31 02:53:09,675 - INFO - 📝 أول 3 عينات:
2026-01-31 02:53:09,675 - INFO -   1: device=130600112767 ts=2026-01-30 01:22:44.885920 temp=-2.41
2026-01-31 02:53:09,675 - INFO -   2: device=130600112767 ts=2026-01-30 01:37:44.885920 temp=-1.54
2026-01-31 02:53:09,676 - INFO -   3: device=130600112767 ts=2026-01-30 01:52:44.885920 temp=-2.05
2026-01-31 02:53:09,676 - INFO - 📄 الملف: safe_hospital_130600112764.csv
2026-01-31 02:53:09,676 - INFO - تم تحليل 96 إدخال من data/input_raw/safe_hospital_130600112764.csv
2026-01-31 02:53:09,677 - INFO - 📊 عدد الإدخالات: 96
2026-01-31 02:53:09,677 - INFO - 📝 أول 3 عينات:
2026-01-31 02:53:09,677 - INFO -   1: device=130600112764 ts=2026-01-30 01:22:44.884756 temp=4.61
2026-01-31 02:53:09,677 - INFO -   2: device=130600112764 ts=2026-01-30 01:37:44.884756 temp=4.18
2026-01-31 02:53:09,677 - INFO -   3: device=130600112764 ts=2026-01-30 01:52:44.884756 temp=5.33
2026-01-31 02:53:09,679 - INFO - تم ربط 3 إدخال، تم تخطي 1
2026-01-31 02:53:09,680 - INFO - تم ربط 3 إدخال، تم تخطي 1
2026-01-31 02:53:09,681 - INFO - تم ربط 0 إدخال، تم تخطي 2
2026-01-31 02:53:09,682 - INFO - تم ربط 0 إدخال، تم تخطي 0
2026-01-31 02:53:09,683 - INFO - تم ربط 0 إدخال، تم تخطي 4
2026-01-31 02:53:09,686 - INFO - تم تحليل 2 إدخال من /tmp/pytest-of-amer11974/pytest-11/test_parse_valid_csv0/data/test_readings.csv
2026-01-31 02:53:09,689 - WARNING - تنسيق غير معروف في /tmp/pytest-of-amer11974/pytest-11/test_parse_invalid_file0/empty.csv
2026-01-31 02:53:09,689 - INFO - تم تحليل 0 إدخال من /tmp/pytest-of-amer11974/pytest-11/test_parse_invalid_file0/empty.csv
2026-01-31 02:53:09,692 - WARNING - تخطي صف 0 في /tmp/pytest-of-amer11974/pytest-11/test_parse_malformed_rows0/data_malformed/bad_readings.csv: could not convert string to float: 'invalid_temp'
2026-01-31 02:53:09,692 - INFO - تم تحليل 1 إدخال من /tmp/pytest-of-amer11974/pytest-11/test_parse_malformed_rows0/data_malformed/bad_readings.csv
2026-01-31 02:53:09,698 - INFO - 📄 إنشاء تقرير PDF احترافي
2026-01-31 02:53:09,698 - INFO - ==================================================
2026-01-31 02:53:09,698 - ERROR - ❌ ملف التقرير غير موجود: data/output/centers_report.tsv
2026-01-31 02:53:09,698 - INFO - ⚠️  قم بتشغيل النظام أولاً:
2026-01-31 02:53:09,698 - INFO -    python -m scripts.run_ft2_pipeline --legacy
2026-01-31 02:53:09,836 - INFO - | Test Scenario             | 5.0°C(1.0h) + 15.0°C(24.0h)                   | 1.0    days | NONE  | NO_DATA                        |
2026-01-31 02:53:09,854 - INFO - Mock data created at: data/output/visual_tests/mock_visual_data.tsv
2026-01-31 02:53:09,854 - INFO - Generating Official Visual Report...
2026-01-31 02:53:09,855 - INFO - Done: /tmp/pytest-of-amer11974/pytest-11/test_verify_visual_reports_run0/data/output/visual_tests/visual_test_official.pdf
2026-01-31 02:53:09,855 - INFO - Generating Technical Visual Report...
2026-01-31 02:53:09,855 - INFO - Done: /tmp/pytest-of-amer11974/pytest-11/test_verify_visual_reports_run0/data/output/visual_tests/visual_test_official.pdf
2026-01-31 02:53:09,855 - INFO - Generating Arabic Visual Report...
2026-01-31 02:53:09,855 - INFO - Done: /tmp/pytest-of-amer11974/pytest-11/test_verify_visual_reports_run0/data/output/visual_tests/visual_test_official.pdf
2026-01-31 02:53:29,263 - INFO - 🧹 تنظيف الملفات التالفة في data/input_ft2
2026-01-31 02:53:29,264 - INFO - 🗑️ تم حذف: bad1.txt (فارغ تماماً)
2026-01-31 02:53:29,264 - INFO - ✅ تم تنظيف 1 ملف.
2026-01-31 02:53:29,265 - INFO - فحص الملفات الخام في: data/input_raw
2026-01-31 02:53:29,265 - INFO - 📄 الملف: test_data.csv
2026-01-31 02:53:29,266 - INFO - تم تحليل 6 إدخال من data/input_raw/test_data.csv
2026-01-31 02:53:29,266 - INFO - 📊 عدد الإدخالات: 6
2026-01-31 02:53:29,266 - INFO - 📝 أول 3 عينات:
2026-01-31 02:53:29,266 - INFO -   1: device=130600112764 ts=2024-01-15 08:00:00 temp=5.2
2026-01-31 02:53:29,266 - INFO -   2: device=130600112764 ts=2024-01-15 12:00:00 temp=4.8
2026-01-31 02:53:29,266 - INFO -   3: device=130600112767 ts=2024-01-15 08:00:00 temp=-1.5
2026-01-31 02:53:29,266 - INFO - 📄 الملف: heat_mobile_130600112769.csv
2026-01-31 02:53:29,267 - INFO - تم تحليل 96 إدخال من data/input_raw/heat_mobile_130600112769.csv
2026-01-31 02:53:29,267 - INFO - 📊 عدد الإدخالات: 96
2026-01-31 02:53:29,267 - INFO - 📝 أول 3 عينات:
2026-01-31 02:53:29,267 - INFO -   1: device=130600112769 ts=2026-01-30 01:22:44.887720 temp=11.58
2026-01-31 02:53:29,267 - INFO -   2: device=130600112769 ts=2026-01-30 01:37:44.887720 temp=13.6
2026-01-31 02:53:29,268 - INFO -   3: device=130600112769 ts=2026-01-30 01:52:44.887720 temp=12.68
2026-01-31 02:53:29,268 - INFO - 📄 الملف: freeze_clinic_130600112767.csv
2026-01-31 02:53:29,268 - INFO - تم تحليل 96 إدخال من data/input_raw/freeze_clinic_130600112767.csv
2026-01-31 02:53:29,268 - INFO - 📊 عدد الإدخالات: 96
2026-01-31 02:53:29,269 - INFO - 📝 أول 3 عينات:
2026-01-31 02:53:29,269 - INFO -   1: device=130600112767 ts=2026-01-30 01:22:44.885920 temp=-2.41
2026-01-31 02:53:29,269 - INFO -   2: device=130600112767 ts=2026-01-30 01:37:44.885920 temp=-1.54
2026-01-31 02:53:29,269 - INFO -   3: device=130600112767 ts=2026-01-30 01:52:44.885920 temp=-2.05
2026-01-31 02:53:29,269 - INFO - 📄 الملف: safe_hospital_130600112764.csv
2026-01-31 02:53:29,270 - INFO - تم تحليل 96 إدخال من data/input_raw/safe_hospital_130600112764.csv
2026-01-31 02:53:29,270 - INFO - 📊 عدد الإدخالات: 96
2026-01-31 02:53:29,270 - INFO - 📝 أول 3 عينات:
2026-01-31 02:53:29,270 - INFO -   1: device=130600112764 ts=2026-01-30 01:22:44.884756 temp=4.61
2026-01-31 02:53:29,271 - INFO -   2: device=130600112764 ts=2026-01-30 01:37:44.884756 temp=4.18
2026-01-31 02:53:29,271 - INFO -   3: device=130600112764 ts=2026-01-30 01:52:44.884756 temp=5.33
2026-01-31 02:53:29,273 - INFO - تم ربط 3 إدخال، تم تخطي 1
2026-01-31 02:53:29,274 - INFO - تم ربط 3 إدخال، تم تخطي 1
2026-01-31 02:53:29,275 - INFO - تم ربط 0 إدخال، تم تخطي 2
2026-01-31 02:53:29,276 - INFO - تم ربط 0 إدخال، تم تخطي 0
2026-01-31 02:53:29,278 - INFO - تم ربط 0 إدخال، تم تخطي 4
2026-01-31 02:53:29,284 - INFO - تم تحليل 2 إدخال من /tmp/pytest-of-amer11974/pytest-12/test_parse_valid_csv0/data/test_readings.csv
2026-01-31 02:53:29,286 - WARNING - تنسيق غير معروف في /tmp/pytest-of-amer11974/pytest-12/test_parse_invalid_file0/empty.csv
2026-01-31 02:53:29,287 - INFO - تم تحليل 0 إدخال من /tmp/pytest-of-amer11974/pytest-12/test_parse_invalid_file0/empty.csv
2026-01-31 02:53:29,289 - WARNING - تخطي صف 0 في /tmp/pytest-of-amer11974/pytest-12/test_parse_malformed_rows0/data_malformed/bad_readings.csv: could not convert string to float: 'invalid_temp'
2026-01-31 02:53:29,289 - INFO - تم تحليل 1 إدخال من /tmp/pytest-of-amer11974/pytest-12/test_parse_malformed_rows0/data_malformed/bad_readings.csv
2026-01-31 02:53:29,298 - INFO - 📄 إنشاء تقرير PDF احترافي
2026-01-31 02:53:29,299 - INFO - ==================================================
2026-01-31 02:53:29,299 - ERROR - ❌ ملف التقرير غير موجود: data/output/centers_report.tsv
2026-01-31 02:53:29,299 - INFO - ⚠️  قم بتشغيل النظام أولاً:
2026-01-31 02:53:29,299 - INFO -    python -m scripts.run_ft2_pipeline --legacy
2026-01-31 02:53:29,412 - INFO - | Test Scenario             | 5.0°C(1.0h) + 15.0°C(24.0h)                   | 1.0    days | NONE  | NO_DATA                        |
2026-01-31 02:53:29,426 - INFO - Mock data created at: data/output/visual_tests/mock_visual_data.tsv
2026-01-31 02:53:29,426 - INFO - Generating Official Visual Report...
2026-01-31 02:53:29,426 - INFO - Done: /tmp/pytest-of-amer11974/pytest-12/test_verify_visual_reports_run0/data/output/visual_tests/visual_test_official.pdf
2026-01-31 02:53:29,426 - INFO - Generating Technical Visual Report...
2026-01-31 02:53:29,427 - INFO - Done: /tmp/pytest-of-amer11974/pytest-12/test_verify_visual_reports_run0/data/output/visual_tests/visual_test_official.pdf
2026-01-31 02:53:29,427 - INFO - Generating Arabic Visual Report...
2026-01-31 02:53:29,427 - INFO - Done: /tmp/pytest-of-amer11974/pytest-12/test_verify_visual_reports_run0/data/output/visual_tests/visual_test_official.pdf
2026-01-31 02:54:08,312 - INFO - 🧹 تنظيف الملفات التالفة في data/input_ft2
2026-01-31 02:54:08,313 - INFO - 🗑️ تم حذف: bad1.txt (فارغ تماماً)
2026-01-31 02:54:08,313 - INFO - ✅ تم تنظيف 1 ملف.
2026-01-31 02:54:08,315 - INFO - فحص الملفات الخام في: data/input_raw
2026-01-31 02:54:08,315 - INFO - 📄 الملف: test_data.csv
2026-01-31 02:54:08,315 - INFO - تم تحليل 6 إدخال من data/input_raw/test_data.csv
2026-01-31 02:54:08,315 - INFO - 📊 عدد الإدخالات: 6
2026-01-31 02:54:08,316 - INFO - 📝 أول 3 عينات:
2026-01-31 02:54:08,316 - INFO -   1: device=130600112764 ts=2024-01-15 08:00:00 temp=5.2
2026-01-31 02:54:08,316 - INFO -   2: device=130600112764 ts=2024-01-15 12:00:00 temp=4.8
2026-01-31 02:54:08,316 - INFO -   3: device=130600112767 ts=2024-01-15 08:00:00 temp=-1.5
2026-01-31 02:54:08,316 - INFO - 📄 الملف: heat_mobile_130600112769.csv
2026-01-31 02:54:08,317 - INFO - تم تحليل 96 إدخال من data/input_raw/heat_mobile_130600112769.csv
2026-01-31 02:54:08,317 - INFO - 📊 عدد الإدخالات: 96
2026-01-31 02:54:08,317 - INFO - 📝 أول 3 عينات:
2026-01-31 02:54:08,317 - INFO -   1: device=130600112769 ts=2026-01-30 01:22:44.887720 temp=11.58
2026-01-31 02:54:08,317 - INFO -   2: device=130600112769 ts=2026-01-30 01:37:44.887720 temp=13.6
2026-01-31 02:54:08,317 - INFO -   3: device=130600112769 ts=2026-01-30 01:52:44.887720 temp=12.68
2026-01-31 02:54:08,318 - INFO - 📄 الملف: freeze_clinic_130600112767.csv
2026-01-31 02:54:08,318 - INFO - تم تحليل 96 إدخال من data/input_raw/freeze_clinic_130600112767.csv
2026-01-31 02:54:08,318 - INFO - 📊 عدد الإدخالات: 96
2026-01-31 02:54:08,318 - INFO - 📝 أول 3 عينات:
2026-01-31 02:54:08,319 - INFO -   1: device=130600112767 ts=2026-01-30 01:22:44.885920 temp=-2.41
2026-01-31 02:54:08,319 - INFO -   2: device=130600112767 ts=2026-01-30 01:37:44.885920 temp=-1.54
2026-01-31 02:54:08,319 - INFO -   3: device=130600112767 ts=2026-01-30 01:52:44.885920 temp=-2.05
2026-01-31 02:54:08,319 - INFO - 📄 الملف: safe_hospital_130600112764.csv
2026-01-31 02:54:08,319 - INFO - تم تحليل 96 إدخال من data/input_raw/safe_hospital_130600112764.csv
2026-01-31 02:54:08,320 - INFO - 📊 عدد الإدخالات: 96
2026-01-31 02:54:08,320 - INFO - 📝 أول 3 عينات:
2026-01-31 02:54:08,320 - INFO -   1: device=130600112764 ts=2026-01-30 01:22:44.884756 temp=4.61
2026-01-31 02:54:08,320 - INFO -   2: device=130600112764 ts=2026-01-30 01:37:44.884756 temp=4.18
2026-01-31 02:54:08,320 - INFO -   3: device=130600112764 ts=2026-01-30 01:52:44.884756 temp=5.33
2026-01-31 02:54:08,321 - INFO - تم ربط 3 إدخال، تم تخطي 1
2026-01-31 02:54:08,323 - INFO - تم ربط 3 إدخال، تم تخطي 1
2026-01-31 02:54:08,324 - INFO - تم ربط 0 إدخال، تم تخطي 2
2026-01-31 02:54:08,326 - INFO - تم ربط 0 إدخال، تم تخطي 0
2026-01-31 02:54:08,327 - INFO - تم ربط 0 إدخال، تم تخطي 4
2026-01-31 02:54:08,331 - INFO - تم تحليل 2 إدخال من /tmp/pytest-of-amer11974/pytest-13/test_parse_valid_csv0/data/test_readings.csv
2026-01-31 02:54:08,333 - WARNING - تنسيق غير معروف في /tmp/pytest-of-amer11974/pytest-13/test_parse_invalid_file0/empty.csv
2026-01-31 02:54:08,333 - INFO - تم تحليل 0 إدخال من /tmp/pytest-of-amer11974/pytest-13/test_parse_invalid_file0/empty.csv
2026-01-31 02:54:08,337 - WARNING - تخطي صف 0 في /tmp/pytest-of-amer11974/pytest-13/test_parse_malformed_rows0/data_malformed/bad_readings.csv: could not convert string to float: 'invalid_temp'
2026-01-31 02:54:08,337 - INFO - تم تحليل 1 إدخال من /tmp/pytest-of-amer11974/pytest-13/test_parse_malformed_rows0/data_malformed/bad_readings.csv
2026-01-31 02:54:08,343 - INFO - 📄 إنشاء تقرير PDF احترافي
2026-01-31 02:54:08,343 - INFO - ==================================================
2026-01-31 02:54:08,343 - ERROR - ❌ ملف التقرير غير موجود: data/output/centers_report.tsv
2026-01-31 02:54:08,343 - INFO - ⚠️  قم بتشغيل النظام أولاً:
2026-01-31 02:54:08,343 - INFO -    python -m scripts.run_ft2_pipeline --legacy
2026-01-31 02:54:08,441 - INFO - | Test Scenario             | 5.0°C(1.0h) + 15.0°C(24.0h)                   | 1.0    days | NONE  | NO_DATA                        |
2026-01-31 02:54:08,453 - INFO - Mock data created at: data/output/visual_tests/mock_visual_data.tsv
2026-01-31 02:54:08,454 - INFO - Generating Official Visual Report...
2026-01-31 02:54:08,454 - INFO - Done: /tmp/pytest-of-amer11974/pytest-13/test_verify_visual_reports_run0/data/output/visual_tests/visual_test_official.pdf
2026-01-31 02:54:08,454 - INFO - Generating Technical Visual Report...
2026-01-31 02:54:08,454 - INFO - Done: /tmp/pytest-of-amer11974/pytest-13/test_verify_visual_reports_run0/data/output/visual_tests/visual_test_official.pdf
2026-01-31 02:54:08,454 - INFO - Generating Arabic Visual Report...
2026-01-31 02:54:08,455 - INFO - Done: /tmp/pytest-of-amer11974/pytest-13/test_verify_visual_reports_run0/data/output/visual_tests/visual_test_official.pdf
2026-01-31 02:55:38,874 - INFO - 🧹 تنظيف الملفات التالفة في data/input_ft2
2026-01-31 02:55:38,875 - INFO - 🗑️ تم حذف: bad1.txt (فارغ تماماً)
2026-01-31 02:55:38,875 - INFO - ✅ تم تنظيف 1 ملف.
2026-01-31 02:55:38,876 - INFO - فحص الملفات الخام في: data/input_raw
2026-01-31 02:55:38,876 - INFO - 📄 الملف: test_data.csv
2026-01-31 02:55:38,877 - INFO - تم تحليل 6 إدخال من data/input_raw/test_data.csv
2026-01-31 02:55:38,877 - INFO - 📊 عدد الإدخالات: 6
2026-01-31 02:55:38,877 - INFO - 📝 أول 3 عينات:
2026-01-31 02:55:38,877 - INFO -   1: device=130600112764 ts=2024-01-15 08:00:00 temp=5.2
2026-01-31 02:55:38,878 - INFO -   2: device=130600112764 ts=2024-01-15 12:00:00 temp=4.8
2026-01-31 02:55:38,878 - INFO -   3: device=130600112767 ts=2024-01-15 08:00:00 temp=-1.5
2026-01-31 02:55:38,878 - INFO - 📄 الملف: heat_mobile_130600112769.csv
2026-01-31 02:55:38,878 - INFO - تم تحليل 96 إدخال من data/input_raw/heat_mobile_130600112769.csv
2026-01-31 02:55:38,879 - INFO - 📊 عدد الإدخالات: 96
2026-01-31 02:55:38,879 - INFO - 📝 أول 3 عينات:
2026-01-31 02:55:38,879 - INFO -   1: device=130600112769 ts=2026-01-30 01:22:44.887720 temp=11.58
2026-01-31 02:55:38,879 - INFO -   2: device=130600112769 ts=2026-01-30 01:37:44.887720 temp=13.6
2026-01-31 02:55:38,880 - INFO -   3: device=130600112769 ts=2026-01-30 01:52:44.887720 temp=12.68
2026-01-31 02:55:38,880 - INFO - 📄 الملف: freeze_clinic_130600112767.csv
2026-01-31 02:55:38,880 - INFO - تم تحليل 96 إدخال من data/input_raw/freeze_clinic_130600112767.csv
2026-01-31 02:55:38,880 - INFO - 📊 عدد الإدخالات: 96
2026-01-31 02:55:38,881 - INFO - 📝 أول 3 عينات:
2026-01-31 02:55:38,881 - INFO -   1: device=130600112767 ts=2026-01-30 01:22:44.885920 temp=-2.41
2026-01-31 02:55:38,881 - INFO -   2: device=130600112767 ts=2026-01-30 01:37:44.885920 temp=-1.54
2026-01-31 02:55:38,881 - INFO -   3: device=130600112767 ts=2026-01-30 01:52:44.885920 temp=-2.05
2026-01-31 02:55:38,881 - INFO - 📄 الملف: safe_hospital_130600112764.csv
2026-01-31 02:55:38,882 - INFO - تم تحليل 96 إدخال من data/input_raw/safe_hospital_130600112764.csv
2026-01-31 02:55:38,882 - INFO - 📊 عدد الإدخالات: 96
2026-01-31 02:55:38,882 - INFO - 📝 أول 3 عينات:
2026-01-31 02:55:38,882 - INFO -   1: device=130600112764 ts=2026-01-30 01:22:44.884756 temp=4.61
2026-01-31 02:55:38,883 - INFO -   2: device=130600112764 ts=2026-01-30 01:37:44.884756 temp=4.18
2026-01-31 02:55:38,883 - INFO -   3: device=130600112764 ts=2026-01-30 01:52:44.884756 temp=5.33
2026-01-31 02:55:38,884 - INFO - تم ربط 3 إدخال، تم تخطي 1
2026-01-31 02:55:38,885 - INFO - تم ربط 3 إدخال، تم تخطي 1
2026-01-31 02:55:38,886 - INFO - تم ربط 0 إدخال، تم تخطي 2
2026-01-31 02:55:38,887 - INFO - تم ربط 0 إدخال، تم تخطي 0
2026-01-31 02:55:38,888 - INFO - تم ربط 0 إدخال، تم تخطي 4
2026-01-31 02:55:38,891 - INFO - تم تحليل 2 إدخال من /tmp/pytest-of-amer11974/pytest-14/test_parse_valid_csv0/data/test_readings.csv
2026-01-31 02:55:38,895 - WARNING - تنسيق غير معروف في /tmp/pytest-of-amer11974/pytest-14/test_parse_invalid_file0/empty.csv
2026-01-31 02:55:38,895 - INFO - تم تحليل 0 إدخال من /tmp/pytest-of-amer11974/pytest-14/test_parse_invalid_file0/empty.csv
2026-01-31 02:55:38,898 - WARNING - تخطي صف 0 في /tmp/pytest-of-amer11974/pytest-14/test_parse_malformed_rows0/data_malformed/bad_readings.csv: could not convert string to float: 'invalid_temp'
2026-01-31 02:55:38,899 - INFO - تم تحليل 1 إدخال من /tmp/pytest-of-amer11974/pytest-14/test_parse_malformed_rows0/data_malformed/bad_readings.csv
2026-01-31 02:55:38,904 - INFO - 📄 إنشاء تقرير PDF احترافي
2026-01-31 02:55:38,904 - INFO - ==================================================
2026-01-31 02:55:38,904 - ERROR - ❌ ملف التقرير غير موجود: data/output/centers_report.tsv
2026-01-31 02:55:38,905 - INFO - ⚠️  قم بتشغيل النظام أولاً:
2026-01-31 02:55:38,905 - INFO -    python -m scripts.run_ft2_pipeline --legacy
2026-01-31 02:55:39,001 - INFO - | Test Scenario             | 5.0°C(1.0h) + 15.0°C(24.0h)                   | 1.0    days | NONE  | NO_DATA                        |
2026-01-31 02:55:39,013 - INFO - Mock data created at: data/output/visual_tests/mock_visual_data.tsv
2026-01-31 02:55:39,013 - INFO - Generating Official Visual Report...
2026-01-31 02:55:39,013 - INFO - Done: /tmp/pytest-of-amer11974/pytest-14/test_verify_visual_reports_run0/data/output/visual_tests/visual_test_official.pdf
2026-01-31 02:55:39,013 - INFO - Generating Technical Visual Report...
2026-01-31 02:55:39,013 - INFO - Done: /tmp/pytest-of-amer11974/pytest-14/test_verify_visual_reports_run0/data/output/visual_tests/visual_test_official.pdf
2026-01-31 02:55:39,013 - INFO - Generating Arabic Visual Report...
2026-01-31 02:55:39,014 - INFO - Done: /tmp/pytest-of-amer11974/pytest-14/test_verify_visual_reports_run0/data/output/visual_tests/visual_test_official.pdf
2026-01-31 02:56:17,939 - INFO - 📄 إنشاء تقرير PDF احترافي
2026-01-31 02:56:17,940 - INFO - ==================================================
2026-01-31 02:56:17,941 - INFO - 📊 قراءة البيانات من: data/output/centers_report.tsv
2026-01-31 02:56:17,942 - INFO - 🔄 جاري إنشاء التقرير...
2026-01-31 02:56:17,942 - INFO - 
✅ تم إنشاء التقرير بنجاح!
2026-01-31 02:56:17,943 - INFO - 📍 الموقع: /fake/report.pdf
2026-01-31 02:56:18,226 - INFO - 📂 تم فتح التقرير تلقائياً
2026-01-31 02:56:27,942 - INFO - 🧹 تنظيف الملفات التالفة في data/input_ft2
2026-01-31 02:56:27,943 - INFO - 🗑️ تم حذف: bad1.txt (فارغ تماماً)
2026-01-31 02:56:27,943 - INFO - ✅ تم تنظيف 1 ملف.
2026-01-31 02:56:27,944 - INFO - فحص الملفات الخام في: data/input_raw
2026-01-31 02:56:27,945 - INFO - 📄 الملف: test_data.csv
2026-01-31 02:56:27,945 - INFO - تم تحليل 6 إدخال من data/input_raw/test_data.csv
2026-01-31 02:56:27,945 - INFO - 📊 عدد الإدخالات: 6
2026-01-31 02:56:27,946 - INFO - 📝 أول 3 عينات:
2026-01-31 02:56:27,946 - INFO -   1: device=130600112764 ts=2024-01-15 08:00:00 temp=5.2
2026-01-31 02:56:27,946 - INFO -   2: device=130600112764 ts=2024-01-15 12:00:00 temp=4.8
2026-01-31 02:56:27,946 - INFO -   3: device=130600112767 ts=2024-01-15 08:00:00 temp=-1.5
2026-01-31 02:56:27,946 - INFO - 📄 الملف: heat_mobile_130600112769.csv
2026-01-31 02:56:27,947 - INFO - تم تحليل 96 إدخال من data/input_raw/heat_mobile_130600112769.csv
2026-01-31 02:56:27,947 - INFO - 📊 عدد الإدخالات: 96
2026-01-31 02:56:27,947 - INFO - 📝 أول 3 عينات:
2026-01-31 02:56:27,947 - INFO -   1: device=130600112769 ts=2026-01-30 01:22:44.887720 temp=11.58
2026-01-31 02:56:27,947 - INFO -   2: device=130600112769 ts=2026-01-30 01:37:44.887720 temp=13.6
2026-01-31 02:56:27,948 - INFO -   3: device=130600112769 ts=2026-01-30 01:52:44.887720 temp=12.68
2026-01-31 02:56:27,948 - INFO - 📄 الملف: freeze_clinic_130600112767.csv
2026-01-31 02:56:27,948 - INFO - تم تحليل 96 إدخال من data/input_raw/freeze_clinic_130600112767.csv
2026-01-31 02:56:27,948 - INFO - 📊 عدد الإدخالات: 96
2026-01-31 02:56:27,949 - INFO - 📝 أول 3 عينات:
2026-01-31 02:56:27,949 - INFO -   1: device=130600112767 ts=2026-01-30 01:22:44.885920 temp=-2.41
2026-01-31 02:56:27,949 - INFO -   2: device=130600112767 ts=2026-01-30 01:37:44.885920 temp=-1.54
2026-01-31 02:56:27,949 - INFO -   3: device=130600112767 ts=2026-01-30 01:52:44.885920 temp=-2.05
2026-01-31 02:56:27,949 - INFO - 📄 الملف: safe_hospital_130600112764.csv
2026-01-31 02:56:27,950 - INFO - تم تحليل 96 إدخال من data/input_raw/safe_hospital_130600112764.csv
2026-01-31 02:56:27,950 - INFO - 📊 عدد الإدخالات: 96
2026-01-31 02:56:27,950 - INFO - 📝 أول 3 عينات:
2026-01-31 02:56:27,950 - INFO -   1: device=130600112764 ts=2026-01-30 01:22:44.884756 temp=4.61
2026-01-31 02:56:27,950 - INFO -   2: device=130600112764 ts=2026-01-30 01:37:44.884756 temp=4.18
2026-01-31 02:56:27,950 - INFO -   3: device=130600112764 ts=2026-01-30 01:52:44.884756 temp=5.33
2026-01-31 02:56:27,952 - INFO - تم ربط 3 إدخال، تم تخطي 1
2026-01-31 02:56:27,953 - INFO - تم ربط 3 إدخال، تم تخطي 1
2026-01-31 02:56:27,954 - INFO - تم ربط 0 إدخال، تم تخطي 2
2026-01-31 02:56:27,957 - INFO - تم ربط 0 إدخال، تم تخطي 0
2026-01-31 02:56:27,958 - INFO - تم ربط 0 إدخال، تم تخطي 4
2026-01-31 02:56:27,962 - INFO - تم تحليل 2 إدخال من /tmp/pytest-of-amer11974/pytest-16/test_parse_valid_csv0/data/test_readings.csv
2026-01-31 02:56:27,964 - WARNING - تنسيق غير معروف في /tmp/pytest-of-amer11974/pytest-16/test_parse_invalid_file0/empty.csv
2026-01-31 02:56:27,965 - INFO - تم تحليل 0 إدخال من /tmp/pytest-of-amer11974/pytest-16/test_parse_invalid_file0/empty.csv
2026-01-31 02:56:27,967 - WARNING - تخطي صف 0 في /tmp/pytest-of-amer11974/pytest-16/test_parse_malformed_rows0/data_malformed/bad_readings.csv: could not convert string to float: 'invalid_temp'
2026-01-31 02:56:27,968 - INFO - تم تحليل 1 إدخال من /tmp/pytest-of-amer11974/pytest-16/test_parse_malformed_rows0/data_malformed/bad_readings.csv
2026-01-31 02:56:27,973 - INFO - 📄 إنشاء تقرير PDF احترافي
2026-01-31 02:56:27,973 - INFO - ==================================================
2026-01-31 02:56:27,973 - ERROR - ❌ ملف التقرير غير موجود: data/output/centers_report.tsv
2026-01-31 02:56:27,973 - INFO - ⚠️  قم بتشغيل النظام أولاً:
2026-01-31 02:56:27,973 - INFO -    python -m scripts.run_ft2_pipeline --legacy
2026-01-31 02:56:27,983 - INFO - 📄 إنشاء تقرير PDF احترافي
2026-01-31 02:56:27,984 - INFO - ==================================================
2026-01-31 02:56:27,984 - INFO - 📊 قراءة البيانات من: data/output/centers_report.tsv
2026-01-31 02:56:27,984 - INFO - 🔄 جاري إنشاء التقرير...
2026-01-31 02:56:27,984 - INFO - 
✅ تم إنشاء التقرير بنجاح!
2026-01-31 02:56:27,985 - INFO - 📍 الموقع: /fake/report.pdf
2026-01-31 02:56:28,008 - INFO - 📂 تم فتح التقرير تلقائياً
2026-01-31 02:56:28,029 - INFO - | Test Scenario             | 5.0°C(1.0h) + 15.0°C(24.0h)                   | 1.0    days | NONE  | NO_DATA                        |
2026-01-31 02:56:28,040 - INFO - Mock data created at: data/output/visual_tests/mock_visual_data.tsv
2026-01-31 02:56:28,041 - INFO - Generating Official Visual Report...
2026-01-31 02:56:28,041 - INFO - Done: /tmp/pytest-of-amer11974/pytest-16/test_verify_visual_reports_run0/data/output/visual_tests/visual_test_official.pdf
2026-01-31 02:56:28,041 - INFO - Generating Technical Visual Report...
2026-01-31 02:56:28,041 - INFO - Done: /tmp/pytest-of-amer11974/pytest-16/test_verify_visual_reports_run0/data/output/visual_tests/visual_test_official.pdf
2026-01-31 02:56:28,042 - INFO - Generating Arabic Visual Report...
2026-01-31 02:56:28,042 - INFO - Done: /tmp/pytest-of-amer11974/pytest-16/test_verify_visual_reports_run0/data/output/visual_tests/visual_test_official.pdf
2026-01-31 02:57:26,353 - INFO - 🧹 تنظيف الملفات التالفة في data/input_ft2
2026-01-31 02:57:26,354 - INFO - 🗑️ تم حذف: bad1.txt (فارغ تماماً)
2026-01-31 02:57:26,354 - INFO - ✅ تم تنظيف 1 ملف.
2026-01-31 02:57:26,355 - INFO - فحص الملفات الخام في: data/input_raw
2026-01-31 02:57:26,355 - INFO - 📄 الملف: test_data.csv
2026-01-31 02:57:26,356 - INFO - تم تحليل 6 إدخال من data/input_raw/test_data.csv
2026-01-31 02:57:26,356 - INFO - 📊 عدد الإدخالات: 6
2026-01-31 02:57:26,356 - INFO - 📝 أول 3 عينات:
2026-01-31 02:57:26,356 - INFO -   1: device=130600112764 ts=2024-01-15 08:00:00 temp=5.2
2026-01-31 02:57:26,356 - INFO -   2: device=130600112764 ts=2024-01-15 12:00:00 temp=4.8
2026-01-31 02:57:26,356 - INFO -   3: device=130600112767 ts=2024-01-15 08:00:00 temp=-1.5
2026-01-31 02:57:26,357 - INFO - 📄 الملف: heat_mobile_130600112769.csv
2026-01-31 02:57:26,357 - INFO - تم تحليل 96 إدخال من data/input_raw/heat_mobile_130600112769.csv
2026-01-31 02:57:26,357 - INFO - 📊 عدد الإدخالات: 96
2026-01-31 02:57:26,357 - INFO - 📝 أول 3 عينات:
2026-01-31 02:57:26,357 - INFO -   1: device=130600112769 ts=2026-01-30 01:22:44.887720 temp=11.58
2026-01-31 02:57:26,358 - INFO -   2: device=130600112769 ts=2026-01-30 01:37:44.887720 temp=13.6
2026-01-31 02:57:26,358 - INFO -   3: device=130600112769 ts=2026-01-30 01:52:44.887720 temp=12.68
2026-01-31 02:57:26,358 - INFO - 📄 الملف: freeze_clinic_130600112767.csv
2026-01-31 02:57:26,358 - INFO - تم تحليل 96 إدخال من data/input_raw/freeze_clinic_130600112767.csv
2026-01-31 02:57:26,358 - INFO - 📊 عدد الإدخالات: 96
2026-01-31 02:57:26,359 - INFO - 📝 أول 3 عينات:
2026-01-31 02:57:26,359 - INFO -   1: device=130600112767 ts=2026-01-30 01:22:44.885920 temp=-2.41
2026-01-31 02:57:26,359 - INFO -   2: device=130600112767 ts=2026-01-30 01:37:44.885920 temp=-1.54
2026-01-31 02:57:26,359 - INFO -   3: device=130600112767 ts=2026-01-30 01:52:44.885920 temp=-2.05
2026-01-31 02:57:26,359 - INFO - 📄 الملف: safe_hospital_130600112764.csv
2026-01-31 02:57:26,360 - INFO - تم تحليل 96 إدخال من data/input_raw/safe_hospital_130600112764.csv
2026-01-31 02:57:26,360 - INFO - 📊 عدد الإدخالات: 96
2026-01-31 02:57:26,360 - INFO - 📝 أول 3 عينات:
2026-01-31 02:57:26,360 - INFO -   1: device=130600112764 ts=2026-01-30 01:22:44.884756 temp=4.61
2026-01-31 02:57:26,360 - INFO -   2: device=130600112764 ts=2026-01-30 01:37:44.884756 temp=4.18
2026-01-31 02:57:26,360 - INFO -   3: device=130600112764 ts=2026-01-30 01:52:44.884756 temp=5.33
2026-01-31 02:57:26,362 - INFO - تم ربط 3 إدخال، تم تخطي 1
2026-01-31 02:57:26,364 - INFO - تم ربط 3 إدخال، تم تخطي 1
2026-01-31 02:57:26,365 - INFO - تم ربط 0 إدخال، تم تخطي 2
2026-01-31 02:57:26,366 - INFO - تم ربط 0 إدخال، تم تخطي 0
2026-01-31 02:57:26,367 - INFO - تم ربط 0 إدخال، تم تخطي 4
2026-01-31 02:57:26,370 - INFO - تم تحليل 2 إدخال من /tmp/pytest-of-amer11974/pytest-17/test_parse_valid_csv0/data/test_readings.csv
2026-01-31 02:57:26,372 - WARNING - تنسيق غير معروف في /tmp/pytest-of-amer11974/pytest-17/test_parse_invalid_file0/empty.csv
2026-01-31 02:57:26,372 - INFO - تم تحليل 0 إدخال من /tmp/pytest-of-amer11974/pytest-17/test_parse_invalid_file0/empty.csv
2026-01-31 02:57:26,375 - WARNING - تخطي صف 0 في /tmp/pytest-of-amer11974/pytest-17/test_parse_malformed_rows0/data_malformed/bad_readings.csv: could not convert string to float: 'invalid_temp'
2026-01-31 02:57:26,375 - INFO - تم تحليل 1 إدخال من /tmp/pytest-of-amer11974/pytest-17/test_parse_malformed_rows0/data_malformed/bad_readings.csv
2026-01-31 02:57:26,381 - INFO - 📄 إنشاء تقرير PDF احترافي
2026-01-31 02:57:26,381 - INFO - ==================================================
2026-01-31 02:57:26,382 - ERROR - ❌ ملف التقرير غير موجود: data/output/centers_report.tsv
2026-01-31 02:57:26,382 - INFO - ⚠️  قم بتشغيل النظام أولاً:
2026-01-31 02:57:26,382 - INFO -    python -m scripts.run_ft2_pipeline --legacy
2026-01-31 02:57:26,387 - INFO - 📄 إنشاء تقرير PDF احترافي
2026-01-31 02:57:26,387 - INFO - ==================================================
2026-01-31 02:57:26,387 - INFO - 📊 قراءة البيانات من: data/output/centers_report.tsv
2026-01-31 02:57:26,387 - INFO - 🔄 جاري إنشاء التقرير...
2026-01-31 02:57:26,387 - INFO - 
✅ تم إنشاء التقرير بنجاح!
2026-01-31 02:57:26,388 - INFO - 📍 الموقع: /fake/report.pdf
2026-01-31 02:57:26,412 - INFO - 📂 تم فتح التقرير تلقائياً
2026-01-31 02:57:26,430 - INFO - | Test Scenario             | 5.0°C(1.0h) + 15.0°C(24.0h)                   | 1.0    days | NONE  | NO_DATA                        |
2026-01-31 02:57:26,444 - INFO - Mock data created at: data/output/visual_tests/mock_visual_data.tsv
2026-01-31 02:57:26,444 - INFO - Generating Official Visual Report...
2026-01-31 02:57:26,445 - INFO - Done: /tmp/pytest-of-amer11974/pytest-17/test_verify_visual_reports_run0/data/output/visual_tests/visual_test_official.pdf
2026-01-31 02:57:26,445 - INFO - Generating Technical Visual Report...
2026-01-31 02:57:26,445 - INFO - Done: /tmp/pytest-of-amer11974/pytest-17/test_verify_visual_reports_run0/data/output/visual_tests/visual_test_official.pdf
2026-01-31 02:57:26,445 - INFO - Generating Arabic Visual Report...
2026-01-31 02:57:26,445 - INFO - Done: /tmp/pytest-of-amer11974/pytest-17/test_verify_visual_reports_run0/data/output/visual_tests/visual_test_official.pdf
2026-01-31 03:04:45,379 - INFO - 🧹 تنظيف الملفات التالفة في data/input_ft2
2026-01-31 03:04:45,380 - INFO - 🗑️ تم حذف: bad1.txt (فارغ تماماً)
2026-01-31 03:04:45,381 - INFO - ✅ تم تنظيف 1 ملف.
2026-01-31 03:04:45,382 - INFO - فحص الملفات الخام في: data/input_raw
2026-01-31 03:04:45,382 - INFO - 📄 الملف: test_data.csv
2026-01-31 03:04:45,383 - INFO - تم تحليل 6 إدخال من data/input_raw/test_data.csv
2026-01-31 03:04:45,383 - INFO - 📊 عدد الإدخالات: 6
2026-01-31 03:04:45,383 - INFO - 📝 أول 3 عينات:
2026-01-31 03:04:45,383 - INFO -   1: device=130600112764 ts=2024-01-15 08:00:00 temp=5.2
2026-01-31 03:04:45,383 - INFO -   2: device=130600112764 ts=2024-01-15 12:00:00 temp=4.8
2026-01-31 03:04:45,384 - INFO -   3: device=130600112767 ts=2024-01-15 08:00:00 temp=-1.5
2026-01-31 03:04:45,384 - INFO - 📄 الملف: heat_mobile_130600112769.csv
2026-01-31 03:04:45,384 - INFO - تم تحليل 96 إدخال من data/input_raw/heat_mobile_130600112769.csv
2026-01-31 03:04:45,384 - INFO - 📊 عدد الإدخالات: 96
2026-01-31 03:04:45,384 - INFO - 📝 أول 3 عينات:
2026-01-31 03:04:45,384 - INFO -   1: device=130600112769 ts=2026-01-30 01:22:44.887720 temp=11.58
2026-01-31 03:04:45,385 - INFO -   2: device=130600112769 ts=2026-01-30 01:37:44.887720 temp=13.6
2026-01-31 03:04:45,385 - INFO -   3: device=130600112769 ts=2026-01-30 01:52:44.887720 temp=12.68
2026-01-31 03:04:45,385 - INFO - 📄 الملف: freeze_clinic_130600112767.csv
2026-01-31 03:04:45,385 - INFO - تم تحليل 96 إدخال من data/input_raw/freeze_clinic_130600112767.csv
2026-01-31 03:04:45,385 - INFO - 📊 عدد الإدخالات: 96
2026-01-31 03:04:45,386 - INFO - 📝 أول 3 عينات:
2026-01-31 03:04:45,386 - INFO -   1: device=130600112767 ts=2026-01-30 01:22:44.885920 temp=-2.41
2026-01-31 03:04:45,386 - INFO -   2: device=130600112767 ts=2026-01-30 01:37:44.885920 temp=-1.54
2026-01-31 03:04:45,386 - INFO -   3: device=130600112767 ts=2026-01-30 01:52:44.885920 temp=-2.05
2026-01-31 03:04:45,386 - INFO - 📄 الملف: safe_hospital_130600112764.csv
2026-01-31 03:04:45,386 - INFO - تم تحليل 96 إدخال من data/input_raw/safe_hospital_130600112764.csv
2026-01-31 03:04:45,386 - INFO - 📊 عدد الإدخالات: 96
2026-01-31 03:04:45,387 - INFO - 📝 أول 3 عينات:
2026-01-31 03:04:45,387 - INFO -   1: device=130600112764 ts=2026-01-30 01:22:44.884756 temp=4.61
2026-01-31 03:04:45,387 - INFO -   2: device=130600112764 ts=2026-01-30 01:37:44.884756 temp=4.18
2026-01-31 03:04:45,387 - INFO -   3: device=130600112764 ts=2026-01-30 01:52:44.884756 temp=5.33
2026-01-31 03:04:45,388 - INFO - تم ربط 3 إدخال، تم تخطي 1
2026-01-31 03:04:45,390 - INFO - تم ربط 3 إدخال، تم تخطي 1
2026-01-31 03:04:45,391 - INFO - تم ربط 0 إدخال، تم تخطي 2
2026-01-31 03:04:45,391 - INFO - تم ربط 0 إدخال، تم تخطي 0
2026-01-31 03:04:45,392 - INFO - تم ربط 0 إدخال، تم تخطي 4
2026-01-31 03:04:45,395 - INFO - تم تحليل 2 إدخال من /tmp/pytest-of-amer11974/pytest-18/test_parse_valid_csv0/data/test_readings.csv
2026-01-31 03:04:45,398 - WARNING - تنسيق غير معروف في /tmp/pytest-of-amer11974/pytest-18/test_parse_invalid_file0/empty.csv
2026-01-31 03:04:45,399 - INFO - تم تحليل 0 إدخال من /tmp/pytest-of-amer11974/pytest-18/test_parse_invalid_file0/empty.csv
2026-01-31 03:04:45,401 - WARNING - تخطي صف 0 في /tmp/pytest-of-amer11974/pytest-18/test_parse_malformed_rows0/data_malformed/bad_readings.csv: could not convert string to float: 'invalid_temp'
2026-01-31 03:04:45,402 - INFO - تم تحليل 1 إدخال من /tmp/pytest-of-amer11974/pytest-18/test_parse_malformed_rows0/data_malformed/bad_readings.csv
2026-01-31 03:04:45,407 - INFO - 📄 إنشاء تقرير PDF احترافي
2026-01-31 03:04:45,407 - INFO - ==================================================
2026-01-31 03:04:45,407 - ERROR - ❌ ملف التقرير غير موجود: data/output/centers_report.tsv
2026-01-31 03:04:45,407 - INFO - ⚠️  قم بتشغيل النظام أولاً:
2026-01-31 03:04:45,408 - INFO -    python -m scripts.run_ft2_pipeline --legacy
2026-01-31 03:04:45,412 - INFO - 📄 إنشاء تقرير PDF احترافي
2026-01-31 03:04:45,412 - INFO - ==================================================
2026-01-31 03:04:45,412 - INFO - 📊 قراءة البيانات من: data/output/centers_report.tsv
2026-01-31 03:04:45,412 - INFO - 🔄 جاري إنشاء التقرير...
2026-01-31 03:04:45,412 - INFO - 
✅ تم إنشاء التقرير بنجاح!
2026-01-31 03:04:45,412 - INFO - 📍 الموقع: /fake/report.pdf
2026-01-31 03:04:45,437 - INFO - 📂 تم فتح التقرير تلقائياً
2026-01-31 03:04:45,456 - INFO - | Test Scenario             | 5.0°C(1.0h) + 15.0°C(24.0h)                   | 1.0    days | NONE  | NO_DATA                        |
2026-01-31 03:04:45,469 - INFO - Mock data created at: data/output/visual_tests/mock_visual_data.tsv
2026-01-31 03:04:45,470 - INFO - Generating Official Visual Report...
2026-01-31 03:04:45,470 - INFO - Done: /tmp/pytest-of-amer11974/pytest-18/test_verify_visual_reports_run0/data/output/visual_tests/visual_test_official.pdf
2026-01-31 03:04:45,470 - INFO - Generating Technical Visual Report...
2026-01-31 03:04:45,470 - INFO - Done: /tmp/pytest-of-amer11974/pytest-18/test_verify_visual_reports_run0/data/output/visual_tests/visual_test_official.pdf
2026-01-31 03:04:45,470 - INFO - Generating Arabic Visual Report...
2026-01-31 03:04:45,470 - INFO - Done: /tmp/pytest-of-amer11974/pytest-18/test_verify_visual_reports_run0/data/output/visual_tests/visual_test_official.pdf
2026-01-31 12:50:37,631 - INFO - 🧹 تنظيف الملفات التالفة في data/input_ft2
2026-01-31 12:50:37,649 - INFO - 🗑️ تم حذف: bad1.txt (فارغ تماماً)
2026-01-31 12:50:37,649 - INFO - ✅ تم تنظيف 1 ملف.
2026-01-31 12:50:37,651 - INFO - فحص الملفات الخام في: data/input_raw
2026-01-31 12:50:37,651 - INFO - 📄 الملف: test_data.csv
2026-01-31 12:50:37,673 - INFO - تم تحليل 6 إدخال من data/input_raw/test_data.csv
2026-01-31 12:50:37,674 - INFO - 📊 عدد الإدخالات: 6
2026-01-31 12:50:37,674 - INFO - 📝 أول 3 عينات:
2026-01-31 12:50:37,675 - INFO -   1: device=130600112764 ts=2024-01-15 08:00:00 temp=5.2
2026-01-31 12:50:37,677 - INFO -   2: device=130600112764 ts=2024-01-15 12:00:00 temp=4.8
2026-01-31 12:50:37,678 - INFO -   3: device=130600112767 ts=2024-01-15 08:00:00 temp=-1.5
2026-01-31 12:50:37,678 - INFO - 📄 الملف: heat_mobile_130600112769.csv
2026-01-31 12:50:37,681 - INFO - تم تحليل 96 إدخال من data/input_raw/heat_mobile_130600112769.csv
2026-01-31 12:50:37,682 - INFO - 📊 عدد الإدخالات: 96
2026-01-31 12:50:37,683 - INFO - 📝 أول 3 عينات:
2026-01-31 12:50:37,684 - INFO -   1: device=130600112769 ts=2026-01-30 01:22:44.887720 temp=11.58
2026-01-31 12:50:37,685 - INFO -   2: device=130600112769 ts=2026-01-30 01:37:44.887720 temp=13.6
2026-01-31 12:50:37,685 - INFO -   3: device=130600112769 ts=2026-01-30 01:52:44.887720 temp=12.68
2026-01-31 12:50:37,686 - INFO - 📄 الملف: freeze_clinic_130600112767.csv
2026-01-31 12:50:37,691 - INFO - تم تحليل 96 إدخال من data/input_raw/freeze_clinic_130600112767.csv
2026-01-31 12:50:37,691 - INFO - 📊 عدد الإدخالات: 96
2026-01-31 12:50:37,692 - INFO - 📝 أول 3 عينات:
2026-01-31 12:50:37,693 - INFO -   1: device=130600112767 ts=2026-01-30 01:22:44.885920 temp=-2.41
2026-01-31 12:50:37,695 - INFO -   2: device=130600112767 ts=2026-01-30 01:37:44.885920 temp=-1.54
2026-01-31 12:50:37,695 - INFO -   3: device=130600112767 ts=2026-01-30 01:52:44.885920 temp=-2.05
2026-01-31 12:50:37,696 - INFO - 📄 الملف: safe_hospital_130600112764.csv
2026-01-31 12:50:37,708 - INFO - تم تحليل 96 إدخال من data/input_raw/safe_hospital_130600112764.csv
2026-01-31 12:50:37,708 - INFO - 📊 عدد الإدخالات: 96
2026-01-31 12:50:37,709 - INFO - 📝 أول 3 عينات:
2026-01-31 12:50:37,709 - INFO -   1: device=130600112764 ts=2026-01-30 01:22:44.884756 temp=4.61
2026-01-31 12:50:37,710 - INFO -   2: device=130600112764 ts=2026-01-30 01:37:44.884756 temp=4.18
2026-01-31 12:50:37,710 - INFO -   3: device=130600112764 ts=2026-01-30 01:52:44.884756 temp=5.33
2026-01-31 12:50:37,714 - INFO - تم ربط 3 إدخال، تم تخطي 1
2026-01-31 12:50:37,722 - INFO - تم ربط 3 إدخال، تم تخطي 1
2026-01-31 12:50:37,726 - INFO - تم ربط 0 إدخال، تم تخطي 2
2026-01-31 12:50:37,728 - INFO - تم ربط 0 إدخال، تم تخطي 0
2026-01-31 12:50:37,730 - INFO - تم ربط 0 إدخال، تم تخطي 4
2026-01-31 12:50:37,746 - INFO - تم تحليل 2 إدخال من /tmp/pytest-of-amer11974/pytest-0/test_parse_valid_csv0/data/test_readings.csv
2026-01-31 12:50:37,748 - WARNING - تنسيق غير معروف في /tmp/pytest-of-amer11974/pytest-0/test_parse_invalid_file0/empty.csv
2026-01-31 12:50:37,748 - INFO - تم تحليل 0 إدخال من /tmp/pytest-of-amer11974/pytest-0/test_parse_invalid_file0/empty.csv
2026-01-31 12:50:37,751 - WARNING - تخطي صف 0 في /tmp/pytest-of-amer11974/pytest-0/test_parse_malformed_rows0/data_malformed/bad_readings.csv: could not convert string to float: 'invalid_temp'
2026-01-31 12:50:37,751 - INFO - تم تحليل 1 إدخال من /tmp/pytest-of-amer11974/pytest-0/test_parse_malformed_rows0/data_malformed/bad_readings.csv
2026-01-31 12:50:37,759 - INFO - 📄 إنشاء تقرير PDF احترافي
2026-01-31 12:50:37,760 - INFO - ==================================================
2026-01-31 12:50:37,760 - ERROR - ❌ ملف التقرير غير موجود: data/output/centers_report.tsv
2026-01-31 12:50:37,760 - INFO - ⚠️  قم بتشغيل النظام أولاً:
2026-01-31 12:50:37,760 - INFO -    python -m scripts.run_ft2_pipeline --legacy
2026-01-31 12:50:37,774 - INFO - 📄 إنشاء تقرير PDF احترافي
2026-01-31 12:50:37,775 - INFO - ==================================================
2026-01-31 12:50:37,776 - INFO - 📊 قراءة البيانات من: data/output/centers_report.tsv
2026-01-31 12:50:37,776 - INFO - 🔄 جاري إنشاء التقرير...
2026-01-31 12:50:37,777 - INFO - 
✅ تم إنشاء التقرير بنجاح!
2026-01-31 12:50:37,777 - INFO - 📍 الموقع: /fake/report.pdf
2026-01-31 12:50:38,785 - INFO - 📂 تم فتح التقرير تلقائياً
2026-01-31 12:50:38,814 - INFO - | Test Scenario             | 5.0°C(1.0h) + 15.0°C(24.0h)                   | 1.0    days | NONE  | NO_DATA                        |
2026-01-31 12:50:38,830 - INFO - Mock data created at: data/output/visual_tests/mock_visual_data.tsv
2026-01-31 12:50:38,831 - INFO - Generating Official Visual Report...
2026-01-31 12:50:38,831 - INFO - Done: /tmp/pytest-of-amer11974/pytest-0/test_verify_visual_reports_run0/data/output/visual_tests/visual_test_official.pdf
2026-01-31 12:50:38,831 - INFO - Generating Technical Visual Report...
2026-01-31 12:50:38,831 - INFO - Done: /tmp/pytest-of-amer11974/pytest-0/test_verify_visual_reports_run0/data/output/visual_tests/visual_test_official.pdf
2026-01-31 12:50:38,831 - INFO - Generating Arabic Visual Report...
2026-01-31 12:50:38,831 - INFO - Done: /tmp/pytest-of-amer11974/pytest-0/test_verify_visual_reports_run0/data/output/visual_tests/visual_test_official.pdf
2026-01-31 12:52:41,973 - INFO - 🧪 جاري إنشاء بيانات اختبار...
2026-01-31 12:52:41,973 - INFO - 🚀 جاري إنشاء ملفات اختبار في data/input_raw...
2026-01-31 12:52:41,974 - INFO - ✅ تم إنشاء: safe_hospital_130600112764.csv
2026-01-31 12:52:41,975 - INFO - ✅ تم إنشاء: freeze_clinic_130600112767.csv
2026-01-31 12:52:41,975 - INFO - ✅ تم إنشاء: heat_mobile_130600112769.csv
2026-01-31 12:52:41,975 - INFO - 🚀 بدء تشغيل خط معالجة FT2
2026-01-31 12:52:41,978 - INFO - تم تحميل YAML من: config/center_profiles.yaml
2026-01-31 12:52:41,979 - INFO - تم تحميل 3 مركز تطعيم (DTOs/Profiles)
2026-01-31 12:52:41,980 - INFO - 📁 وجد 4 ملف للمعالجة في data/input_raw
2026-01-31 12:52:41,980 - INFO - تم تحليل 6 إدخال من data/input_raw/test_data.csv
2026-01-31 12:52:41,980 - INFO - تم تحليل 96 إدخال من data/input_raw/heat_mobile_130600112769.csv
2026-01-31 12:52:41,981 - INFO - تم تحليل 96 إدخال من data/input_raw/freeze_clinic_130600112767.csv
2026-01-31 12:52:41,982 - INFO - تم تحليل 96 إدخال من data/input_raw/safe_hospital_130600112764.csv
2026-01-31 12:52:41,982 - INFO - ✅ تمت معالجة: test_data.csv
2026-01-31 12:52:41,982 - INFO - تم تحليل 6 إدخال من data/input_raw/test_data.csv
2026-01-31 12:52:41,982 - INFO - تم تحليل 96 إدخال من data/input_raw/heat_mobile_130600112769.csv
2026-01-31 12:52:41,983 - INFO - تم تحليل 96 إدخال من data/input_raw/freeze_clinic_130600112767.csv
2026-01-31 12:52:41,983 - INFO - تم تحليل 96 إدخال من data/input_raw/safe_hospital_130600112764.csv
2026-01-31 12:52:41,983 - INFO - ✅ تمت معالجة: heat_mobile_130600112769.csv
2026-01-31 12:52:41,984 - INFO - تم تحليل 6 إدخال من data/input_raw/test_data.csv
2026-01-31 12:52:41,984 - INFO - تم تحليل 96 إدخال من data/input_raw/heat_mobile_130600112769.csv
2026-01-31 12:52:41,985 - INFO - تم تحليل 96 إدخال من data/input_raw/freeze_clinic_130600112767.csv
2026-01-31 12:52:41,985 - INFO - تم تحليل 96 إدخال من data/input_raw/safe_hospital_130600112764.csv
2026-01-31 12:52:41,985 - INFO - ✅ تمت معالجة: freeze_clinic_130600112767.csv
2026-01-31 12:52:41,986 - INFO - تم تحليل 6 إدخال من data/input_raw/test_data.csv
2026-01-31 12:52:41,986 - INFO - تم تحليل 96 إدخال من data/input_raw/heat_mobile_130600112769.csv
2026-01-31 12:52:41,987 - INFO - تم تحليل 96 إدخال من data/input_raw/freeze_clinic_130600112767.csv
2026-01-31 12:52:41,987 - INFO - تم تحليل 96 إدخال من data/input_raw/safe_hospital_130600112764.csv
2026-01-31 12:52:41,988 - INFO - ✅ تمت معالجة: safe_hospital_130600112764.csv
2026-01-31 12:52:41,988 - INFO - 📊 إنشاء التقارير...
2026-01-31 12:52:41,988 - INFO - ✅ تم إنشاء تقرير المراكز: data/output/centers_report.tsv
2026-01-31 12:52:41,989 - INFO - 
======================================================================
2026-01-31 12:52:41,989 - INFO - ملخص تشغيل خط المعالجة
2026-01-31 12:52:41,989 - INFO - ======================================================================
2026-01-31 12:52:41,989 - INFO - الملفات المعالجة: 4 من أصل 4
2026-01-31 12:52:41,989 - INFO - الملفات الفاشلة: 0
2026-01-31 12:52:41,989 - INFO - تقرير المراكز: data/output/centers_report.tsv
2026-01-31 12:52:41,989 - INFO - التقارير التفصيلية: data/output/detailed_reports/
2026-01-31 12:52:41,989 - INFO - 🏁 اكتمل خط المعالجة. انظر data/output للنتائج
2026-01-31 12:53:42,361 - INFO - 🚀 بدء تشغيل خط معالجة FT2
2026-01-31 12:53:42,364 - INFO - تم تحميل YAML من: config/center_profiles.yaml
2026-01-31 12:53:42,366 - INFO - تم تحميل 3 مركز تطعيم (DTOs/Profiles)
2026-01-31 12:53:42,366 - INFO - 📁 وجد 4 ملف للمعالجة في data/input_raw
2026-01-31 12:53:42,367 - INFO - تم تحليل 6 إدخال من data/input_raw/test_data.csv
2026-01-31 12:53:42,368 - INFO - تم تحليل 96 إدخال من data/input_raw/heat_mobile_130600112769.csv
2026-01-31 12:53:42,368 - INFO - تم تحليل 96 إدخال من data/input_raw/freeze_clinic_130600112767.csv
2026-01-31 12:53:42,369 - INFO - تم تحليل 96 إدخال من data/input_raw/safe_hospital_130600112764.csv
2026-01-31 12:53:42,369 - INFO - تم ربط 0 إدخال، تم تخطي 0
2026-01-31 12:53:42,369 - INFO - ✅ تمت معالجة وربط: test_data.csv
2026-01-31 12:53:42,369 - INFO - تم تحليل 6 إدخال من data/input_raw/test_data.csv
2026-01-31 12:53:42,370 - INFO - تم تحليل 96 إدخال من data/input_raw/heat_mobile_130600112769.csv
2026-01-31 12:53:42,370 - INFO - تم تحليل 96 إدخال من data/input_raw/freeze_clinic_130600112767.csv
2026-01-31 12:53:42,371 - INFO - تم تحليل 96 إدخال من data/input_raw/safe_hospital_130600112764.csv
2026-01-31 12:53:42,371 - INFO - تم ربط 0 إدخال، تم تخطي 0
2026-01-31 12:53:42,371 - INFO - ✅ تمت معالجة وربط: heat_mobile_130600112769.csv
2026-01-31 12:53:42,372 - INFO - تم تحليل 6 إدخال من data/input_raw/test_data.csv
2026-01-31 12:53:42,372 - INFO - تم تحليل 96 إدخال من data/input_raw/heat_mobile_130600112769.csv
2026-01-31 12:53:42,373 - INFO - تم تحليل 96 إدخال من data/input_raw/freeze_clinic_130600112767.csv
2026-01-31 12:53:42,373 - INFO - تم تحليل 96 إدخال من data/input_raw/safe_hospital_130600112764.csv
2026-01-31 12:53:42,373 - INFO - تم ربط 0 إدخال، تم تخطي 0
2026-01-31 12:53:42,374 - INFO - ✅ تمت معالجة وربط: freeze_clinic_130600112767.csv
2026-01-31 12:53:42,374 - INFO - تم تحليل 6 إدخال من data/input_raw/test_data.csv
2026-01-31 12:53:42,374 - INFO - تم تحليل 96 إدخال من data/input_raw/heat_mobile_130600112769.csv
2026-01-31 12:53:42,375 - INFO - تم تحليل 96 إدخال من data/input_raw/freeze_clinic_130600112767.csv
2026-01-31 12:53:42,376 - INFO - تم تحليل 96 إدخال من data/input_raw/safe_hospital_130600112764.csv
2026-01-31 12:53:42,376 - INFO - تم ربط 0 إدخال، تم تخطي 0
2026-01-31 12:53:42,376 - INFO - ✅ تمت معالجة وربط: safe_hospital_130600112764.csv
2026-01-31 12:53:42,376 - INFO - 📊 إنشاء التقارير...
2026-01-31 12:53:42,377 - INFO - ✅ تم إنشاء تقرير المراكز: data/output/centers_report.tsv
2026-01-31 12:53:42,380 - INFO - 
======================================================================
2026-01-31 12:53:42,381 - INFO - ملخص تشغيل خط المعالجة
2026-01-31 12:53:42,397 - INFO - ======================================================================
2026-01-31 12:53:42,397 - INFO - الملفات المعالجة: 4 من أصل 4
2026-01-31 12:53:42,397 - INFO - الملفات الفاشلة: 0
2026-01-31 12:53:42,397 - INFO - تقرير المراكز: data/output/centers_report.tsv
2026-01-31 12:53:42,397 - INFO - التقارير التفصيلية: data/output/detailed_reports/
2026-01-31 12:53:42,398 - INFO - 🏁 اكتمل خط المعالجة. انظر data/output للنتائج
2026-01-31 12:55:36,320 - INFO - 🚀 بدء تشغيل خط معالجة FT2
2026-01-31 12:55:36,326 - INFO - تم تحميل YAML من: config/center_profiles.yaml
2026-01-31 12:55:36,329 - INFO - تم تحميل 3 مركز تطعيم (Entities/Profiles)
2026-01-31 12:55:36,329 - INFO - 📁 وجد 4 ملف للمعالجة في data/input_raw
2026-01-31 12:55:36,330 - INFO - تم تحليل 6 إدخال من data/input_raw/test_data.csv
2026-01-31 12:55:36,331 - INFO - تم تحليل 96 إدخال من data/input_raw/heat_mobile_130600112769.csv
2026-01-31 12:55:36,331 - INFO - تم تحليل 96 إدخال من data/input_raw/freeze_clinic_130600112767.csv
2026-01-31 12:55:36,332 - INFO - تم تحليل 96 إدخال من data/input_raw/safe_hospital_130600112764.csv
2026-01-31 12:55:36,332 - INFO - تم ربط 0 إدخال، تم تخطي 0
2026-01-31 12:55:36,332 - INFO - ✅ تمت معالجة وربط: test_data.csv
2026-01-31 12:55:36,332 - INFO - تم تحليل 6 إدخال من data/input_raw/test_data.csv
2026-01-31 12:55:36,333 - INFO - تم تحليل 96 إدخال من data/input_raw/heat_mobile_130600112769.csv
2026-01-31 12:55:36,333 - INFO - تم تحليل 96 إدخال من data/input_raw/freeze_clinic_130600112767.csv
2026-01-31 12:55:36,334 - INFO - تم تحليل 96 إدخال من data/input_raw/safe_hospital_130600112764.csv
2026-01-31 12:55:36,334 - INFO - تم ربط 0 إدخال، تم تخطي 0
2026-01-31 12:55:36,334 - INFO - ✅ تمت معالجة وربط: heat_mobile_130600112769.csv
2026-01-31 12:55:36,334 - INFO - تم تحليل 6 إدخال من data/input_raw/test_data.csv
2026-01-31 12:55:36,335 - INFO - تم تحليل 96 إدخال من data/input_raw/heat_mobile_130600112769.csv
2026-01-31 12:55:36,335 - INFO - تم تحليل 96 إدخال من data/input_raw/freeze_clinic_130600112767.csv
2026-01-31 12:55:36,336 - INFO - تم تحليل 96 إدخال من data/input_raw/safe_hospital_130600112764.csv
2026-01-31 12:55:36,336 - INFO - تم ربط 0 إدخال، تم تخطي 0
2026-01-31 12:55:36,336 - INFO - ✅ تمت معالجة وربط: freeze_clinic_130600112767.csv
2026-01-31 12:55:36,336 - INFO - تم تحليل 6 إدخال من data/input_raw/test_data.csv
2026-01-31 12:55:36,337 - INFO - تم تحليل 96 إدخال من data/input_raw/heat_mobile_130600112769.csv
2026-01-31 12:55:36,337 - INFO - تم تحليل 96 إدخال من data/input_raw/freeze_clinic_130600112767.csv
2026-01-31 12:55:36,338 - INFO - تم تحليل 96 إدخال من data/input_raw/safe_hospital_130600112764.csv
2026-01-31 12:55:36,338 - INFO - تم ربط 0 إدخال، تم تخطي 0
2026-01-31 12:55:36,338 - INFO - ✅ تمت معالجة وربط: safe_hospital_130600112764.csv
2026-01-31 12:55:36,338 - INFO - 📊 إنشاء التقارير...
2026-01-31 12:55:36,339 - INFO - ✅ تم إنشاء تقرير المراكز: data/output/centers_report.tsv
2026-01-31 12:55:36,341 - INFO - 
======================================================================
2026-01-31 12:55:36,342 - INFO - ملخص تشغيل خط المعالجة
2026-01-31 12:55:36,342 - INFO - ======================================================================
2026-01-31 12:55:36,342 - INFO - الملفات المعالجة: 4 من أصل 4
2026-01-31 12:55:36,342 - INFO - الملفات الفاشلة: 0
2026-01-31 12:55:36,342 - INFO - تقرير المراكز: data/output/centers_report.tsv
2026-01-31 12:55:36,342 - INFO - التقارير التفصيلية: data/output/detailed_reports/
2026-01-31 12:55:36,343 - INFO - 🏁 اكتمل خط المعالجة. انظر data/output للنتائج
2026-01-31 12:57:35,909 - INFO - 🚀 بدء تشغيل خط معالجة FT2
2026-01-31 12:57:35,913 - INFO - تم تحميل YAML من: config/center_profiles.yaml
2026-01-31 12:57:35,915 - INFO - تم تحميل 3 مركز تطعيم (Entities/Profiles)
2026-01-31 12:57:35,916 - INFO - 📁 وجد 4 ملف للمعالجة في data/input_raw
2026-01-31 12:57:35,922 - INFO - تم تحليل 6 إدخال من data/input_raw/test_data.csv
2026-01-31 12:57:35,923 - INFO - تم ربط 6 إدخال، تم تخطي 0
2026-01-31 12:57:35,923 - INFO - ✅ تمت معالجة وربط: test_data.csv
2026-01-31 12:57:35,924 - INFO - تم تحليل 96 إدخال من data/input_raw/heat_mobile_130600112769.csv
2026-01-31 12:57:35,925 - INFO - تم ربط 96 إدخال، تم تخطي 0
2026-01-31 12:57:35,925 - INFO - ✅ تمت معالجة وربط: heat_mobile_130600112769.csv
2026-01-31 12:57:35,926 - INFO - تم تحليل 96 إدخال من data/input_raw/freeze_clinic_130600112767.csv
2026-01-31 12:57:35,931 - INFO - تم ربط 96 إدخال، تم تخطي 0
2026-01-31 12:57:35,932 - INFO - ✅ تمت معالجة وربط: freeze_clinic_130600112767.csv
2026-01-31 12:57:35,933 - INFO - تم تحليل 96 إدخال من data/input_raw/safe_hospital_130600112764.csv
2026-01-31 12:57:35,933 - INFO - تم ربط 96 إدخال، تم تخطي 0
2026-01-31 12:57:35,934 - INFO - ✅ تمت معالجة وربط: safe_hospital_130600112764.csv
2026-01-31 12:57:35,934 - INFO -  Applying rules and generating reports...
2026-01-31 12:57:35,935 - INFO - ✅ تم إنشاء تقرير المراكز: data/output/centers_report.tsv
2026-01-31 12:57:35,939 - INFO - 
======================================================================
2026-01-31 12:57:35,939 - INFO - ملخص تشغيل خط المعالجة
2026-01-31 12:57:35,940 - INFO - ======================================================================
2026-01-31 12:57:35,940 - INFO - الملفات المعالجة: 3 من أصل 4
2026-01-31 12:57:35,940 - INFO - الملفات الفاشلة: 0
2026-01-31 12:57:35,940 - INFO - تقرير المراكز: data/output/centers_report.tsv
2026-01-31 12:57:35,941 - INFO - التقارير التفصيلية: data/output/detailed_reports/
2026-01-31 12:57:35,941 - INFO - 🏁 اكتمل خط المعالجة. انظر data/output للنتائج
2026-01-31 13:05:43,944 - INFO - 🧹 تنظيف الملفات التالفة في data/input_ft2
2026-01-31 13:05:43,945 - INFO - 🗑️ تم حذف: bad1.txt (فارغ تماماً)
2026-01-31 13:05:43,945 - INFO - ✅ تم تنظيف 1 ملف.
2026-01-31 13:05:43,946 - INFO - فحص الملفات الخام في: data/input_raw
2026-01-31 13:05:43,946 - INFO - 📄 الملف: test_data.csv
2026-01-31 13:05:43,947 - INFO - تم تحليل 6 إدخال من data/input_raw/test_data.csv
2026-01-31 13:05:43,947 - INFO - 📊 عدد الإدخالات: 6
2026-01-31 13:05:43,947 - INFO - 📝 أول 3 عينات:
2026-01-31 13:05:43,947 - INFO -   1: device=130600112764 ts=2024-01-15 08:00:00 temp=5.2
2026-01-31 13:05:43,947 - INFO -   2: device=130600112764 ts=2024-01-15 12:00:00 temp=4.8
2026-01-31 13:05:43,947 - INFO -   3: device=130600112767 ts=2024-01-15 08:00:00 temp=-1.5
2026-01-31 13:05:43,948 - INFO - 📄 الملف: heat_mobile_130600112769.csv
2026-01-31 13:05:43,948 - INFO - تم تحليل 96 إدخال من data/input_raw/heat_mobile_130600112769.csv
2026-01-31 13:05:43,948 - INFO - 📊 عدد الإدخالات: 96
2026-01-31 13:05:43,948 - INFO - 📝 أول 3 عينات:
2026-01-31 13:05:43,948 - INFO -   1: device=130600112769 ts=2026-01-30 12:52:41.975297 temp=11.98
2026-01-31 13:05:43,948 - INFO -   2: device=130600112769 ts=2026-01-30 13:07:41.975297 temp=11.9
2026-01-31 13:05:43,949 - INFO -   3: device=130600112769 ts=2026-01-30 13:22:41.975297 temp=12.72
2026-01-31 13:05:43,949 - INFO - 📄 الملف: freeze_clinic_130600112767.csv
2026-01-31 13:05:43,949 - INFO - تم تحليل 96 إدخال من data/input_raw/freeze_clinic_130600112767.csv
2026-01-31 13:05:43,949 - INFO - 📊 عدد الإدخالات: 96
2026-01-31 13:05:43,949 - INFO - 📝 أول 3 عينات:
2026-01-31 13:05:43,949 - INFO -   1: device=130600112767 ts=2026-01-30 12:52:41.974660 temp=-1.76
2026-01-31 13:05:43,950 - INFO -   2: device=130600112767 ts=2026-01-30 13:07:41.974660 temp=-2.38
2026-01-31 13:05:43,950 - INFO -   3: device=130600112767 ts=2026-01-30 13:22:41.974660 temp=-2.42
2026-01-31 13:05:43,950 - INFO - 📄 الملف: safe_hospital_130600112764.csv
2026-01-31 13:05:43,950 - INFO - تم تحليل 96 إدخال من data/input_raw/safe_hospital_130600112764.csv
2026-01-31 13:05:43,950 - INFO - 📊 عدد الإدخالات: 96
2026-01-31 13:05:43,951 - INFO - 📝 أول 3 عينات:
2026-01-31 13:05:43,951 - INFO -   1: device=130600112764 ts=2026-01-30 12:52:41.973957 temp=4.6
2026-01-31 13:05:43,951 - INFO -   2: device=130600112764 ts=2026-01-30 13:07:41.973957 temp=4.65
2026-01-31 13:05:43,951 - INFO -   3: device=130600112764 ts=2026-01-30 13:22:41.973957 temp=5.29
2026-01-31 13:05:43,953 - INFO - تم ربط 3 إدخال، تم تخطي 1
2026-01-31 13:05:43,954 - INFO - تم ربط 3 إدخال، تم تخطي 1
2026-01-31 13:05:43,955 - INFO - تم ربط 0 إدخال، تم تخطي 2
2026-01-31 13:05:43,956 - INFO - تم ربط 0 إدخال، تم تخطي 0
2026-01-31 13:05:43,957 - INFO - تم ربط 0 إدخال، تم تخطي 4
2026-01-31 13:05:43,961 - INFO - تم تحليل 2 إدخال من /tmp/pytest-of-amer11974/pytest-1/test_parse_valid_csv0/data/test_readings.csv
2026-01-31 13:05:43,962 - WARNING - تنسيق غير معروف في /tmp/pytest-of-amer11974/pytest-1/test_parse_invalid_file0/empty.csv
2026-01-31 13:05:43,963 - INFO - تم تحليل 0 إدخال من /tmp/pytest-of-amer11974/pytest-1/test_parse_invalid_file0/empty.csv
2026-01-31 13:05:43,965 - WARNING - تخطي صف 0 في /tmp/pytest-of-amer11974/pytest-1/test_parse_malformed_rows0/data_malformed/bad_readings.csv: could not convert string to float: 'invalid_temp'
2026-01-31 13:05:43,965 - INFO - تم تحليل 1 إدخال من /tmp/pytest-of-amer11974/pytest-1/test_parse_malformed_rows0/data_malformed/bad_readings.csv
2026-01-31 13:05:43,971 - INFO - 📄 إنشاء تقرير PDF احترافي
2026-01-31 13:05:43,972 - INFO - ==================================================
2026-01-31 13:05:43,972 - ERROR - ❌ ملف التقرير غير موجود: data/output/centers_report.tsv
2026-01-31 13:05:43,972 - INFO - ⚠️  قم بتشغيل النظام أولاً:
2026-01-31 13:05:43,972 - INFO -    python -m scripts.run_ft2_pipeline --legacy
2026-01-31 13:05:43,976 - INFO - 📄 إنشاء تقرير PDF احترافي
2026-01-31 13:05:43,976 - INFO - ==================================================
2026-01-31 13:05:43,976 - INFO - 📊 قراءة البيانات من: data/output/centers_report.tsv
2026-01-31 13:05:43,977 - INFO - 🔄 جاري إنشاء التقرير...
2026-01-31 13:05:43,977 - INFO - 
✅ تم إنشاء التقرير بنجاح!
2026-01-31 13:05:43,977 - INFO - 📍 الموقع: /fake/report.pdf
2026-01-31 13:05:44,003 - INFO - 📂 تم فتح التقرير تلقائياً
2026-01-31 13:05:44,022 - INFO - | Test Scenario             | 5.0°C(1.0h) + 15.0°C(24.0h)                   | 1.0    days | NONE  | NO_DATA                        |
2026-01-31 13:05:44,050 - INFO - Mock data created at: data/output/visual_tests/mock_visual_data.tsv
2026-01-31 13:05:44,051 - INFO - Generating Official Visual Report...
2026-01-31 13:05:44,051 - INFO - Done: /tmp/pytest-of-amer11974/pytest-1/test_verify_visual_reports_run0/data/output/visual_tests/visual_test_official.pdf
2026-01-31 13:05:44,051 - INFO - Generating Technical Visual Report...
2026-01-31 13:05:44,051 - INFO - Done: /tmp/pytest-of-amer11974/pytest-1/test_verify_visual_reports_run0/data/output/visual_tests/visual_test_official.pdf
2026-01-31 13:05:44,051 - INFO - Generating Arabic Visual Report...
2026-01-31 13:05:44,051 - INFO - Done: /tmp/pytest-of-amer11974/pytest-1/test_verify_visual_reports_run0/data/output/visual_tests/visual_test_official.pdf
2026-01-31 14:07:27,794 - INFO - | Test Scenario             | 5.0°C(1.0h) + 15.0°C(24.0h)                   | 1.0    days | NONE  | NO_DATA                        |
2026-01-31 14:08:32,520 - INFO - 🧹 تنظيف الملفات التالفة في data/input_ft2
2026-01-31 14:08:32,521 - INFO - 🗑️ تم حذف: bad1.txt (فارغ تماماً)
2026-01-31 14:08:32,521 - INFO - ✅ تم تنظيف 1 ملف.
2026-01-31 14:08:32,522 - INFO - فحص الملفات الخام في: data/input_raw
2026-01-31 14:08:32,523 - INFO - 📄 الملف: test_data.csv
2026-01-31 14:08:32,523 - INFO - تم تحليل 6 إدخال من data/input_raw/test_data.csv
2026-01-31 14:08:32,523 - INFO - 📊 عدد الإدخالات: 6
2026-01-31 14:08:32,523 - INFO - 📝 أول 3 عينات:
2026-01-31 14:08:32,523 - INFO -   1: device=130600112764 ts=2024-01-15 08:00:00 temp=5.2
2026-01-31 14:08:32,523 - INFO -   2: device=130600112764 ts=2024-01-15 12:00:00 temp=4.8
2026-01-31 14:08:32,524 - INFO -   3: device=130600112767 ts=2024-01-15 08:00:00 temp=-1.5
2026-01-31 14:08:32,524 - INFO - 📄 الملف: heat_mobile_130600112769.csv
2026-01-31 14:08:32,524 - INFO - تم تحليل 96 إدخال من data/input_raw/heat_mobile_130600112769.csv
2026-01-31 14:08:32,525 - INFO - 📊 عدد الإدخالات: 96
2026-01-31 14:08:32,525 - INFO - 📝 أول 3 عينات:
2026-01-31 14:08:32,525 - INFO -   1: device=130600112769 ts=2026-01-30 12:52:41.975297 temp=11.98
2026-01-31 14:08:32,525 - INFO -   2: device=130600112769 ts=2026-01-30 13:07:41.975297 temp=11.9
2026-01-31 14:08:32,525 - INFO -   3: device=130600112769 ts=2026-01-30 13:22:41.975297 temp=12.72
2026-01-31 14:08:32,525 - INFO - 📄 الملف: freeze_clinic_130600112767.csv
2026-01-31 14:08:32,526 - INFO - تم تحليل 96 إدخال من data/input_raw/freeze_clinic_130600112767.csv
2026-01-31 14:08:32,526 - INFO - 📊 عدد الإدخالات: 96
2026-01-31 14:08:32,526 - INFO - 📝 أول 3 عينات:
2026-01-31 14:08:32,526 - INFO -   1: device=130600112767 ts=2026-01-30 12:52:41.974660 temp=-1.76
2026-01-31 14:08:32,526 - INFO -   2: device=130600112767 ts=2026-01-30 13:07:41.974660 temp=-2.38
2026-01-31 14:08:32,526 - INFO -   3: device=130600112767 ts=2026-01-30 13:22:41.974660 temp=-2.42
2026-01-31 14:08:32,527 - INFO - 📄 الملف: safe_hospital_130600112764.csv
2026-01-31 14:08:32,527 - INFO - تم تحليل 96 إدخال من data/input_raw/safe_hospital_130600112764.csv
2026-01-31 14:08:32,527 - INFO - 📊 عدد الإدخالات: 96
2026-01-31 14:08:32,527 - INFO - 📝 أول 3 عينات:
2026-01-31 14:08:32,528 - INFO -   1: device=130600112764 ts=2026-01-30 12:52:41.973957 temp=4.6
2026-01-31 14:08:32,528 - INFO -   2: device=130600112764 ts=2026-01-30 13:07:41.973957 temp=4.65
2026-01-31 14:08:32,528 - INFO -   3: device=130600112764 ts=2026-01-30 13:22:41.973957 temp=5.29
2026-01-31 14:08:32,529 - INFO - تم ربط 3 إدخال، تم تخطي 1
2026-01-31 14:08:32,531 - INFO - تم ربط 3 إدخال، تم تخطي 1
2026-01-31 14:08:32,532 - INFO - تم ربط 0 إدخال، تم تخطي 2
2026-01-31 14:08:32,533 - INFO - تم ربط 0 إدخال، تم تخطي 0
2026-01-31 14:08:32,534 - INFO - تم ربط 0 إدخال، تم تخطي 4
2026-01-31 14:08:32,537 - INFO - تم تحليل 2 إدخال من /tmp/pytest-of-amer11974/pytest-2/test_parse_valid_csv0/data/test_readings.csv
2026-01-31 14:08:32,539 - WARNING - تنسيق غير معروف في /tmp/pytest-of-amer11974/pytest-2/test_parse_invalid_file0/empty.csv
2026-01-31 14:08:32,539 - INFO - تم تحليل 0 إدخال من /tmp/pytest-of-amer11974/pytest-2/test_parse_invalid_file0/empty.csv
2026-01-31 14:08:32,542 - WARNING - تخطي صف 0 في /tmp/pytest-of-amer11974/pytest-2/test_parse_malformed_rows0/data_malformed/bad_readings.csv: could not convert string to float: 'invalid_temp'
2026-01-31 14:08:32,542 - INFO - تم تحليل 1 إدخال من /tmp/pytest-of-amer11974/pytest-2/test_parse_malformed_rows0/data_malformed/bad_readings.csv
2026-01-31 14:08:32,548 - INFO - 📄 إنشاء تقرير PDF احترافي
2026-01-31 14:08:32,549 - INFO - ==================================================
2026-01-31 14:08:32,549 - ERROR - ❌ ملف التقرير غير موجود: data/output/centers_report.tsv
2026-01-31 14:08:32,549 - INFO - ⚠️  قم بتشغيل النظام أولاً:
2026-01-31 14:08:32,549 - INFO -    python -m scripts.run_ft2_pipeline --legacy
2026-01-31 14:08:32,553 - INFO - 📄 إنشاء تقرير PDF احترافي
2026-01-31 14:08:32,553 - INFO - ==================================================
2026-01-31 14:08:32,553 - INFO - 📊 قراءة البيانات من: data/output/centers_report.tsv
2026-01-31 14:08:32,553 - INFO - 🔄 جاري إنشاء التقرير...
2026-01-31 14:08:32,554 - INFO - 
✅ تم إنشاء التقرير بنجاح!
2026-01-31 14:08:32,554 - INFO - 📍 الموقع: /fake/report.pdf
2026-01-31 14:08:32,590 - INFO - 📂 تم فتح التقرير تلقائياً
2026-01-31 14:08:32,612 - INFO - | Test Scenario             | 5.0°C(1.0h) + 15.0°C(24.0h)                   | 1.0    days | NONE  | NO_DATA                        |
2026-01-31 14:08:32,637 - INFO - Mock data created at: data/output/visual_tests/mock_visual_data.tsv
2026-01-31 14:08:32,637 - INFO - Generating Official Visual Report...
2026-01-31 14:08:32,637 - INFO - Done: /tmp/pytest-of-amer11974/pytest-2/test_verify_visual_reports_run0/data/output/visual_tests/visual_test_official.pdf
2026-01-31 14:08:32,637 - INFO - Generating Technical Visual Report...
2026-01-31 14:08:32,637 - INFO - Done: /tmp/pytest-of-amer11974/pytest-2/test_verify_visual_reports_run0/data/output/visual_tests/visual_test_official.pdf
2026-01-31 14:08:32,638 - INFO - Generating Arabic Visual Report...
2026-01-31 14:08:32,638 - INFO - Done: /tmp/pytest-of-amer11974/pytest-2/test_verify_visual_reports_run0/data/output/visual_tests/visual_test_official.pdf
2026-01-31 14:09:05,283 - INFO - 🧹 تنظيف الملفات التالفة في data/input_ft2
2026-01-31 14:09:05,284 - INFO - 🗑️ تم حذف: bad1.txt (فارغ تماماً)
2026-01-31 14:09:05,284 - INFO - ✅ تم تنظيف 1 ملف.
2026-01-31 14:09:05,286 - INFO - فحص الملفات الخام في: data/input_raw
2026-01-31 14:09:05,286 - INFO - 📄 الملف: test_data.csv
2026-01-31 14:09:05,286 - INFO - تم تحليل 6 إدخال من data/input_raw/test_data.csv
2026-01-31 14:09:05,287 - INFO - 📊 عدد الإدخالات: 6
2026-01-31 14:09:05,287 - INFO - 📝 أول 3 عينات:
2026-01-31 14:09:05,287 - INFO -   1: device=130600112764 ts=2024-01-15 08:00:00 temp=5.2
2026-01-31 14:09:05,287 - INFO -   2: device=130600112764 ts=2024-01-15 12:00:00 temp=4.8
2026-01-31 14:09:05,287 - INFO -   3: device=130600112767 ts=2024-01-15 08:00:00 temp=-1.5
2026-01-31 14:09:05,287 - INFO - 📄 الملف: heat_mobile_130600112769.csv
2026-01-31 14:09:05,289 - INFO - تم تحليل 96 إدخال من data/input_raw/heat_mobile_130600112769.csv
2026-01-31 14:09:05,289 - INFO - 📊 عدد الإدخالات: 96
2026-01-31 14:09:05,289 - INFO - 📝 أول 3 عينات:
2026-01-31 14:09:05,289 - INFO -   1: device=130600112769 ts=2026-01-30 12:52:41.975297 temp=11.98
2026-01-31 14:09:05,289 - INFO -   2: device=130600112769 ts=2026-01-30 13:07:41.975297 temp=11.9
2026-01-31 14:09:05,290 - INFO -   3: device=130600112769 ts=2026-01-30 13:22:41.975297 temp=12.72
2026-01-31 14:09:05,290 - INFO - 📄 الملف: freeze_clinic_130600112767.csv
2026-01-31 14:09:05,290 - INFO - تم تحليل 96 إدخال من data/input_raw/freeze_clinic_130600112767.csv
2026-01-31 14:09:05,291 - INFO - 📊 عدد الإدخالات: 96
2026-01-31 14:09:05,291 - INFO - 📝 أول 3 عينات:
2026-01-31 14:09:05,291 - INFO -   1: device=130600112767 ts=2026-01-30 12:52:41.974660 temp=-1.76
2026-01-31 14:09:05,291 - INFO -   2: device=130600112767 ts=2026-01-30 13:07:41.974660 temp=-2.38
2026-01-31 14:09:05,291 - INFO -   3: device=130600112767 ts=2026-01-30 13:22:41.974660 temp=-2.42
2026-01-31 14:09:05,291 - INFO - 📄 الملف: safe_hospital_130600112764.csv
2026-01-31 14:09:05,292 - INFO - تم تحليل 96 إدخال من data/input_raw/safe_hospital_130600112764.csv
2026-01-31 14:09:05,292 - INFO - 📊 عدد الإدخالات: 96
2026-01-31 14:09:05,292 - INFO - 📝 أول 3 عينات:
2026-01-31 14:09:05,292 - INFO -   1: device=130600112764 ts=2026-01-30 12:52:41.973957 temp=4.6
2026-01-31 14:09:05,293 - INFO -   2: device=130600112764 ts=2026-01-30 13:07:41.973957 temp=4.65
2026-01-31 14:09:05,293 - INFO -   3: device=130600112764 ts=2026-01-30 13:22:41.973957 temp=5.29
2026-01-31 14:09:05,294 - INFO - تم ربط 3 إدخال، تم تخطي 1
2026-01-31 14:09:05,295 - INFO - تم ربط 3 إدخال، تم تخطي 1
2026-01-31 14:09:05,296 - INFO - تم ربط 0 إدخال، تم تخطي 2
2026-01-31 14:09:05,297 - INFO - تم ربط 0 إدخال، تم تخطي 0
2026-01-31 14:09:05,298 - INFO - تم ربط 0 إدخال، تم تخطي 4
2026-01-31 14:09:05,304 - INFO - تم تحليل 2 إدخال من /tmp/pytest-of-amer11974/pytest-3/test_parse_valid_csv0/data/test_readings.csv
2026-01-31 14:09:05,308 - WARNING - تنسيق غير معروف في /tmp/pytest-of-amer11974/pytest-3/test_parse_invalid_file0/empty.csv
2026-01-31 14:09:05,309 - INFO - تم تحليل 0 إدخال من /tmp/pytest-of-amer11974/pytest-3/test_parse_invalid_file0/empty.csv
2026-01-31 14:09:05,312 - WARNING - تخطي صف 0 في /tmp/pytest-of-amer11974/pytest-3/test_parse_malformed_rows0/data_malformed/bad_readings.csv: could not convert string to float: 'invalid_temp'
2026-01-31 14:09:05,312 - INFO - تم تحليل 1 إدخال من /tmp/pytest-of-amer11974/pytest-3/test_parse_malformed_rows0/data_malformed/bad_readings.csv
2026-01-31 14:09:05,318 - INFO - 📄 إنشاء تقرير PDF احترافي
2026-01-31 14:09:05,319 - INFO - ==================================================
2026-01-31 14:09:05,319 - ERROR - ❌ ملف التقرير غير موجود: data/output/centers_report.tsv
2026-01-31 14:09:05,319 - INFO - ⚠️  قم بتشغيل النظام أولاً:
2026-01-31 14:09:05,320 - INFO -    python -m scripts.run_ft2_pipeline --legacy
2026-01-31 14:09:05,327 - INFO - 📄 إنشاء تقرير PDF احترافي
2026-01-31 14:09:05,327 - INFO - ==================================================
2026-01-31 14:09:05,327 - INFO - 📊 قراءة البيانات من: data/output/centers_report.tsv
2026-01-31 14:09:05,327 - INFO - 🔄 جاري إنشاء التقرير...
2026-01-31 14:09:05,328 - INFO - 
✅ تم إنشاء التقرير بنجاح!
2026-01-31 14:09:05,328 - INFO - 📍 الموقع: /fake/report.pdf
2026-01-31 14:09:05,356 - INFO - 📂 تم فتح التقرير تلقائياً
2026-01-31 14:09:05,376 - INFO - | Test Scenario             | 5.0°C(1.0h) + 15.0°C(24.0h)                   | 1.0    days | NONE  | NO_DATA                        |
2026-01-31 14:09:05,394 - INFO - Mock data created at: data/output/visual_tests/mock_visual_data.tsv
2026-01-31 14:09:05,395 - INFO - Generating Official Visual Report...
2026-01-31 14:09:05,395 - INFO - Done: /tmp/pytest-of-amer11974/pytest-3/test_verify_visual_reports_run0/data/output/visual_tests/visual_test_official.pdf
2026-01-31 14:09:05,395 - INFO - Generating Technical Visual Report...
2026-01-31 14:09:05,396 - INFO - Done: /tmp/pytest-of-amer11974/pytest-3/test_verify_visual_reports_run0/data/output/visual_tests/visual_test_official.pdf
2026-01-31 14:09:05,396 - INFO - Generating Arabic Visual Report...
2026-01-31 14:09:05,396 - INFO - Done: /tmp/pytest-of-amer11974/pytest-3/test_verify_visual_reports_run0/data/output/visual_tests/visual_test_official.pdf
2026-01-31 14:09:36,185 - INFO - 🧹 تنظيف الملفات التالفة في data/input_ft2
2026-01-31 14:09:36,185 - INFO - 🗑️ تم حذف: bad1.txt (فارغ تماماً)
2026-01-31 14:09:36,186 - INFO - ✅ تم تنظيف 1 ملف.
2026-01-31 14:09:36,187 - INFO - فحص الملفات الخام في: data/input_raw
2026-01-31 14:09:36,187 - INFO - 📄 الملف: test_data.csv
2026-01-31 14:09:36,187 - INFO - تم تحليل 6 إدخال من data/input_raw/test_data.csv
2026-01-31 14:09:36,188 - INFO - 📊 عدد الإدخالات: 6
2026-01-31 14:09:36,188 - INFO - 📝 أول 3 عينات:
2026-01-31 14:09:36,188 - INFO -   1: device=130600112764 ts=2024-01-15 08:00:00 temp=5.2
2026-01-31 14:09:36,188 - INFO -   2: device=130600112764 ts=2024-01-15 12:00:00 temp=4.8
2026-01-31 14:09:36,188 - INFO -   3: device=130600112767 ts=2024-01-15 08:00:00 temp=-1.5
2026-01-31 14:09:36,188 - INFO - 📄 الملف: heat_mobile_130600112769.csv
2026-01-31 14:09:36,189 - INFO - تم تحليل 96 إدخال من data/input_raw/heat_mobile_130600112769.csv
2026-01-31 14:09:36,189 - INFO - 📊 عدد الإدخالات: 96
2026-01-31 14:09:36,189 - INFO - 📝 أول 3 عينات:
2026-01-31 14:09:36,189 - INFO -   1: device=130600112769 ts=2026-01-30 12:52:41.975297 temp=11.98
2026-01-31 14:09:36,189 - INFO -   2: device=130600112769 ts=2026-01-30 13:07:41.975297 temp=11.9
2026-01-31 14:09:36,189 - INFO -   3: device=130600112769 ts=2026-01-30 13:22:41.975297 temp=12.72
2026-01-31 14:09:36,190 - INFO - 📄 الملف: freeze_clinic_130600112767.csv
2026-01-31 14:09:36,190 - INFO - تم تحليل 96 إدخال من data/input_raw/freeze_clinic_130600112767.csv
2026-01-31 14:09:36,190 - INFO - 📊 عدد الإدخالات: 96
2026-01-31 14:09:36,190 - INFO - 📝 أول 3 عينات:
2026-01-31 14:09:36,191 - INFO -   1: device=130600112767 ts=2026-01-30 12:52:41.974660 temp=-1.76
2026-01-31 14:09:36,191 - INFO -   2: device=130600112767 ts=2026-01-30 13:07:41.974660 temp=-2.38
2026-01-31 14:09:36,191 - INFO -   3: device=130600112767 ts=2026-01-30 13:22:41.974660 temp=-2.42
2026-01-31 14:09:36,191 - INFO - 📄 الملف: safe_hospital_130600112764.csv
2026-01-31 14:09:36,192 - INFO - تم تحليل 96 إدخال من data/input_raw/safe_hospital_130600112764.csv
2026-01-31 14:09:36,192 - INFO - 📊 عدد الإدخالات: 96
2026-01-31 14:09:36,192 - INFO - 📝 أول 3 عينات:
2026-01-31 14:09:36,192 - INFO -   1: device=130600112764 ts=2026-01-30 12:52:41.973957 temp=4.6
2026-01-31 14:09:36,192 - INFO -   2: device=130600112764 ts=2026-01-30 13:07:41.973957 temp=4.65
2026-01-31 14:09:36,193 - INFO -   3: device=130600112764 ts=2026-01-30 13:22:41.973957 temp=5.29
2026-01-31 14:09:36,194 - INFO - تم ربط 3 إدخال، تم تخطي 1
2026-01-31 14:09:36,198 - INFO - تم ربط 3 إدخال، تم تخطي 1
2026-01-31 14:09:36,199 - INFO - تم ربط 0 إدخال، تم تخطي 2
2026-01-31 14:09:36,200 - INFO - تم ربط 0 إدخال، تم تخطي 0
2026-01-31 14:09:36,202 - INFO - تم ربط 0 إدخال، تم تخطي 4
2026-01-31 14:09:36,204 - INFO - تم تحليل 2 إدخال من /tmp/pytest-of-amer11974/pytest-4/test_parse_valid_csv0/data/test_readings.csv
2026-01-31 14:09:36,207 - WARNING - تنسيق غير معروف في /tmp/pytest-of-amer11974/pytest-4/test_parse_invalid_file0/empty.csv
2026-01-31 14:09:36,207 - INFO - تم تحليل 0 إدخال من /tmp/pytest-of-amer11974/pytest-4/test_parse_invalid_file0/empty.csv
2026-01-31 14:09:36,210 - WARNING - تخطي صف 0 في /tmp/pytest-of-amer11974/pytest-4/test_parse_malformed_rows0/data_malformed/bad_readings.csv: could not convert string to float: 'invalid_temp'
2026-01-31 14:09:36,211 - INFO - تم تحليل 1 إدخال من /tmp/pytest-of-amer11974/pytest-4/test_parse_malformed_rows0/data_malformed/bad_readings.csv
2026-01-31 14:09:36,219 - INFO - 📄 إنشاء تقرير PDF احترافي
2026-01-31 14:09:36,219 - INFO - ==================================================
2026-01-31 14:09:36,219 - ERROR - ❌ ملف التقرير غير موجود: data/output/centers_report.tsv
2026-01-31 14:09:36,219 - INFO - ⚠️  قم بتشغيل النظام أولاً:
2026-01-31 14:09:36,219 - INFO -    python -m scripts.run_ft2_pipeline --legacy
2026-01-31 14:09:36,224 - INFO - 📄 إنشاء تقرير PDF احترافي
2026-01-31 14:09:36,224 - INFO - ==================================================
2026-01-31 14:09:36,224 - INFO - 📊 قراءة البيانات من: data/output/centers_report.tsv
2026-01-31 14:09:36,224 - INFO - 🔄 جاري إنشاء التقرير...
2026-01-31 14:09:36,224 - INFO - 
✅ تم إنشاء التقرير بنجاح!
2026-01-31 14:09:36,225 - INFO - 📍 الموقع: /fake/report.pdf
2026-01-31 14:09:36,249 - INFO - 📂 تم فتح التقرير تلقائياً
2026-01-31 14:09:36,274 - INFO - | Test Scenario             | 5.0°C(1.0h) + 15.0°C(24.0h)                   | 1.0    days | NONE  | NO_DATA                        |
2026-01-31 14:09:36,290 - INFO - Mock data created at: data/output/visual_tests/mock_visual_data.tsv
2026-01-31 14:09:36,290 - INFO - Generating Official Visual Report...
2026-01-31 14:09:36,290 - INFO - Done: /tmp/pytest-of-amer11974/pytest-4/test_verify_visual_reports_run0/data/output/visual_tests/visual_test_official.pdf
2026-01-31 14:09:36,290 - INFO - Generating Technical Visual Report...
2026-01-31 14:09:36,291 - INFO - Done: /tmp/pytest-of-amer11974/pytest-4/test_verify_visual_reports_run0/data/output/visual_tests/visual_test_official.pdf
2026-01-31 14:09:36,291 - INFO - Generating Arabic Visual Report...
2026-01-31 14:09:36,291 - INFO - Done: /tmp/pytest-of-amer11974/pytest-4/test_verify_visual_reports_run0/data/output/visual_tests/visual_test_official.pdf
2026-01-31 16:18:58,165 - INFO - 🧹 تنظيف الملفات التالفة في data/input_ft2
2026-01-31 16:18:58,189 - INFO - 🗑️ تم حذف: bad1.txt (فارغ تماماً)
2026-01-31 16:18:58,189 - INFO - ✅ تم تنظيف 1 ملف.
2026-01-31 16:18:58,191 - INFO - فحص الملفات الخام في: data/input_raw
2026-01-31 16:18:58,191 - INFO - 📄 الملف: test_data.csv
2026-01-31 16:18:58,192 - INFO - تم تحليل 6 إدخال من data/input_raw/test_data.csv
2026-01-31 16:18:58,192 - INFO - 📊 عدد الإدخالات: 6
2026-01-31 16:18:58,192 - INFO - 📝 أول 3 عينات:
2026-01-31 16:18:58,192 - INFO -   1: device=130600112764 ts=2024-01-15 08:00:00 temp=5.2
2026-01-31 16:18:58,192 - INFO -   2: device=130600112764 ts=2024-01-15 12:00:00 temp=4.8
2026-01-31 16:18:58,193 - INFO -   3: device=130600112767 ts=2024-01-15 08:00:00 temp=-1.5
2026-01-31 16:18:58,193 - INFO - 📄 الملف: heat_mobile_130600112769.csv
2026-01-31 16:18:58,193 - INFO - تم تحليل 96 إدخال من data/input_raw/heat_mobile_130600112769.csv
2026-01-31 16:18:58,194 - INFO - 📊 عدد الإدخالات: 96
2026-01-31 16:18:58,194 - INFO - 📝 أول 3 عينات:
2026-01-31 16:18:58,194 - INFO -   1: device=130600112769 ts=2026-01-30 12:52:41.975297 temp=11.98
2026-01-31 16:18:58,194 - INFO -   2: device=130600112769 ts=2026-01-30 13:07:41.975297 temp=11.9
2026-01-31 16:18:58,194 - INFO -   3: device=130600112769 ts=2026-01-30 13:22:41.975297 temp=12.72
2026-01-31 16:18:58,194 - INFO - 📄 الملف: freeze_clinic_130600112767.csv
2026-01-31 16:18:58,195 - INFO - تم تحليل 96 إدخال من data/input_raw/freeze_clinic_130600112767.csv
2026-01-31 16:18:58,195 - INFO - 📊 عدد الإدخالات: 96
2026-01-31 16:18:58,195 - INFO - 📝 أول 3 عينات:
2026-01-31 16:18:58,195 - INFO -   1: device=130600112767 ts=2026-01-30 12:52:41.974660 temp=-1.76
2026-01-31 16:18:58,196 - INFO -   2: device=130600112767 ts=2026-01-30 13:07:41.974660 temp=-2.38
2026-01-31 16:18:58,196 - INFO -   3: device=130600112767 ts=2026-01-30 13:22:41.974660 temp=-2.42
2026-01-31 16:18:58,196 - INFO - 📄 الملف: safe_hospital_130600112764.csv
2026-01-31 16:18:58,197 - INFO - تم تحليل 96 إدخال من data/input_raw/safe_hospital_130600112764.csv
2026-01-31 16:18:58,197 - INFO - 📊 عدد الإدخالات: 96
2026-01-31 16:18:58,197 - INFO - 📝 أول 3 عينات:
2026-01-31 16:18:58,197 - INFO -   1: device=130600112764 ts=2026-01-30 12:52:41.973957 temp=4.6
2026-01-31 16:18:58,197 - INFO -   2: device=130600112764 ts=2026-01-30 13:07:41.973957 temp=4.65
2026-01-31 16:18:58,197 - INFO -   3: device=130600112764 ts=2026-01-30 13:22:41.973957 temp=5.29
2026-01-31 16:18:58,199 - INFO - تم ربط 3 إدخال، تم تخطي 1
2026-01-31 16:18:58,201 - INFO - تم ربط 3 إدخال، تم تخطي 1
2026-01-31 16:18:58,202 - INFO - تم ربط 0 إدخال، تم تخطي 2
2026-01-31 16:18:58,204 - INFO - تم ربط 0 إدخال، تم تخطي 0
2026-01-31 16:18:58,205 - INFO - تم ربط 0 إدخال، تم تخطي 4
2026-01-31 16:18:58,208 - INFO - تم تحليل 2 إدخال من /tmp/pytest-of-amer11974/pytest-5/test_parse_valid_csv0/data/test_readings.csv
2026-01-31 16:18:58,210 - WARNING - تنسيق غير معروف في /tmp/pytest-of-amer11974/pytest-5/test_parse_invalid_file0/empty.csv
2026-01-31 16:18:58,210 - INFO - تم تحليل 0 إدخال من /tmp/pytest-of-amer11974/pytest-5/test_parse_invalid_file0/empty.csv
2026-01-31 16:18:58,213 - WARNING - تخطي صف 0 في /tmp/pytest-of-amer11974/pytest-5/test_parse_malformed_rows0/data_malformed/bad_readings.csv: could not convert string to float: 'invalid_temp'
2026-01-31 16:18:58,213 - INFO - تم تحليل 1 إدخال من /tmp/pytest-of-amer11974/pytest-5/test_parse_malformed_rows0/data_malformed/bad_readings.csv
2026-01-31 16:18:58,218 - INFO - 📄 إنشاء تقرير PDF احترافي
2026-01-31 16:18:58,218 - INFO - ==================================================
2026-01-31 16:18:58,218 - ERROR - ❌ ملف التقرير غير موجود: data/output/centers_report.tsv
2026-01-31 16:18:58,219 - INFO - ⚠️  قم بتشغيل النظام أولاً:
2026-01-31 16:18:58,219 - INFO -    python -m scripts.run_ft2_pipeline --legacy
2026-01-31 16:18:58,245 - INFO - 📄 إنشاء تقرير PDF احترافي
2026-01-31 16:18:58,245 - INFO - ==================================================
2026-01-31 16:18:58,245 - INFO - 📊 قراءة البيانات من: data/output/centers_report.tsv
2026-01-31 16:18:58,245 - INFO - 🔄 جاري إنشاء التقرير...
2026-01-31 16:18:58,245 - INFO - 
✅ تم إنشاء التقرير بنجاح!
2026-01-31 16:18:58,245 - INFO - 📍 الموقع: /fake/report.pdf
2026-01-31 16:18:58,855 - INFO - 📂 تم فتح التقرير تلقائياً
2026-01-31 16:18:58,964 - INFO - | Test Scenario             | 5.0°C(1.0h) + 15.0°C(24.0h)                   | 1.0    days | NONE  | NO_DATA                        |
2026-01-31 16:18:59,011 - INFO - Mock data created at: data/output/visual_tests/mock_visual_data.tsv
2026-01-31 16:18:59,011 - INFO - Generating Official Visual Report...
2026-01-31 16:18:59,011 - INFO - Done: /tmp/pytest-of-amer11974/pytest-5/test_verify_visual_reports_run0/data/output/visual_tests/visual_test_official.pdf
2026-01-31 16:18:59,011 - INFO - Generating Technical Visual Report...
2026-01-31 16:18:59,011 - INFO - Done: /tmp/pytest-of-amer11974/pytest-5/test_verify_visual_reports_run0/data/output/visual_tests/visual_test_official.pdf
2026-01-31 16:18:59,011 - INFO - Generating Arabic Visual Report...
2026-01-31 16:18:59,011 - INFO - Done: /tmp/pytest-of-amer11974/pytest-5/test_verify_visual_reports_run0/data/output/visual_tests/visual_test_official.pdf
2026-01-31 16:26:32,407 - INFO - 🧹 تنظيف الملفات التالفة في data/input_ft2
2026-01-31 16:26:32,407 - INFO - 🗑️ تم حذف: bad1.txt (فارغ تماماً)
2026-01-31 16:26:32,408 - INFO - ✅ تم تنظيف 1 ملف.
2026-01-31 16:26:32,409 - INFO - فحص الملفات الخام في: data/input_raw
2026-01-31 16:26:32,409 - INFO - 📄 الملف: test_data.csv
2026-01-31 16:26:32,410 - INFO - تم تحليل 6 إدخال من data/input_raw/test_data.csv
2026-01-31 16:26:32,410 - INFO - 📊 عدد الإدخالات: 6
2026-01-31 16:26:32,410 - INFO - 📝 أول 3 عينات:
2026-01-31 16:26:32,410 - INFO -   1: device=130600112764 ts=2024-01-15 08:00:00 temp=5.2
2026-01-31 16:26:32,410 - INFO -   2: device=130600112764 ts=2024-01-15 12:00:00 temp=4.8
2026-01-31 16:26:32,410 - INFO -   3: device=130600112767 ts=2024-01-15 08:00:00 temp=-1.5
2026-01-31 16:26:32,410 - INFO - 📄 الملف: heat_mobile_130600112769.csv
2026-01-31 16:26:32,411 - INFO - تم تحليل 96 إدخال من data/input_raw/heat_mobile_130600112769.csv
2026-01-31 16:26:32,411 - INFO - 📊 عدد الإدخالات: 96
2026-01-31 16:26:32,411 - INFO - 📝 أول 3 عينات:
2026-01-31 16:26:32,411 - INFO -   1: device=130600112769 ts=2026-01-30 12:52:41.975297 temp=11.98
2026-01-31 16:26:32,412 - INFO -   2: device=130600112769 ts=2026-01-30 13:07:41.975297 temp=11.9
2026-01-31 16:26:32,412 - INFO -   3: device=130600112769 ts=2026-01-30 13:22:41.975297 temp=12.72
2026-01-31 16:26:32,412 - INFO - 📄 الملف: freeze_clinic_130600112767.csv
2026-01-31 16:26:32,412 - INFO - تم تحليل 96 إدخال من data/input_raw/freeze_clinic_130600112767.csv
2026-01-31 16:26:32,412 - INFO - 📊 عدد الإدخالات: 96
2026-01-31 16:26:32,413 - INFO - 📝 أول 3 عينات:
2026-01-31 16:26:32,413 - INFO -   1: device=130600112767 ts=2026-01-30 12:52:41.974660 temp=-1.76
2026-01-31 16:26:32,413 - INFO -   2: device=130600112767 ts=2026-01-30 13:07:41.974660 temp=-2.38
2026-01-31 16:26:32,413 - INFO -   3: device=130600112767 ts=2026-01-30 13:22:41.974660 temp=-2.42
2026-01-31 16:26:32,413 - INFO - 📄 الملف: safe_hospital_130600112764.csv
2026-01-31 16:26:32,414 - INFO - تم تحليل 96 إدخال من data/input_raw/safe_hospital_130600112764.csv
2026-01-31 16:26:32,414 - INFO - 📊 عدد الإدخالات: 96
2026-01-31 16:26:32,414 - INFO - 📝 أول 3 عينات:
2026-01-31 16:26:32,414 - INFO -   1: device=130600112764 ts=2026-01-30 12:52:41.973957 temp=4.6
2026-01-31 16:26:32,414 - INFO -   2: device=130600112764 ts=2026-01-30 13:07:41.973957 temp=4.65
2026-01-31 16:26:32,414 - INFO -   3: device=130600112764 ts=2026-01-30 13:22:41.973957 temp=5.29
2026-01-31 16:26:32,416 - INFO - تم ربط 3 إدخال، تم تخطي 1
2026-01-31 16:26:32,417 - INFO - تم ربط 3 إدخال، تم تخطي 1
2026-01-31 16:26:32,418 - INFO - تم ربط 0 إدخال، تم تخطي 2
2026-01-31 16:26:32,419 - INFO - تم ربط 0 إدخال، تم تخطي 0
2026-01-31 16:26:32,420 - INFO - تم ربط 0 إدخال، تم تخطي 4
2026-01-31 16:26:32,424 - INFO - تم تحليل 2 إدخال من /tmp/pytest-of-amer11974/pytest-6/test_parse_valid_csv0/data/test_readings.csv
2026-01-31 16:26:32,426 - WARNING - تنسيق غير معروف في /tmp/pytest-of-amer11974/pytest-6/test_parse_invalid_file0/empty.csv
2026-01-31 16:26:32,426 - INFO - تم تحليل 0 إدخال من /tmp/pytest-of-amer11974/pytest-6/test_parse_invalid_file0/empty.csv
2026-01-31 16:26:32,428 - WARNING - تخطي صف 0 في /tmp/pytest-of-amer11974/pytest-6/test_parse_malformed_rows0/data_malformed/bad_readings.csv: could not convert string to float: 'invalid_temp'
2026-01-31 16:26:32,428 - INFO - تم تحليل 1 إدخال من /tmp/pytest-of-amer11974/pytest-6/test_parse_malformed_rows0/data_malformed/bad_readings.csv
2026-01-31 16:26:32,434 - INFO - 📄 إنشاء تقرير PDF احترافي
2026-01-31 16:26:32,434 - INFO - ==================================================
2026-01-31 16:26:32,435 - ERROR - ❌ ملف التقرير غير موجود: data/output/centers_report.tsv
2026-01-31 16:26:32,435 - INFO - ⚠️  قم بتشغيل النظام أولاً:
2026-01-31 16:26:32,435 - INFO -    python -m scripts.run_ft2_pipeline --legacy
2026-01-31 16:26:32,439 - INFO - 📄 إنشاء تقرير PDF احترافي
2026-01-31 16:26:32,439 - INFO - ==================================================
2026-01-31 16:26:32,439 - INFO - 📊 قراءة البيانات من: data/output/centers_report.tsv
2026-01-31 16:26:32,439 - INFO - 🔄 جاري إنشاء التقرير...
2026-01-31 16:26:32,439 - INFO - 
✅ تم إنشاء التقرير بنجاح!
2026-01-31 16:26:32,440 - INFO - 📍 الموقع: /fake/report.pdf
2026-01-31 16:26:32,466 - INFO - 📂 تم فتح التقرير تلقائياً
2026-01-31 16:26:32,484 - INFO - | Test Scenario             | 5.0°C(1.0h) + 15.0°C(24.0h)                   | 1.0    days | NONE  | NO_DATA                        |
2026-01-31 16:26:32,496 - INFO - Mock data created at: data/output/visual_tests/mock_visual_data.tsv
2026-01-31 16:26:32,497 - INFO - Generating Official Visual Report...
2026-01-31 16:26:32,497 - INFO - Done: /tmp/pytest-of-amer11974/pytest-6/test_verify_visual_reports_run0/data/output/visual_tests/visual_test_official.pdf
2026-01-31 16:26:32,497 - INFO - Generating Technical Visual Report...
2026-01-31 16:26:32,497 - INFO - Done: /tmp/pytest-of-amer11974/pytest-6/test_verify_visual_reports_run0/data/output/visual_tests/visual_test_official.pdf
2026-01-31 16:26:32,497 - INFO - Generating Arabic Visual Report...
2026-01-31 16:26:32,497 - INFO - Done: /tmp/pytest-of-amer11974/pytest-6/test_verify_visual_reports_run0/data/output/visual_tests/visual_test_official.pdf
2026-01-31 16:31:21,232 - INFO - 🧹 تنظيف الملفات التالفة في data/input_ft2
2026-01-31 16:31:21,232 - INFO - 🗑️ تم حذف: bad1.txt (فارغ تماماً)
2026-01-31 16:31:21,233 - INFO - ✅ تم تنظيف 1 ملف.
2026-01-31 16:31:21,234 - INFO - فحص الملفات الخام في: data/input_raw
2026-01-31 16:31:21,234 - INFO - 📄 الملف: test_data.csv
2026-01-31 16:31:21,234 - INFO - تم تحليل 6 إدخال من data/input_raw/test_data.csv
2026-01-31 16:31:21,235 - INFO - 📊 عدد الإدخالات: 6
2026-01-31 16:31:21,235 - INFO - 📝 أول 3 عينات:
2026-01-31 16:31:21,235 - INFO -   1: device=130600112764 ts=2024-01-15 08:00:00 temp=5.2
2026-01-31 16:31:21,235 - INFO -   2: device=130600112764 ts=2024-01-15 12:00:00 temp=4.8
2026-01-31 16:31:21,235 - INFO -   3: device=130600112767 ts=2024-01-15 08:00:00 temp=-1.5
2026-01-31 16:31:21,235 - INFO - 📄 الملف: heat_mobile_130600112769.csv
2026-01-31 16:31:21,236 - INFO - تم تحليل 96 إدخال من data/input_raw/heat_mobile_130600112769.csv
2026-01-31 16:31:21,236 - INFO - 📊 عدد الإدخالات: 96
2026-01-31 16:31:21,236 - INFO - 📝 أول 3 عينات:
2026-01-31 16:31:21,236 - INFO -   1: device=130600112769 ts=2026-01-30 12:52:41.975297 temp=11.98
2026-01-31 16:31:21,236 - INFO -   2: device=130600112769 ts=2026-01-30 13:07:41.975297 temp=11.9
2026-01-31 16:31:21,236 - INFO -   3: device=130600112769 ts=2026-01-30 13:22:41.975297 temp=12.72
2026-01-31 16:31:21,236 - INFO - 📄 الملف: freeze_clinic_130600112767.csv
2026-01-31 16:31:21,237 - INFO - تم تحليل 96 إدخال من data/input_raw/freeze_clinic_130600112767.csv
2026-01-31 16:31:21,237 - INFO - 📊 عدد الإدخالات: 96
2026-01-31 16:31:21,237 - INFO - 📝 أول 3 عينات:
2026-01-31 16:31:21,237 - INFO -   1: device=130600112767 ts=2026-01-30 12:52:41.974660 temp=-1.76
2026-01-31 16:31:21,237 - INFO -   2: device=130600112767 ts=2026-01-30 13:07:41.974660 temp=-2.38
2026-01-31 16:31:21,238 - INFO -   3: device=130600112767 ts=2026-01-30 13:22:41.974660 temp=-2.42
2026-01-31 16:31:21,238 - INFO - 📄 الملف: safe_hospital_130600112764.csv
2026-01-31 16:31:21,238 - INFO - تم تحليل 96 إدخال من data/input_raw/safe_hospital_130600112764.csv
2026-01-31 16:31:21,238 - INFO - 📊 عدد الإدخالات: 96
2026-01-31 16:31:21,238 - INFO - 📝 أول 3 عينات:
2026-01-31 16:31:21,239 - INFO -   1: device=130600112764 ts=2026-01-30 12:52:41.973957 temp=4.6
2026-01-31 16:31:21,239 - INFO -   2: device=130600112764 ts=2026-01-30 13:07:41.973957 temp=4.65
2026-01-31 16:31:21,239 - INFO -   3: device=130600112764 ts=2026-01-30 13:22:41.973957 temp=5.29
2026-01-31 16:31:21,240 - INFO - تم ربط 3 إدخال، تم تخطي 1
2026-01-31 16:31:21,242 - INFO - تم ربط 3 إدخال، تم تخطي 1
2026-01-31 16:31:21,243 - INFO - تم ربط 0 إدخال، تم تخطي 2
2026-01-31 16:31:21,244 - INFO - تم ربط 0 إدخال، تم تخطي 0
2026-01-31 16:31:21,245 - INFO - تم ربط 0 إدخال، تم تخطي 4
2026-01-31 16:31:21,248 - INFO - تم تحليل 2 إدخال من /tmp/pytest-of-amer11974/pytest-7/test_parse_valid_csv0/data/test_readings.csv
2026-01-31 16:31:21,250 - WARNING - تنسيق غير معروف في /tmp/pytest-of-amer11974/pytest-7/test_parse_invalid_file0/empty.csv
2026-01-31 16:31:21,251 - INFO - تم تحليل 0 إدخال من /tmp/pytest-of-amer11974/pytest-7/test_parse_invalid_file0/empty.csv
2026-01-31 16:31:21,253 - WARNING - تخطي صف 0 في /tmp/pytest-of-amer11974/pytest-7/test_parse_malformed_rows0/data_malformed/bad_readings.csv: could not convert string to float: 'invalid_temp'
2026-01-31 16:31:21,253 - INFO - تم تحليل 1 إدخال من /tmp/pytest-of-amer11974/pytest-7/test_parse_malformed_rows0/data_malformed/bad_readings.csv
2026-01-31 16:31:21,259 - INFO - 📄 إنشاء تقرير PDF احترافي
2026-01-31 16:31:21,259 - INFO - ==================================================
2026-01-31 16:31:21,259 - ERROR - ❌ ملف التقرير غير موجود: data/output/centers_report.tsv
2026-01-31 16:31:21,259 - INFO - ⚠️  قم بتشغيل النظام أولاً:
2026-01-31 16:31:21,260 - INFO -    python -m scripts.run_ft2_pipeline --legacy
2026-01-31 16:31:21,266 - INFO - 📄 إنشاء تقرير PDF احترافي
2026-01-31 16:31:21,266 - INFO - ==================================================
2026-01-31 16:31:21,266 - INFO - 📊 قراءة البيانات من: data/output/centers_report.tsv
2026-01-31 16:31:21,266 - INFO - 🔄 جاري إنشاء التقرير...
2026-01-31 16:31:21,266 - INFO - 
✅ تم إنشاء التقرير بنجاح!
2026-01-31 16:31:21,267 - INFO - 📍 الموقع: /fake/report.pdf
2026-01-31 16:31:21,293 - INFO - 📂 تم فتح التقرير تلقائياً
2026-01-31 16:31:21,313 - INFO - | Test Scenario             | 5.0°C(1.0h) + 15.0°C(24.0h)                   | 1.0    days | NONE  | NO_DATA                        |
2026-01-31 16:31:21,343 - INFO - Mock data created at: data/output/visual_tests/mock_visual_data.tsv
2026-01-31 16:31:21,344 - INFO - Generating Official Visual Report...
2026-01-31 16:31:21,344 - INFO - Done: /tmp/pytest-of-amer11974/pytest-7/test_verify_visual_reports_run0/data/output/visual_tests/visual_test_official.pdf
2026-01-31 16:31:21,344 - INFO - Generating Technical Visual Report...
2026-01-31 16:31:21,344 - INFO - Done: /tmp/pytest-of-amer11974/pytest-7/test_verify_visual_reports_run0/data/output/visual_tests/visual_test_official.pdf
2026-01-31 16:31:21,344 - INFO - Generating Arabic Visual Report...
2026-01-31 16:31:21,344 - INFO - Done: /tmp/pytest-of-amer11974/pytest-7/test_verify_visual_reports_run0/data/output/visual_tests/visual_test_official.pdf
2026-01-31 16:53:49,163 - INFO - 🧹 تنظيف الملفات التالفة في data/input_ft2
2026-01-31 16:53:49,178 - INFO - 🗑️ تم حذف: bad1.txt (فارغ تماماً)
2026-01-31 16:53:49,178 - INFO - ✅ تم تنظيف 1 ملف.
2026-01-31 16:53:49,181 - INFO - فحص الملفات الخام في: data/input_raw
2026-01-31 16:53:49,181 - INFO - 📄 الملف: test_data.csv
2026-01-31 16:53:49,182 - INFO - تم تحليل 6 إدخال من data/input_raw/test_data.csv
2026-01-31 16:53:49,183 - INFO - 📊 عدد الإدخالات: 6
2026-01-31 16:53:49,183 - INFO - 📝 أول 3 عينات:
2026-01-31 16:53:49,183 - INFO -   1: device=130600112764 ts=2024-01-15 08:00:00 temp=5.2
2026-01-31 16:53:49,183 - INFO -   2: device=130600112764 ts=2024-01-15 12:00:00 temp=4.8
2026-01-31 16:53:49,184 - INFO -   3: device=130600112767 ts=2024-01-15 08:00:00 temp=-1.5
2026-01-31 16:53:49,184 - INFO - 📄 الملف: heat_mobile_130600112769.csv
2026-01-31 16:53:49,185 - INFO - تم تحليل 96 إدخال من data/input_raw/heat_mobile_130600112769.csv
2026-01-31 16:53:49,185 - INFO - 📊 عدد الإدخالات: 96
2026-01-31 16:53:49,185 - INFO - 📝 أول 3 عينات:
2026-01-31 16:53:49,186 - INFO -   1: device=130600112769 ts=2026-01-30 12:52:41.975297 temp=11.98
2026-01-31 16:53:49,186 - INFO -   2: device=130600112769 ts=2026-01-30 13:07:41.975297 temp=11.9
2026-01-31 16:53:49,186 - INFO -   3: device=130600112769 ts=2026-01-30 13:22:41.975297 temp=12.72
2026-01-31 16:53:49,186 - INFO - 📄 الملف: freeze_clinic_130600112767.csv
2026-01-31 16:53:49,187 - INFO - تم تحليل 96 إدخال من data/input_raw/freeze_clinic_130600112767.csv
2026-01-31 16:53:49,187 - INFO - 📊 عدد الإدخالات: 96
2026-01-31 16:53:49,188 - INFO - 📝 أول 3 عينات:
2026-01-31 16:53:49,188 - INFO -   1: device=130600112767 ts=2026-01-30 12:52:41.974660 temp=-1.76
2026-01-31 16:53:49,188 - INFO -   2: device=130600112767 ts=2026-01-30 13:07:41.974660 temp=-2.38
2026-01-31 16:53:49,188 - INFO -   3: device=130600112767 ts=2026-01-30 13:22:41.974660 temp=-2.42
2026-01-31 16:53:49,188 - INFO - 📄 الملف: safe_hospital_130600112764.csv
2026-01-31 16:53:49,190 - INFO - تم تحليل 96 إدخال من data/input_raw/safe_hospital_130600112764.csv
2026-01-31 16:53:49,190 - INFO - 📊 عدد الإدخالات: 96
2026-01-31 16:53:49,190 - INFO - 📝 أول 3 عينات:
2026-01-31 16:53:49,191 - INFO -   1: device=130600112764 ts=2026-01-30 12:52:41.973957 temp=4.6
2026-01-31 16:53:49,191 - INFO -   2: device=130600112764 ts=2026-01-30 13:07:41.973957 temp=4.65
2026-01-31 16:53:49,191 - INFO -   3: device=130600112764 ts=2026-01-30 13:22:41.973957 temp=5.29
2026-01-31 16:53:49,194 - INFO - تم ربط 3 إدخال، تم تخطي 1
2026-01-31 16:53:49,195 - INFO - تم ربط 3 إدخال، تم تخطي 1
2026-01-31 16:53:49,197 - INFO - تم ربط 0 إدخال، تم تخطي 2
2026-01-31 16:53:49,198 - INFO - تم ربط 0 إدخال، تم تخطي 0
2026-01-31 16:53:49,199 - INFO - تم ربط 0 إدخال، تم تخطي 4
2026-01-31 16:53:49,203 - INFO - تم تحليل 2 إدخال من /tmp/pytest-of-amer11974/pytest-8/test_parse_valid_csv0/data/test_readings.csv
2026-01-31 16:53:49,205 - WARNING - تنسيق غير معروف في /tmp/pytest-of-amer11974/pytest-8/test_parse_invalid_file0/empty.csv
2026-01-31 16:53:49,205 - INFO - تم تحليل 0 إدخال من /tmp/pytest-of-amer11974/pytest-8/test_parse_invalid_file0/empty.csv
2026-01-31 16:53:49,209 - WARNING - تخطي صف 0 في /tmp/pytest-of-amer11974/pytest-8/test_parse_malformed_rows0/data_malformed/bad_readings.csv: could not convert string to float: 'invalid_temp'
2026-01-31 16:53:49,209 - INFO - تم تحليل 1 إدخال من /tmp/pytest-of-amer11974/pytest-8/test_parse_malformed_rows0/data_malformed/bad_readings.csv
2026-01-31 16:53:49,215 - INFO - 📄 إنشاء تقرير PDF احترافي
2026-01-31 16:53:49,215 - INFO - ==================================================
2026-01-31 16:53:49,215 - ERROR - ❌ ملف التقرير غير موجود: data/output/centers_report.tsv
2026-01-31 16:53:49,216 - INFO - ⚠️  قم بتشغيل النظام أولاً:
2026-01-31 16:53:49,216 - INFO -    python -m scripts.run_ft2_pipeline --legacy
2026-01-31 16:53:49,221 - INFO - 📄 إنشاء تقرير PDF احترافي
2026-01-31 16:53:49,222 - INFO - ==================================================
2026-01-31 16:53:49,222 - INFO - 📊 قراءة البيانات من: data/output/centers_report.tsv
2026-01-31 16:53:49,222 - INFO - 🔄 جاري إنشاء التقرير...
2026-01-31 16:53:49,222 - INFO - 
✅ تم إنشاء التقرير بنجاح!
2026-01-31 16:53:49,222 - INFO - 📍 الموقع: /fake/report.pdf
2026-01-31 16:53:49,449 - INFO - 📂 تم فتح التقرير تلقائياً
2026-01-31 16:53:49,490 - INFO - | Test Scenario             | 5.0°C(1.0h) + 15.0°C(24.0h)                   | 1.0    days | NONE  | NO_DATA                        |
2026-01-31 16:53:49,512 - INFO - Mock data created at: data/output/visual_tests/mock_visual_data.tsv
2026-01-31 16:53:49,512 - INFO - Generating Official Visual Report...
2026-01-31 16:53:49,512 - INFO - Done: /tmp/pytest-of-amer11974/pytest-8/test_verify_visual_reports_run0/data/output/visual_tests/visual_test_official.pdf
2026-01-31 16:53:49,512 - INFO - Generating Technical Visual Report...
2026-01-31 16:53:49,513 - INFO - Done: /tmp/pytest-of-amer11974/pytest-8/test_verify_visual_reports_run0/data/output/visual_tests/visual_test_official.pdf
2026-01-31 16:53:49,513 - INFO - Generating Arabic Visual Report...
2026-01-31 16:53:49,513 - INFO - Done: /tmp/pytest-of-amer11974/pytest-8/test_verify_visual_reports_run0/data/output/visual_tests/visual_test_official.pdf
2026-01-31 17:03:55,079 - INFO - 🧹 تنظيف الملفات التالفة في data/input_ft2
2026-01-31 17:03:55,183 - INFO - 🗑️ تم حذف: bad1.txt (فارغ تماماً)
2026-01-31 17:03:55,183 - INFO - ✅ تم تنظيف 1 ملف.
2026-01-31 17:03:55,185 - INFO - فحص الملفات الخام في: data/input_raw
2026-01-31 17:03:55,185 - INFO - 📄 الملف: test_data.csv
2026-01-31 17:03:55,186 - INFO - تم تحليل 6 إدخال من data/input_raw/test_data.csv
2026-01-31 17:03:55,186 - INFO - 📊 عدد الإدخالات: 6
2026-01-31 17:03:55,186 - INFO - 📝 أول 3 عينات:
2026-01-31 17:03:55,186 - INFO -   1: device=130600112764 ts=2024-01-15 08:00:00 temp=5.2
2026-01-31 17:03:55,186 - INFO -   2: device=130600112764 ts=2024-01-15 12:00:00 temp=4.8
2026-01-31 17:03:55,186 - INFO -   3: device=130600112767 ts=2024-01-15 08:00:00 temp=-1.5
2026-01-31 17:03:55,186 - INFO - 📄 الملف: heat_mobile_130600112769.csv
2026-01-31 17:03:55,187 - INFO - تم تحليل 96 إدخال من data/input_raw/heat_mobile_130600112769.csv
2026-01-31 17:03:55,187 - INFO - 📊 عدد الإدخالات: 96
2026-01-31 17:03:55,187 - INFO - 📝 أول 3 عينات:
2026-01-31 17:03:55,188 - INFO -   1: device=130600112769 ts=2026-01-30 12:52:41.975297 temp=11.98
2026-01-31 17:03:55,188 - INFO -   2: device=130600112769 ts=2026-01-30 13:07:41.975297 temp=11.9
2026-01-31 17:03:55,188 - INFO -   3: device=130600112769 ts=2026-01-30 13:22:41.975297 temp=12.72
2026-01-31 17:03:55,188 - INFO - 📄 الملف: freeze_clinic_130600112767.csv
2026-01-31 17:03:55,189 - INFO - تم تحليل 96 إدخال من data/input_raw/freeze_clinic_130600112767.csv
2026-01-31 17:03:55,189 - INFO - 📊 عدد الإدخالات: 96
2026-01-31 17:03:55,189 - INFO - 📝 أول 3 عينات:
2026-01-31 17:03:55,189 - INFO -   1: device=130600112767 ts=2026-01-30 12:52:41.974660 temp=-1.76
2026-01-31 17:03:55,189 - INFO -   2: device=130600112767 ts=2026-01-30 13:07:41.974660 temp=-2.38
2026-01-31 17:03:55,189 - INFO -   3: device=130600112767 ts=2026-01-30 13:22:41.974660 temp=-2.42
2026-01-31 17:03:55,189 - INFO - 📄 الملف: safe_hospital_130600112764.csv
2026-01-31 17:03:55,190 - INFO - تم تحليل 96 إدخال من data/input_raw/safe_hospital_130600112764.csv
2026-01-31 17:03:55,190 - INFO - 📊 عدد الإدخالات: 96
2026-01-31 17:03:55,190 - INFO - 📝 أول 3 عينات:
2026-01-31 17:03:55,190 - INFO -   1: device=130600112764 ts=2026-01-30 12:52:41.973957 temp=4.6
2026-01-31 17:03:55,190 - INFO -   2: device=130600112764 ts=2026-01-30 13:07:41.973957 temp=4.65
2026-01-31 17:03:55,190 - INFO -   3: device=130600112764 ts=2026-01-30 13:22:41.973957 temp=5.29
2026-01-31 17:03:55,192 - INFO - تم ربط 3 إدخال، تم تخطي 1
2026-01-31 17:03:55,193 - INFO - تم ربط 3 إدخال، تم تخطي 1
2026-01-31 17:03:55,194 - INFO - تم ربط 0 إدخال، تم تخطي 2
2026-01-31 17:03:55,196 - INFO - تم ربط 0 إدخال، تم تخطي 0
2026-01-31 17:03:55,197 - INFO - تم ربط 0 إدخال، تم تخطي 4
2026-01-31 17:03:55,200 - INFO - تم تحليل 2 إدخال من /tmp/pytest-of-amer11974/pytest-9/test_parse_valid_csv0/data/test_readings.csv
2026-01-31 17:03:55,202 - WARNING - تنسيق غير معروف في /tmp/pytest-of-amer11974/pytest-9/test_parse_invalid_file0/empty.csv
2026-01-31 17:03:55,202 - INFO - تم تحليل 0 إدخال من /tmp/pytest-of-amer11974/pytest-9/test_parse_invalid_file0/empty.csv
2026-01-31 17:03:55,205 - WARNING - تخطي صف 0 في /tmp/pytest-of-amer11974/pytest-9/test_parse_malformed_rows0/data_malformed/bad_readings.csv: could not convert string to float: 'invalid_temp'
2026-01-31 17:03:55,205 - INFO - تم تحليل 1 إدخال من /tmp/pytest-of-amer11974/pytest-9/test_parse_malformed_rows0/data_malformed/bad_readings.csv
2026-01-31 17:03:55,226 - INFO - 📄 إنشاء تقرير PDF احترافي
2026-01-31 17:03:55,227 - INFO - ==================================================
2026-01-31 17:03:55,227 - ERROR - ❌ ملف التقرير غير موجود: data/output/centers_report.tsv
2026-01-31 17:03:55,227 - INFO - ⚠️  قم بتشغيل النظام أولاً:
2026-01-31 17:03:55,227 - INFO -    python -m scripts.run_ft2_pipeline --legacy
2026-01-31 17:03:55,232 - INFO - 📄 إنشاء تقرير PDF احترافي
2026-01-31 17:03:55,233 - INFO - ==================================================
2026-01-31 17:03:55,233 - INFO - 📊 قراءة البيانات من: data/output/centers_report.tsv
2026-01-31 17:03:55,233 - INFO - 🔄 جاري إنشاء التقرير...
2026-01-31 17:03:55,233 - INFO - 
✅ تم إنشاء التقرير بنجاح!
2026-01-31 17:03:55,233 - INFO - 📍 الموقع: /fake/report.pdf
2026-01-31 17:03:55,606 - INFO - 📂 تم فتح التقرير تلقائياً
2026-01-31 17:03:55,690 - INFO - | Test Scenario             | 5.0°C(1.0h) + 15.0°C(24.0h)                   | 1.0    days | NONE  | NO_DATA                        |
2026-01-31 17:03:55,778 - INFO - Mock data created at: data/output/visual_tests/mock_visual_data.tsv
2026-01-31 17:03:55,778 - INFO - Generating Official Visual Report...
2026-01-31 17:03:55,779 - INFO - Done: /tmp/pytest-of-amer11974/pytest-9/test_verify_visual_reports_run0/data/output/visual_tests/visual_test_official.pdf
2026-01-31 17:03:55,779 - INFO - Generating Technical Visual Report...
2026-01-31 17:03:55,779 - INFO - Done: /tmp/pytest-of-amer11974/pytest-9/test_verify_visual_reports_run0/data/output/visual_tests/visual_test_official.pdf
2026-01-31 17:03:55,779 - INFO - Generating Arabic Visual Report...
2026-01-31 17:03:55,779 - INFO - Done: /tmp/pytest-of-amer11974/pytest-9/test_verify_visual_reports_run0/data/output/visual_tests/visual_test_official.pdf
2026-01-31 17:21:41,124 - INFO - 🧹 تنظيف الملفات التالفة في data/input_ft2
2026-01-31 17:21:41,162 - INFO - 🗑️ تم حذف: bad1.txt (فارغ تماماً)
2026-01-31 17:21:41,163 - INFO - ✅ تم تنظيف 1 ملف.
2026-01-31 17:21:41,164 - INFO - فحص الملفات الخام في: data/input_raw
2026-01-31 17:21:41,164 - INFO - 📄 الملف: test_data.csv
2026-01-31 17:21:41,175 - INFO - تم تحليل 6 إدخال من data/input_raw/test_data.csv
2026-01-31 17:21:41,175 - INFO - 📊 عدد الإدخالات: 6
2026-01-31 17:21:41,175 - INFO - 📝 أول 3 عينات:
2026-01-31 17:21:41,175 - INFO -   1: device=130600112764 ts=2024-01-15 08:00:00 temp=5.2
2026-01-31 17:21:41,176 - INFO -   2: device=130600112764 ts=2024-01-15 12:00:00 temp=4.8
2026-01-31 17:21:41,176 - INFO -   3: device=130600112767 ts=2024-01-15 08:00:00 temp=-1.5
2026-01-31 17:21:41,176 - INFO - 📄 الملف: heat_mobile_130600112769.csv
2026-01-31 17:21:41,176 - INFO - تم تحليل 96 إدخال من data/input_raw/heat_mobile_130600112769.csv
2026-01-31 17:21:41,177 - INFO - 📊 عدد الإدخالات: 96
2026-01-31 17:21:41,177 - INFO - 📝 أول 3 عينات:
2026-01-31 17:21:41,177 - INFO -   1: device=130600112769 ts=2026-01-30 12:52:41.975297 temp=11.98
2026-01-31 17:21:41,177 - INFO -   2: device=130600112769 ts=2026-01-30 13:07:41.975297 temp=11.9
2026-01-31 17:21:41,177 - INFO -   3: device=130600112769 ts=2026-01-30 13:22:41.975297 temp=12.72
2026-01-31 17:21:41,177 - INFO - 📄 الملف: freeze_clinic_130600112767.csv
2026-01-31 17:21:41,178 - INFO - تم تحليل 96 إدخال من data/input_raw/freeze_clinic_130600112767.csv
2026-01-31 17:21:41,178 - INFO - 📊 عدد الإدخالات: 96
2026-01-31 17:21:41,178 - INFO - 📝 أول 3 عينات:
2026-01-31 17:21:41,178 - INFO -   1: device=130600112767 ts=2026-01-30 12:52:41.974660 temp=-1.76
2026-01-31 17:21:41,178 - INFO -   2: device=130600112767 ts=2026-01-30 13:07:41.974660 temp=-2.38
2026-01-31 17:21:41,179 - INFO -   3: device=130600112767 ts=2026-01-30 13:22:41.974660 temp=-2.42
2026-01-31 17:21:41,179 - INFO - 📄 الملف: safe_hospital_130600112764.csv
2026-01-31 17:21:41,179 - INFO - تم تحليل 96 إدخال من data/input_raw/safe_hospital_130600112764.csv
2026-01-31 17:21:41,179 - INFO - 📊 عدد الإدخالات: 96
2026-01-31 17:21:41,180 - INFO - 📝 أول 3 عينات:
2026-01-31 17:21:41,180 - INFO -   1: device=130600112764 ts=2026-01-30 12:52:41.973957 temp=4.6
2026-01-31 17:21:41,180 - INFO -   2: device=130600112764 ts=2026-01-30 13:07:41.973957 temp=4.65
2026-01-31 17:21:41,180 - INFO -   3: device=130600112764 ts=2026-01-30 13:22:41.973957 temp=5.29
2026-01-31 17:21:41,182 - INFO - تم ربط 3 إدخال، تم تخطي 1
2026-01-31 17:21:41,183 - INFO - تم ربط 3 إدخال، تم تخطي 1
2026-01-31 17:21:41,184 - INFO - تم ربط 0 إدخال، تم تخطي 2
2026-01-31 17:21:41,185 - INFO - تم ربط 0 إدخال، تم تخطي 0
2026-01-31 17:21:41,186 - INFO - تم ربط 0 إدخال، تم تخطي 4
2026-01-31 17:21:41,203 - INFO - تم تحليل 2 إدخال من /tmp/pytest-of-amer11974/pytest-10/test_parse_valid_csv0/data/test_readings.csv
2026-01-31 17:21:41,206 - WARNING - تنسيق غير معروف في /tmp/pytest-of-amer11974/pytest-10/test_parse_invalid_file0/empty.csv
2026-01-31 17:21:41,206 - INFO - تم تحليل 0 إدخال من /tmp/pytest-of-amer11974/pytest-10/test_parse_invalid_file0/empty.csv
2026-01-31 17:21:41,221 - WARNING - تخطي صف 0 في /tmp/pytest-of-amer11974/pytest-10/test_parse_malformed_rows0/data_malformed/bad_readings.csv: could not convert string to float: 'invalid_temp'
2026-01-31 17:21:41,221 - INFO - تم تحليل 1 إدخال من /tmp/pytest-of-amer11974/pytest-10/test_parse_malformed_rows0/data_malformed/bad_readings.csv
2026-01-31 17:21:41,227 - INFO - 📄 إنشاء تقرير PDF احترافي
2026-01-31 17:21:41,227 - INFO - ==================================================
2026-01-31 17:21:41,228 - ERROR - ❌ ملف التقرير غير موجود: data/output/centers_report.tsv
2026-01-31 17:21:41,228 - INFO - ⚠️  قم بتشغيل النظام أولاً:
2026-01-31 17:21:41,228 - INFO -    python -m scripts.run_ft2_pipeline --legacy
2026-01-31 17:21:41,247 - INFO - 📄 إنشاء تقرير PDF احترافي
2026-01-31 17:21:41,247 - INFO - ==================================================
2026-01-31 17:21:41,247 - INFO - 📊 قراءة البيانات من: data/output/centers_report.tsv
2026-01-31 17:21:41,247 - INFO - 🔄 جاري إنشاء التقرير...
2026-01-31 17:21:41,248 - INFO - 
✅ تم إنشاء التقرير بنجاح!
2026-01-31 17:21:41,248 - INFO - 📍 الموقع: /fake/report.pdf
2026-01-31 17:21:41,649 - INFO - 📂 تم فتح التقرير تلقائياً
2026-01-31 17:21:41,683 - INFO - | Test Scenario             | 5.0°C(1.0h) + 15.0°C(24.0h)                   | 1.0    days | NONE  | NO_DATA                        |
2026-01-31 17:21:41,697 - INFO - Mock data created at: data/output/visual_tests/mock_visual_data.tsv
2026-01-31 17:21:41,697 - INFO - Generating Official Visual Report...
2026-01-31 17:21:41,698 - INFO - Done: /tmp/pytest-of-amer11974/pytest-10/test_verify_visual_reports_run0/data/output/visual_tests/visual_test_official.pdf
2026-01-31 17:21:41,698 - INFO - Generating Technical Visual Report...
2026-01-31 17:21:41,698 - INFO - Done: /tmp/pytest-of-amer11974/pytest-10/test_verify_visual_reports_run0/data/output/visual_tests/visual_test_official.pdf
2026-01-31 17:21:41,698 - INFO - Generating Arabic Visual Report...
2026-01-31 17:21:41,698 - INFO - Done: /tmp/pytest-of-amer11974/pytest-10/test_verify_visual_reports_run0/data/output/visual_tests/visual_test_official.pdf
2026-01-31 17:24:56,424 - INFO - 🧹 تنظيف الملفات التالفة في data/input_ft2
2026-01-31 17:24:56,424 - INFO - 🗑️ تم حذف: bad1.txt (فارغ تماماً)
2026-01-31 17:24:56,425 - INFO - ✅ تم تنظيف 1 ملف.
2026-01-31 17:24:56,426 - INFO - فحص الملفات الخام في: data/input_raw
2026-01-31 17:24:56,426 - INFO - 📄 الملف: test_data.csv
2026-01-31 17:24:56,426 - INFO - تم تحليل 6 إدخال من data/input_raw/test_data.csv
2026-01-31 17:24:56,427 - INFO - 📊 عدد الإدخالات: 6
2026-01-31 17:24:56,427 - INFO - 📝 أول 3 عينات:
2026-01-31 17:24:56,427 - INFO -   1: device=130600112764 ts=2024-01-15 08:00:00 temp=5.2
2026-01-31 17:24:56,427 - INFO -   2: device=130600112764 ts=2024-01-15 12:00:00 temp=4.8
2026-01-31 17:24:56,427 - INFO -   3: device=130600112767 ts=2024-01-15 08:00:00 temp=-1.5
2026-01-31 17:24:56,427 - INFO - 📄 الملف: heat_mobile_130600112769.csv
2026-01-31 17:24:56,428 - INFO - تم تحليل 96 إدخال من data/input_raw/heat_mobile_130600112769.csv
2026-01-31 17:24:56,428 - INFO - 📊 عدد الإدخالات: 96
2026-01-31 17:24:56,428 - INFO - 📝 أول 3 عينات:
2026-01-31 17:24:56,428 - INFO -   1: device=130600112769 ts=2026-01-30 12:52:41.975297 temp=11.98
2026-01-31 17:24:56,429 - INFO -   2: device=130600112769 ts=2026-01-30 13:07:41.975297 temp=11.9
2026-01-31 17:24:56,429 - INFO -   3: device=130600112769 ts=2026-01-30 13:22:41.975297 temp=12.72
2026-01-31 17:24:56,429 - INFO - 📄 الملف: freeze_clinic_130600112767.csv
2026-01-31 17:24:56,429 - INFO - تم تحليل 96 إدخال من data/input_raw/freeze_clinic_130600112767.csv
2026-01-31 17:24:56,429 - INFO - 📊 عدد الإدخالات: 96
2026-01-31 17:24:56,430 - INFO - 📝 أول 3 عينات:
2026-01-31 17:24:56,430 - INFO -   1: device=130600112767 ts=2026-01-30 12:52:41.974660 temp=-1.76
2026-01-31 17:24:56,430 - INFO -   2: device=130600112767 ts=2026-01-30 13:07:41.974660 temp=-2.38
2026-01-31 17:24:56,430 - INFO -   3: device=130600112767 ts=2026-01-30 13:22:41.974660 temp=-2.42
2026-01-31 17:24:56,430 - INFO - 📄 الملف: safe_hospital_130600112764.csv
2026-01-31 17:24:56,431 - INFO - تم تحليل 96 إدخال من data/input_raw/safe_hospital_130600112764.csv
2026-01-31 17:24:56,431 - INFO - 📊 عدد الإدخالات: 96
2026-01-31 17:24:56,431 - INFO - 📝 أول 3 عينات:
2026-01-31 17:24:56,431 - INFO -   1: device=130600112764 ts=2026-01-30 12:52:41.973957 temp=4.6
2026-01-31 17:24:56,431 - INFO -   2: device=130600112764 ts=2026-01-30 13:07:41.973957 temp=4.65
2026-01-31 17:24:56,431 - INFO -   3: device=130600112764 ts=2026-01-30 13:22:41.973957 temp=5.29
2026-01-31 17:24:56,433 - INFO - تم ربط 3 إدخال، تم تخطي 1
2026-01-31 17:24:56,434 - INFO - تم ربط 3 إدخال، تم تخطي 1
2026-01-31 17:24:56,436 - INFO - تم ربط 0 إدخال، تم تخطي 2
2026-01-31 17:24:56,437 - INFO - تم ربط 0 إدخال، تم تخطي 0
2026-01-31 17:24:56,438 - INFO - تم ربط 0 إدخال، تم تخطي 4
2026-01-31 17:24:56,441 - INFO - تم تحليل 2 إدخال من /tmp/pytest-of-amer11974/pytest-11/test_parse_valid_csv0/data/test_readings.csv
2026-01-31 17:24:56,444 - WARNING - تنسيق غير معروف في /tmp/pytest-of-amer11974/pytest-11/test_parse_invalid_file0/empty.csv
2026-01-31 17:24:56,444 - INFO - تم تحليل 0 إدخال من /tmp/pytest-of-amer11974/pytest-11/test_parse_invalid_file0/empty.csv
2026-01-31 17:24:56,447 - WARNING - تخطي صف 0 في /tmp/pytest-of-amer11974/pytest-11/test_parse_malformed_rows0/data_malformed/bad_readings.csv: could not convert string to float: 'invalid_temp'
2026-01-31 17:24:56,448 - INFO - تم تحليل 1 إدخال من /tmp/pytest-of-amer11974/pytest-11/test_parse_malformed_rows0/data_malformed/bad_readings.csv
2026-01-31 17:24:56,454 - INFO - 📄 إنشاء تقرير PDF احترافي
2026-01-31 17:24:56,454 - INFO - ==================================================
2026-01-31 17:24:56,454 - ERROR - ❌ ملف التقرير غير موجود: data/output/centers_report.tsv
2026-01-31 17:24:56,454 - INFO - ⚠️  قم بتشغيل النظام أولاً:
2026-01-31 17:24:56,454 - INFO -    python -m scripts.run_ft2_pipeline --legacy
2026-01-31 17:24:56,459 - INFO - 📄 إنشاء تقرير PDF احترافي
2026-01-31 17:24:56,459 - INFO - ==================================================
2026-01-31 17:24:56,459 - INFO - 📊 قراءة البيانات من: data/output/centers_report.tsv
2026-01-31 17:24:56,459 - INFO - 🔄 جاري إنشاء التقرير...
2026-01-31 17:24:56,460 - INFO - 
✅ تم إنشاء التقرير بنجاح!
2026-01-31 17:24:56,460 - INFO - 📍 الموقع: /fake/report.pdf
2026-01-31 17:24:56,488 - INFO - 📂 تم فتح التقرير تلقائياً
2026-01-31 17:24:56,526 - INFO - | Test Scenario             | 5.0°C(1.0h) + 15.0°C(24.0h)                   | 1.0    days | NONE  | NO_DATA                        |
2026-01-31 17:24:56,560 - INFO - Mock data created at: data/output/visual_tests/mock_visual_data.tsv
2026-01-31 17:24:56,560 - INFO - Generating Official Visual Report...
2026-01-31 17:24:56,560 - INFO - Done: /tmp/pytest-of-amer11974/pytest-11/test_verify_visual_reports_run0/data/output/visual_tests/visual_test_official.pdf
2026-01-31 17:24:56,561 - INFO - Generating Technical Visual Report...
2026-01-31 17:24:56,561 - INFO - Done: /tmp/pytest-of-amer11974/pytest-11/test_verify_visual_reports_run0/data/output/visual_tests/visual_test_official.pdf
2026-01-31 17:24:56,561 - INFO - Generating Arabic Visual Report...
2026-01-31 17:24:56,561 - INFO - Done: /tmp/pytest-of-amer11974/pytest-11/test_verify_visual_reports_run0/data/output/visual_tests/visual_test_official.pdf
2026-01-31 17:42:10,401 - ERROR - ❌ خطأ في إنشاء تقرير المراكز: 'MockCenterDTO' object has no attribute 'has_warning'
2026-01-31 17:43:34,162 - INFO - ✅ تم إنشاء تقرير المراكز: /tmp/pytest-of-amer11974/pytest-15/test_centers_report_snapshot0/centers_report.tsv
2026-01-31 17:46:49,755 - INFO - 🧹 تنظيف الملفات التالفة في data/input_ft2
2026-01-31 17:46:49,755 - INFO - 🗑️ تم حذف: bad1.txt (فارغ تماماً)
2026-01-31 17:46:49,756 - INFO - ✅ تم تنظيف 1 ملف.
2026-01-31 17:46:49,757 - INFO - فحص الملفات الخام في: data/input_raw
2026-01-31 17:46:49,757 - INFO - 📄 الملف: test_data.csv
2026-01-31 17:46:49,758 - INFO - تم تحليل 6 إدخال من data/input_raw/test_data.csv
2026-01-31 17:46:49,758 - INFO - 📊 عدد الإدخالات: 6
2026-01-31 17:46:49,758 - INFO - 📝 أول 3 عينات:
2026-01-31 17:46:49,758 - INFO -   1: device=130600112764 ts=2024-01-15 08:00:00 temp=5.2
2026-01-31 17:46:49,758 - INFO -   2: device=130600112764 ts=2024-01-15 12:00:00 temp=4.8
2026-01-31 17:46:49,758 - INFO -   3: device=130600112767 ts=2024-01-15 08:00:00 temp=-1.5
2026-01-31 17:46:49,758 - INFO - 📄 الملف: heat_mobile_130600112769.csv
2026-01-31 17:46:49,759 - INFO - تم تحليل 96 إدخال من data/input_raw/heat_mobile_130600112769.csv
2026-01-31 17:46:49,759 - INFO - 📊 عدد الإدخالات: 96
2026-01-31 17:46:49,759 - INFO - 📝 أول 3 عينات:
2026-01-31 17:46:49,759 - INFO -   1: device=130600112769 ts=2026-01-30 12:52:41.975297 temp=11.98
2026-01-31 17:46:49,760 - INFO -   2: device=130600112769 ts=2026-01-30 13:07:41.975297 temp=11.9
2026-01-31 17:46:49,760 - INFO -   3: device=130600112769 ts=2026-01-30 13:22:41.975297 temp=12.72
2026-01-31 17:46:49,760 - INFO - 📄 الملف: freeze_clinic_130600112767.csv
2026-01-31 17:46:49,760 - INFO - تم تحليل 96 إدخال من data/input_raw/freeze_clinic_130600112767.csv
2026-01-31 17:46:49,760 - INFO - 📊 عدد الإدخالات: 96
2026-01-31 17:46:49,761 - INFO - 📝 أول 3 عينات:
2026-01-31 17:46:49,761 - INFO -   1: device=130600112767 ts=2026-01-30 12:52:41.974660 temp=-1.76
2026-01-31 17:46:49,761 - INFO -   2: device=130600112767 ts=2026-01-30 13:07:41.974660 temp=-2.38
2026-01-31 17:46:49,761 - INFO -   3: device=130600112767 ts=2026-01-30 13:22:41.974660 temp=-2.42
2026-01-31 17:46:49,761 - INFO - 📄 الملف: safe_hospital_130600112764.csv
2026-01-31 17:46:49,762 - INFO - تم تحليل 96 إدخال من data/input_raw/safe_hospital_130600112764.csv
2026-01-31 17:46:49,762 - INFO - 📊 عدد الإدخالات: 96
2026-01-31 17:46:49,762 - INFO - 📝 أول 3 عينات:
2026-01-31 17:46:49,762 - INFO -   1: device=130600112764 ts=2026-01-30 12:52:41.973957 temp=4.6
2026-01-31 17:46:49,762 - INFO -   2: device=130600112764 ts=2026-01-30 13:07:41.973957 temp=4.65
2026-01-31 17:46:49,762 - INFO -   3: device=130600112764 ts=2026-01-30 13:22:41.973957 temp=5.29
2026-01-31 17:46:49,764 - INFO - تم ربط 3 إدخال، تم تخطي 1
2026-01-31 17:46:49,765 - INFO - تم ربط 3 إدخال، تم تخطي 1
2026-01-31 17:46:49,766 - INFO - تم ربط 0 إدخال، تم تخطي 2
2026-01-31 17:46:49,767 - INFO - تم ربط 0 إدخال، تم تخطي 0
2026-01-31 17:46:49,768 - INFO - تم ربط 0 إدخال، تم تخطي 4
2026-01-31 17:46:49,771 - INFO - تم تحليل 2 إدخال من /tmp/pytest-of-amer11974/pytest-16/test_parse_valid_csv0/data/test_readings.csv
2026-01-31 17:46:49,773 - WARNING - تنسيق غير معروف في /tmp/pytest-of-amer11974/pytest-16/test_parse_invalid_file0/empty.csv
2026-01-31 17:46:49,773 - INFO - تم تحليل 0 إدخال من /tmp/pytest-of-amer11974/pytest-16/test_parse_invalid_file0/empty.csv
2026-01-31 17:46:49,776 - WARNING - تخطي صف 0 في /tmp/pytest-of-amer11974/pytest-16/test_parse_malformed_rows0/data_malformed/bad_readings.csv: could not convert string to float: 'invalid_temp'
2026-01-31 17:46:49,776 - INFO - تم تحليل 1 إدخال من /tmp/pytest-of-amer11974/pytest-16/test_parse_malformed_rows0/data_malformed/bad_readings.csv
2026-01-31 17:46:49,782 - INFO - 📄 إنشاء تقرير PDF احترافي
2026-01-31 17:46:49,782 - INFO - ==================================================
2026-01-31 17:46:49,782 - ERROR - ❌ ملف التقرير غير موجود: data/output/centers_report.tsv
2026-01-31 17:46:49,783 - INFO - ⚠️  قم بتشغيل النظام أولاً:
2026-01-31 17:46:49,783 - INFO -    python -m scripts.run_ft2_pipeline --legacy
2026-01-31 17:46:49,788 - INFO - 📄 إنشاء تقرير PDF احترافي
2026-01-31 17:46:49,788 - INFO - ==================================================
2026-01-31 17:46:49,788 - INFO - 📊 قراءة البيانات من: data/output/centers_report.tsv
2026-01-31 17:46:49,788 - INFO - 🔄 جاري إنشاء التقرير...
2026-01-31 17:46:49,789 - INFO - 
✅ تم إنشاء التقرير بنجاح!
2026-01-31 17:46:49,789 - INFO - 📍 الموقع: /fake/report.pdf
2026-01-31 17:46:49,816 - INFO - 📂 تم فتح التقرير تلقائياً
2026-01-31 17:46:49,835 - INFO - | Test Scenario             | 5.0°C(1.0h) + 15.0°C(24.0h)                   | 1.0    days | NONE  | NO_DATA                        |
2026-01-31 17:46:49,854 - INFO - Mock data created at: data/output/visual_tests/mock_visual_data.tsv
2026-01-31 17:46:49,854 - INFO - Generating Official Visual Report...
2026-01-31 17:46:49,854 - INFO - Done: /tmp/pytest-of-amer11974/pytest-16/test_verify_visual_reports_run0/data/output/visual_tests/visual_test_official.pdf
2026-01-31 17:46:49,854 - INFO - Generating Technical Visual Report...
2026-01-31 17:46:49,854 - INFO - Done: /tmp/pytest-of-amer11974/pytest-16/test_verify_visual_reports_run0/data/output/visual_tests/visual_test_official.pdf
2026-01-31 17:46:49,854 - INFO - Generating Arabic Visual Report...
2026-01-31 17:46:49,855 - INFO - Done: /tmp/pytest-of-amer11974/pytest-16/test_verify_visual_reports_run0/data/output/visual_tests/visual_test_official.pdf
2026-01-31 22:19:22,064 - INFO - ✅ تم إنشاء تقرير المراكز: /tmp/pytest-of-amer11974/pytest-0/test_centers_report_snapshot0/centers_report.tsv
2026-01-31 22:19:22,213 - INFO - 🧹 تنظيف الملفات التالفة في data/input_ft2
2026-01-31 22:19:22,214 - INFO - 🗑️ تم حذف: bad1.txt (فارغ تماماً)
2026-01-31 22:19:22,214 - INFO - ✅ تم تنظيف 1 ملف.
2026-01-31 22:19:22,216 - INFO - فحص الملفات الخام في: data/input_raw
2026-01-31 22:19:22,216 - INFO - 📄 الملف: test_data.csv
2026-01-31 22:19:22,237 - INFO - تم تحليل 6 إدخال من data/input_raw/test_data.csv
2026-01-31 22:19:22,237 - INFO - 📊 عدد الإدخالات: 6
2026-01-31 22:19:22,237 - INFO - 📝 أول 3 عينات:
2026-01-31 22:19:22,237 - INFO -   1: device=130600112764 ts=2024-01-15 08:00:00 temp=5.2
2026-01-31 22:19:22,237 - INFO -   2: device=130600112764 ts=2024-01-15 12:00:00 temp=4.8
2026-01-31 22:19:22,237 - INFO -   3: device=130600112767 ts=2024-01-15 08:00:00 temp=-1.5
2026-01-31 22:19:22,237 - INFO - 📄 الملف: heat_mobile_130600112769.csv
2026-01-31 22:19:22,238 - INFO - تم تحليل 96 إدخال من data/input_raw/heat_mobile_130600112769.csv
2026-01-31 22:19:22,238 - INFO - 📊 عدد الإدخالات: 96
2026-01-31 22:19:22,238 - INFO - 📝 أول 3 عينات:
2026-01-31 22:19:22,238 - INFO -   1: device=130600112769 ts=2026-01-30 12:52:41.975297 temp=11.98
2026-01-31 22:19:22,238 - INFO -   2: device=130600112769 ts=2026-01-30 13:07:41.975297 temp=11.9
2026-01-31 22:19:22,239 - INFO -   3: device=130600112769 ts=2026-01-30 13:22:41.975297 temp=12.72
2026-01-31 22:19:22,239 - INFO - 📄 الملف: freeze_clinic_130600112767.csv
2026-01-31 22:19:22,239 - INFO - تم تحليل 96 إدخال من data/input_raw/freeze_clinic_130600112767.csv
2026-01-31 22:19:22,239 - INFO - 📊 عدد الإدخالات: 96
2026-01-31 22:19:22,239 - INFO - 📝 أول 3 عينات:
2026-01-31 22:19:22,240 - INFO -   1: device=130600112767 ts=2026-01-30 12:52:41.974660 temp=-1.76
2026-01-31 22:19:22,240 - INFO -   2: device=130600112767 ts=2026-01-30 13:07:41.974660 temp=-2.38
2026-01-31 22:19:22,240 - INFO -   3: device=130600112767 ts=2026-01-30 13:22:41.974660 temp=-2.42
2026-01-31 22:19:22,240 - INFO - 📄 الملف: safe_hospital_130600112764.csv
2026-01-31 22:19:22,240 - INFO - تم تحليل 96 إدخال من data/input_raw/safe_hospital_130600112764.csv
2026-01-31 22:19:22,240 - INFO - 📊 عدد الإدخالات: 96
2026-01-31 22:19:22,240 - INFO - 📝 أول 3 عينات:
2026-01-31 22:19:22,241 - INFO -   1: device=130600112764 ts=2026-01-30 12:52:41.973957 temp=4.6
2026-01-31 22:19:22,241 - INFO -   2: device=130600112764 ts=2026-01-30 13:07:41.973957 temp=4.65
2026-01-31 22:19:22,241 - INFO -   3: device=130600112764 ts=2026-01-30 13:22:41.973957 temp=5.29
2026-01-31 22:19:22,242 - INFO - تم ربط 3 إدخال، تم تخطي 1
2026-01-31 22:19:22,243 - INFO - تم ربط 3 إدخال، تم تخطي 1
2026-01-31 22:19:22,244 - INFO - تم ربط 0 إدخال، تم تخطي 2
2026-01-31 22:19:22,245 - INFO - تم ربط 0 إدخال، تم تخطي 0
2026-01-31 22:19:22,246 - INFO - تم ربط 0 إدخال، تم تخطي 4
2026-01-31 22:19:22,248 - INFO - تم تحليل 2 إدخال من /tmp/pytest-of-amer11974/pytest-0/test_parse_valid_csv0/data/test_readings.csv
2026-01-31 22:19:22,252 - WARNING - تنسيق غير معروف في /tmp/pytest-of-amer11974/pytest-0/test_parse_invalid_file0/empty.csv
2026-01-31 22:19:22,252 - INFO - تم تحليل 0 إدخال من /tmp/pytest-of-amer11974/pytest-0/test_parse_invalid_file0/empty.csv
2026-01-31 22:19:22,256 - WARNING - تخطي صف 0 في /tmp/pytest-of-amer11974/pytest-0/test_parse_malformed_rows0/data_malformed/bad_readings.csv: could not convert string to float: 'invalid_temp'
2026-01-31 22:19:22,257 - INFO - تم تحليل 1 إدخال من /tmp/pytest-of-amer11974/pytest-0/test_parse_malformed_rows0/data_malformed/bad_readings.csv
2026-01-31 22:19:22,262 - INFO - 📄 إنشاء تقرير PDF احترافي
2026-01-31 22:19:22,262 - INFO - ==================================================
2026-01-31 22:19:22,263 - ERROR - ❌ ملف التقرير غير موجود: data/output/centers_report.tsv
2026-01-31 22:19:22,263 - INFO - ⚠️  قم بتشغيل النظام أولاً:
2026-01-31 22:19:22,263 - INFO -    python -m scripts.run_ft2_pipeline --legacy
2026-01-31 22:19:22,268 - INFO - 📄 إنشاء تقرير PDF احترافي
2026-01-31 22:19:22,268 - INFO - ==================================================
2026-01-31 22:19:22,271 - INFO - 📊 قراءة البيانات من: data/output/centers_report.tsv
2026-01-31 22:19:22,271 - INFO - 🔄 جاري إنشاء التقرير...
2026-01-31 22:19:22,271 - INFO - 
✅ تم إنشاء التقرير بنجاح!
2026-01-31 22:19:22,271 - INFO - 📍 الموقع: /fake/report.pdf
2026-01-31 22:19:24,927 - INFO - 📂 تم فتح التقرير تلقائياً
2026-01-31 22:19:24,965 - INFO - | Test Scenario             | 5.0°C(1.0h) + 15.0°C(24.0h)                   | 1.0    days | NONE  | NO_DATA                        |
2026-01-31 22:19:25,826 - INFO - Mock data created at: data/output/visual_tests/mock_visual_data.tsv
2026-01-31 22:19:25,826 - INFO - Generating Official Visual Report...
2026-01-31 22:19:25,827 - INFO - Done: /tmp/pytest-of-amer11974/pytest-0/test_verify_visual_reports_run0/data/output/visual_tests/visual_test_official.pdf
2026-01-31 22:19:25,827 - INFO - Generating Technical Visual Report...
2026-01-31 22:19:25,827 - INFO - Done: /tmp/pytest-of-amer11974/pytest-0/test_verify_visual_reports_run0/data/output/visual_tests/visual_test_official.pdf
2026-01-31 22:19:25,827 - INFO - Generating Arabic Visual Report...
2026-01-31 22:19:25,827 - INFO - Done: /tmp/pytest-of-amer11974/pytest-0/test_verify_visual_reports_run0/data/output/visual_tests/visual_test_official.pdf
2026-01-31 22:19:51,224 - INFO - ✅ تم إنشاء تقرير المراكز: /tmp/pytest-of-amer11974/pytest-1/test_centers_report_snapshot0/centers_report.tsv
2026-01-31 22:19:51,238 - INFO - 🧹 تنظيف الملفات التالفة في data/input_ft2
2026-01-31 22:19:51,238 - INFO - 🗑️ تم حذف: bad1.txt (فارغ تماماً)
2026-01-31 22:19:51,238 - INFO - ✅ تم تنظيف 1 ملف.
2026-01-31 22:19:51,240 - INFO - فحص الملفات الخام في: data/input_raw
2026-01-31 22:19:51,240 - INFO - 📄 الملف: test_data.csv
2026-01-31 22:19:51,240 - INFO - تم تحليل 6 إدخال من data/input_raw/test_data.csv
2026-01-31 22:19:51,240 - INFO - 📊 عدد الإدخالات: 6
2026-01-31 22:19:51,240 - INFO - 📝 أول 3 عينات:
2026-01-31 22:19:51,240 - INFO -   1: device=130600112764 ts=2024-01-15 08:00:00 temp=5.2
2026-01-31 22:19:51,240 - INFO -   2: device=130600112764 ts=2024-01-15 12:00:00 temp=4.8
2026-01-31 22:19:51,241 - INFO -   3: device=130600112767 ts=2024-01-15 08:00:00 temp=-1.5
2026-01-31 22:19:51,241 - INFO - 📄 الملف: heat_mobile_130600112769.csv
2026-01-31 22:19:51,241 - INFO - تم تحليل 96 إدخال من data/input_raw/heat_mobile_130600112769.csv
2026-01-31 22:19:51,241 - INFO - 📊 عدد الإدخالات: 96
2026-01-31 22:19:51,241 - INFO - 📝 أول 3 عينات:
2026-01-31 22:19:51,242 - INFO -   1: device=130600112769 ts=2026-01-30 12:52:41.975297 temp=11.98
2026-01-31 22:19:51,242 - INFO -   2: device=130600112769 ts=2026-01-30 13:07:41.975297 temp=11.9
2026-01-31 22:19:51,242 - INFO -   3: device=130600112769 ts=2026-01-30 13:22:41.975297 temp=12.72
2026-01-31 22:19:51,242 - INFO - 📄 الملف: freeze_clinic_130600112767.csv
2026-01-31 22:19:51,242 - INFO - تم تحليل 96 إدخال من data/input_raw/freeze_clinic_130600112767.csv
2026-01-31 22:19:51,243 - INFO - 📊 عدد الإدخالات: 96
2026-01-31 22:19:51,243 - INFO - 📝 أول 3 عينات:
2026-01-31 22:19:51,243 - INFO -   1: device=130600112767 ts=2026-01-30 12:52:41.974660 temp=-1.76
2026-01-31 22:19:51,243 - INFO -   2: device=130600112767 ts=2026-01-30 13:07:41.974660 temp=-2.38
2026-01-31 22:19:51,243 - INFO -   3: device=130600112767 ts=2026-01-30 13:22:41.974660 temp=-2.42
2026-01-31 22:19:51,243 - INFO - 📄 الملف: safe_hospital_130600112764.csv
2026-01-31 22:19:51,244 - INFO - تم تحليل 96 إدخال من data/input_raw/safe_hospital_130600112764.csv
2026-01-31 22:19:51,244 - INFO - 📊 عدد الإدخالات: 96
2026-01-31 22:19:51,244 - INFO - 📝 أول 3 عينات:
2026-01-31 22:19:51,244 - INFO -   1: device=130600112764 ts=2026-01-30 12:52:41.973957 temp=4.6
2026-01-31 22:19:51,244 - INFO -   2: device=130600112764 ts=2026-01-30 13:07:41.973957 temp=4.65
2026-01-31 22:19:51,244 - INFO -   3: device=130600112764 ts=2026-01-30 13:22:41.973957 temp=5.29
2026-01-31 22:19:51,246 - INFO - تم ربط 3 إدخال، تم تخطي 1
2026-01-31 22:19:51,247 - INFO - تم ربط 3 إدخال، تم تخطي 1
2026-01-31 22:19:51,248 - INFO - تم ربط 0 إدخال، تم تخطي 2
2026-01-31 22:19:51,249 - INFO - تم ربط 0 إدخال، تم تخطي 0
2026-01-31 22:19:51,250 - INFO - تم ربط 0 إدخال، تم تخطي 4
2026-01-31 22:19:51,253 - INFO - تم تحليل 2 إدخال من /tmp/pytest-of-amer11974/pytest-1/test_parse_valid_csv0/data/test_readings.csv
2026-01-31 22:19:51,255 - WARNING - تنسيق غير معروف في /tmp/pytest-of-amer11974/pytest-1/test_parse_invalid_file0/empty.csv
2026-01-31 22:19:51,255 - INFO - تم تحليل 0 إدخال من /tmp/pytest-of-amer11974/pytest-1/test_parse_invalid_file0/empty.csv
2026-01-31 22:19:51,257 - WARNING - تخطي صف 0 في /tmp/pytest-of-amer11974/pytest-1/test_parse_malformed_rows0/data_malformed/bad_readings.csv: could not convert string to float: 'invalid_temp'
2026-01-31 22:19:51,257 - INFO - تم تحليل 1 إدخال من /tmp/pytest-of-amer11974/pytest-1/test_parse_malformed_rows0/data_malformed/bad_readings.csv
2026-01-31 22:19:51,263 - INFO - 📄 إنشاء تقرير PDF احترافي
2026-01-31 22:19:51,263 - INFO - ==================================================
2026-01-31 22:19:51,263 - ERROR - ❌ ملف التقرير غير موجود: data/output/centers_report.tsv
2026-01-31 22:19:51,263 - INFO - ⚠️  قم بتشغيل النظام أولاً:
2026-01-31 22:19:51,263 - INFO -    python -m scripts.run_ft2_pipeline --legacy
2026-01-31 22:19:51,267 - INFO - 📄 إنشاء تقرير PDF احترافي
2026-01-31 22:19:51,267 - INFO - ==================================================
2026-01-31 22:19:51,268 - INFO - 📊 قراءة البيانات من: data/output/centers_report.tsv
2026-01-31 22:19:51,268 - INFO - 🔄 جاري إنشاء التقرير...
2026-01-31 22:19:51,268 - INFO - 
✅ تم إنشاء التقرير بنجاح!
2026-01-31 22:19:51,268 - INFO - 📍 الموقع: /fake/report.pdf
2026-01-31 22:19:51,294 - INFO - 📂 تم فتح التقرير تلقائياً
2026-01-31 22:19:51,318 - INFO - | Test Scenario             | 5.0°C(1.0h) + 15.0°C(24.0h)                   | 1.0    days | NONE  | NO_DATA                        |
2026-01-31 22:19:53,161 - INFO - Mock data created at: data/output/visual_tests/mock_visual_data.tsv
2026-01-31 22:19:53,161 - INFO - Generating Official Visual Report...
2026-01-31 22:19:53,161 - INFO - Done: /tmp/pytest-of-amer11974/pytest-1/test_verify_visual_reports_run0/data/output/visual_tests/visual_test_official.pdf
2026-01-31 22:19:53,161 - INFO - Generating Technical Visual Report...
2026-01-31 22:19:53,162 - INFO - Done: /tmp/pytest-of-amer11974/pytest-1/test_verify_visual_reports_run0/data/output/visual_tests/visual_test_official.pdf
2026-01-31 22:19:53,162 - INFO - Generating Arabic Visual Report...
2026-01-31 22:19:53,162 - INFO - Done: /tmp/pytest-of-amer11974/pytest-1/test_verify_visual_reports_run0/data/output/visual_tests/visual_test_official.pdf
2026-01-31 22:32:27,338 - INFO - ✅ تم إنشاء تقرير المراكز: /tmp/pytest-of-amer11974/pytest-2/test_centers_report_snapshot0/centers_report.tsv
2026-01-31 22:32:27,353 - INFO - 🧹 تنظيف الملفات التالفة في data/input_ft2
2026-01-31 22:32:27,354 - INFO - 🗑️ تم حذف: bad1.txt (فارغ تماماً)
2026-01-31 22:32:27,354 - INFO - ✅ تم تنظيف 1 ملف.
2026-01-31 22:32:27,355 - INFO - فحص الملفات الخام في: data/input_raw
2026-01-31 22:32:27,356 - INFO - 📄 الملف: test_data.csv
2026-01-31 22:32:27,358 - INFO - تم تحليل 6 إدخال من data/input_raw/test_data.csv
2026-01-31 22:32:27,358 - INFO - 📊 عدد الإدخالات: 6
2026-01-31 22:32:27,359 - INFO - 📝 أول 3 عينات:
2026-01-31 22:32:27,359 - INFO -   1: device=130600112764 ts=2024-01-15 08:00:00 temp=5.2
2026-01-31 22:32:27,359 - INFO -   2: device=130600112764 ts=2024-01-15 12:00:00 temp=4.8
2026-01-31 22:32:27,359 - INFO -   3: device=130600112767 ts=2024-01-15 08:00:00 temp=-1.5
2026-01-31 22:32:27,359 - INFO - 📄 الملف: heat_mobile_130600112769.csv
2026-01-31 22:32:27,360 - INFO - تم تحليل 96 إدخال من data/input_raw/heat_mobile_130600112769.csv
2026-01-31 22:32:27,360 - INFO - 📊 عدد الإدخالات: 96
2026-01-31 22:32:27,360 - INFO - 📝 أول 3 عينات:
2026-01-31 22:32:27,360 - INFO -   1: device=130600112769 ts=2026-01-30 12:52:41.975297 temp=11.98
2026-01-31 22:32:27,360 - INFO -   2: device=130600112769 ts=2026-01-30 13:07:41.975297 temp=11.9
2026-01-31 22:32:27,360 - INFO -   3: device=130600112769 ts=2026-01-30 13:22:41.975297 temp=12.72
2026-01-31 22:32:27,360 - INFO - 📄 الملف: freeze_clinic_130600112767.csv
2026-01-31 22:32:27,361 - INFO - تم تحليل 96 إدخال من data/input_raw/freeze_clinic_130600112767.csv
2026-01-31 22:32:27,361 - INFO - 📊 عدد الإدخالات: 96
2026-01-31 22:32:27,361 - INFO - 📝 أول 3 عينات:
2026-01-31 22:32:27,361 - INFO -   1: device=130600112767 ts=2026-01-30 12:52:41.974660 temp=-1.76
2026-01-31 22:32:27,361 - INFO -   2: device=130600112767 ts=2026-01-30 13:07:41.974660 temp=-2.38
2026-01-31 22:32:27,362 - INFO -   3: device=130600112767 ts=2026-01-30 13:22:41.974660 temp=-2.42
2026-01-31 22:32:27,362 - INFO - 📄 الملف: safe_hospital_130600112764.csv
2026-01-31 22:32:27,363 - INFO - تم تحليل 96 إدخال من data/input_raw/safe_hospital_130600112764.csv
2026-01-31 22:32:27,363 - INFO - 📊 عدد الإدخالات: 96
2026-01-31 22:32:27,363 - INFO - 📝 أول 3 عينات:
2026-01-31 22:32:27,363 - INFO -   1: device=130600112764 ts=2026-01-30 12:52:41.973957 temp=4.6
2026-01-31 22:32:27,363 - INFO -   2: device=130600112764 ts=2026-01-30 13:07:41.973957 temp=4.65
2026-01-31 22:32:27,364 - INFO -   3: device=130600112764 ts=2026-01-30 13:22:41.973957 temp=5.29
2026-01-31 22:32:27,365 - INFO - تم ربط 3 إدخال، تم تخطي 1
2026-01-31 22:32:27,366 - INFO - تم ربط 3 إدخال، تم تخطي 1
2026-01-31 22:32:27,367 - INFO - تم ربط 0 إدخال، تم تخطي 2
2026-01-31 22:32:27,368 - INFO - تم ربط 0 إدخال، تم تخطي 0
2026-01-31 22:32:27,370 - INFO - تم ربط 0 إدخال، تم تخطي 4
2026-01-31 22:32:27,373 - INFO - تم تحليل 2 إدخال من /tmp/pytest-of-amer11974/pytest-2/test_parse_valid_csv0/data/test_readings.csv
2026-01-31 22:32:27,376 - WARNING - تنسيق غير معروف في /tmp/pytest-of-amer11974/pytest-2/test_parse_invalid_file0/empty.csv
2026-01-31 22:32:27,376 - INFO - تم تحليل 0 إدخال من /tmp/pytest-of-amer11974/pytest-2/test_parse_invalid_file0/empty.csv
2026-01-31 22:32:27,378 - WARNING - تخطي صف 0 في /tmp/pytest-of-amer11974/pytest-2/test_parse_malformed_rows0/data_malformed/bad_readings.csv: could not convert string to float: 'invalid_temp'
2026-01-31 22:32:27,379 - INFO - تم تحليل 1 إدخال من /tmp/pytest-of-amer11974/pytest-2/test_parse_malformed_rows0/data_malformed/bad_readings.csv
2026-01-31 22:32:27,384 - INFO - 📄 إنشاء تقرير PDF احترافي
2026-01-31 22:32:27,384 - INFO - ==================================================
2026-01-31 22:32:27,385 - ERROR - ❌ ملف التقرير غير موجود: data/output/centers_report.tsv
2026-01-31 22:32:27,385 - INFO - ⚠️  قم بتشغيل النظام أولاً:
2026-01-31 22:32:27,385 - INFO -    python -m scripts.run_ft2_pipeline --legacy
2026-01-31 22:32:27,390 - INFO - 📄 إنشاء تقرير PDF احترافي
2026-01-31 22:32:27,390 - INFO - ==================================================
2026-01-31 22:32:27,390 - INFO - 📊 قراءة البيانات من: data/output/centers_report.tsv
2026-01-31 22:32:27,390 - INFO - 🔄 جاري إنشاء التقرير...
2026-01-31 22:32:27,390 - INFO - 
✅ تم إنشاء التقرير بنجاح!
2026-01-31 22:32:27,391 - INFO - 📍 الموقع: /fake/report.pdf
2026-01-31 22:32:27,414 - INFO - 📂 تم فتح التقرير تلقائياً
2026-01-31 22:32:27,433 - INFO - | Test Scenario             | 5.0°C(1.0h) + 15.0°C(24.0h)                   | 1.0    days | NONE  | NO_DATA                        |
2026-01-31 22:32:27,870 - INFO - Mock data created at: data/output/visual_tests/mock_visual_data.tsv
2026-01-31 22:32:27,870 - INFO - Generating Official Visual Report...
2026-01-31 22:32:27,870 - INFO - Done: /tmp/pytest-of-amer11974/pytest-2/test_verify_visual_reports_run0/data/output/visual_tests/visual_test_official.pdf
2026-01-31 22:32:27,870 - INFO - Generating Technical Visual Report...
2026-01-31 22:32:27,870 - INFO - Done: /tmp/pytest-of-amer11974/pytest-2/test_verify_visual_reports_run0/data/output/visual_tests/visual_test_official.pdf
2026-01-31 22:32:27,870 - INFO - Generating Arabic Visual Report...
2026-01-31 22:32:27,870 - INFO - Done: /tmp/pytest-of-amer11974/pytest-2/test_verify_visual_reports_run0/data/output/visual_tests/visual_test_official.pdf
2026-01-31 22:36:07,590 - INFO - ✅ تم إنشاء تقرير المراكز: /tmp/pytest-of-amer11974/pytest-3/test_centers_report_snapshot0/centers_report.tsv
2026-01-31 22:36:07,606 - INFO - 🧹 تنظيف الملفات التالفة في data/input_ft2
2026-01-31 22:36:07,606 - INFO - 🗑️ تم حذف: bad1.txt (فارغ تماماً)
2026-01-31 22:36:07,606 - INFO - ✅ تم تنظيف 1 ملف.
2026-01-31 22:36:07,608 - INFO - فحص الملفات الخام في: data/input_raw
2026-01-31 22:36:07,608 - INFO - 📄 الملف: test_data.csv
2026-01-31 22:36:07,608 - INFO - تم تحليل 6 إدخال من data/input_raw/test_data.csv
2026-01-31 22:36:07,608 - INFO - 📊 عدد الإدخالات: 6
2026-01-31 22:36:07,608 - INFO - 📝 أول 3 عينات:
2026-01-31 22:36:07,609 - INFO -   1: device=130600112764 ts=2024-01-15 08:00:00 temp=5.2
2026-01-31 22:36:07,609 - INFO -   2: device=130600112764 ts=2024-01-15 12:00:00 temp=4.8
2026-01-31 22:36:07,609 - INFO -   3: device=130600112767 ts=2024-01-15 08:00:00 temp=-1.5
2026-01-31 22:36:07,609 - INFO - 📄 الملف: heat_mobile_130600112769.csv
2026-01-31 22:36:07,609 - INFO - تم تحليل 96 إدخال من data/input_raw/heat_mobile_130600112769.csv
2026-01-31 22:36:07,610 - INFO - 📊 عدد الإدخالات: 96
2026-01-31 22:36:07,610 - INFO - 📝 أول 3 عينات:
2026-01-31 22:36:07,610 - INFO -   1: device=130600112769 ts=2026-01-30 12:52:41.975297 temp=11.98
2026-01-31 22:36:07,610 - INFO -   2: device=130600112769 ts=2026-01-30 13:07:41.975297 temp=11.9
2026-01-31 22:36:07,610 - INFO -   3: device=130600112769 ts=2026-01-30 13:22:41.975297 temp=12.72
2026-01-31 22:36:07,610 - INFO - 📄 الملف: freeze_clinic_130600112767.csv
2026-01-31 22:36:07,611 - INFO - تم تحليل 96 إدخال من data/input_raw/freeze_clinic_130600112767.csv
2026-01-31 22:36:07,611 - INFO - 📊 عدد الإدخالات: 96
2026-01-31 22:36:07,611 - INFO - 📝 أول 3 عينات:
2026-01-31 22:36:07,611 - INFO -   1: device=130600112767 ts=2026-01-30 12:52:41.974660 temp=-1.76
2026-01-31 22:36:07,611 - INFO -   2: device=130600112767 ts=2026-01-30 13:07:41.974660 temp=-2.38
2026-01-31 22:36:07,611 - INFO -   3: device=130600112767 ts=2026-01-30 13:22:41.974660 temp=-2.42
2026-01-31 22:36:07,611 - INFO - 📄 الملف: safe_hospital_130600112764.csv
2026-01-31 22:36:07,612 - INFO - تم تحليل 96 إدخال من data/input_raw/safe_hospital_130600112764.csv
2026-01-31 22:36:07,612 - INFO - 📊 عدد الإدخالات: 96
2026-01-31 22:36:07,612 - INFO - 📝 أول 3 عينات:
2026-01-31 22:36:07,612 - INFO -   1: device=130600112764 ts=2026-01-30 12:52:41.973957 temp=4.6
2026-01-31 22:36:07,612 - INFO -   2: device=130600112764 ts=2026-01-30 13:07:41.973957 temp=4.65
2026-01-31 22:36:07,612 - INFO -   3: device=130600112764 ts=2026-01-30 13:22:41.973957 temp=5.29
2026-01-31 22:36:07,616 - INFO - تم ربط 3 إدخال، تم تخطي 1
2026-01-31 22:36:07,617 - INFO - تم ربط 3 إدخال، تم تخطي 1
2026-01-31 22:36:07,618 - INFO - تم ربط 0 إدخال، تم تخطي 2
2026-01-31 22:36:07,619 - INFO - تم ربط 0 إدخال، تم تخطي 0
2026-01-31 22:36:07,620 - INFO - تم ربط 0 إدخال، تم تخطي 4
2026-01-31 22:36:07,623 - INFO - تم تحليل 2 إدخال من /tmp/pytest-of-amer11974/pytest-3/test_parse_valid_csv0/data/test_readings.csv
2026-01-31 22:36:07,626 - WARNING - تنسيق غير معروف في /tmp/pytest-of-amer11974/pytest-3/test_parse_invalid_file0/empty.csv
2026-01-31 22:36:07,626 - INFO - تم تحليل 0 إدخال من /tmp/pytest-of-amer11974/pytest-3/test_parse_invalid_file0/empty.csv
2026-01-31 22:36:07,632 - WARNING - تخطي صف 0 في /tmp/pytest-of-amer11974/pytest-3/test_parse_malformed_rows0/data_malformed/bad_readings.csv: could not convert string to float: 'invalid_temp'
2026-01-31 22:36:07,632 - INFO - تم تحليل 1 إدخال من /tmp/pytest-of-amer11974/pytest-3/test_parse_malformed_rows0/data_malformed/bad_readings.csv
2026-01-31 22:36:07,637 - INFO - 📄 إنشاء تقرير PDF احترافي
2026-01-31 22:36:07,637 - INFO - ==================================================
2026-01-31 22:36:07,637 - ERROR - ❌ ملف التقرير غير موجود: data/output/centers_report.tsv
2026-01-31 22:36:07,637 - INFO - ⚠️  قم بتشغيل النظام أولاً:
2026-01-31 22:36:07,638 - INFO -    python -m scripts.run_ft2_pipeline --legacy
2026-01-31 22:36:07,643 - INFO - 📄 إنشاء تقرير PDF احترافي
2026-01-31 22:36:07,643 - INFO - ==================================================
2026-01-31 22:36:07,643 - INFO - 📊 قراءة البيانات من: data/output/centers_report.tsv
2026-01-31 22:36:07,643 - INFO - 🔄 جاري إنشاء التقرير...
2026-01-31 22:36:07,643 - INFO - 
✅ تم إنشاء التقرير بنجاح!
2026-01-31 22:36:07,643 - INFO - 📍 الموقع: /fake/report.pdf
2026-01-31 22:36:07,667 - INFO - 📂 تم فتح التقرير تلقائياً
2026-01-31 22:36:07,689 - INFO - | Test Scenario             | 5.0°C(1.0h) + 15.0°C(24.0h)                   | 1.0    days | NONE  | NO_DATA                        |
2026-01-31 22:36:08,116 - INFO - Mock data created at: data/output/visual_tests/mock_visual_data.tsv
2026-01-31 22:36:08,117 - INFO - Generating Official Visual Report...
2026-01-31 22:36:08,117 - INFO - Done: /tmp/pytest-of-amer11974/pytest-3/test_verify_visual_reports_run0/data/output/visual_tests/visual_test_official.pdf
2026-01-31 22:36:08,117 - INFO - Generating Technical Visual Report...
2026-01-31 22:36:08,117 - INFO - Done: /tmp/pytest-of-amer11974/pytest-3/test_verify_visual_reports_run0/data/output/visual_tests/visual_test_official.pdf
2026-01-31 22:36:08,117 - INFO - Generating Arabic Visual Report...
2026-01-31 22:36:08,117 - INFO - Done: /tmp/pytest-of-amer11974/pytest-3/test_verify_visual_reports_run0/data/output/visual_tests/visual_test_official.pdf
2026-01-31 22:38:41,928 - INFO - ✅ تم إنشاء تقرير المراكز: /tmp/pytest-of-amer11974/pytest-4/test_centers_report_snapshot0/centers_report.tsv
2026-01-31 22:38:41,945 - INFO - 🧹 تنظيف الملفات التالفة في data/input_ft2
2026-01-31 22:38:41,945 - INFO - 🗑️ تم حذف: bad1.txt (فارغ تماماً)
2026-01-31 22:38:41,945 - INFO - ✅ تم تنظيف 1 ملف.
2026-01-31 22:38:41,947 - INFO - فحص الملفات الخام في: data/input_raw
2026-01-31 22:38:41,947 - INFO - 📄 الملف: test_data.csv
2026-01-31 22:38:41,947 - INFO - تم تحليل 6 إدخال من data/input_raw/test_data.csv
2026-01-31 22:38:41,947 - INFO - 📊 عدد الإدخالات: 6
2026-01-31 22:38:41,948 - INFO - 📝 أول 3 عينات:
2026-01-31 22:38:41,948 - INFO -   1: device=130600112764 ts=2024-01-15 08:00:00 temp=5.2
2026-01-31 22:38:41,948 - INFO -   2: device=130600112764 ts=2024-01-15 12:00:00 temp=4.8
2026-01-31 22:38:41,948 - INFO -   3: device=130600112767 ts=2024-01-15 08:00:00 temp=-1.5
2026-01-31 22:38:41,948 - INFO - 📄 الملف: heat_mobile_130600112769.csv
2026-01-31 22:38:41,949 - INFO - تم تحليل 96 إدخال من data/input_raw/heat_mobile_130600112769.csv
2026-01-31 22:38:41,949 - INFO - 📊 عدد الإدخالات: 96
2026-01-31 22:38:41,949 - INFO - 📝 أول 3 عينات:
2026-01-31 22:38:41,949 - INFO -   1: device=130600112769 ts=2026-01-30 12:52:41.975297 temp=11.98
2026-01-31 22:38:41,949 - INFO -   2: device=130600112769 ts=2026-01-30 13:07:41.975297 temp=11.9
2026-01-31 22:38:41,950 - INFO -   3: device=130600112769 ts=2026-01-30 13:22:41.975297 temp=12.72
2026-01-31 22:38:41,950 - INFO - 📄 الملف: freeze_clinic_130600112767.csv
2026-01-31 22:38:41,950 - INFO - تم تحليل 96 إدخال من data/input_raw/freeze_clinic_130600112767.csv
2026-01-31 22:38:41,951 - INFO - 📊 عدد الإدخالات: 96
2026-01-31 22:38:41,951 - INFO - 📝 أول 3 عينات:
2026-01-31 22:38:41,951 - INFO -   1: device=130600112767 ts=2026-01-30 12:52:41.974660 temp=-1.76
2026-01-31 22:38:41,951 - INFO -   2: device=130600112767 ts=2026-01-30 13:07:41.974660 temp=-2.38
2026-01-31 22:38:41,952 - INFO -   3: device=130600112767 ts=2026-01-30 13:22:41.974660 temp=-2.42
2026-01-31 22:38:41,952 - INFO - 📄 الملف: safe_hospital_130600112764.csv
2026-01-31 22:38:41,953 - INFO - تم تحليل 96 إدخال من data/input_raw/safe_hospital_130600112764.csv
2026-01-31 22:38:41,953 - INFO - 📊 عدد الإدخالات: 96
2026-01-31 22:38:41,953 - INFO - 📝 أول 3 عينات:
2026-01-31 22:38:41,955 - INFO -   1: device=130600112764 ts=2026-01-30 12:52:41.973957 temp=4.6
2026-01-31 22:38:41,956 - INFO -   2: device=130600112764 ts=2026-01-30 13:07:41.973957 temp=4.65
2026-01-31 22:38:41,956 - INFO -   3: device=130600112764 ts=2026-01-30 13:22:41.973957 temp=5.29
2026-01-31 22:38:41,958 - INFO - تم ربط 3 إدخال، تم تخطي 1
2026-01-31 22:38:41,959 - INFO - تم ربط 3 إدخال، تم تخطي 1
2026-01-31 22:38:41,960 - INFO - تم ربط 0 إدخال، تم تخطي 2
2026-01-31 22:38:41,961 - INFO - تم ربط 0 إدخال، تم تخطي 0
2026-01-31 22:38:41,962 - INFO - تم ربط 0 إدخال، تم تخطي 4
2026-01-31 22:38:41,965 - INFO - تم تحليل 2 إدخال من /tmp/pytest-of-amer11974/pytest-4/test_parse_valid_csv0/data/test_readings.csv
2026-01-31 22:38:41,967 - WARNING - تنسيق غير معروف في /tmp/pytest-of-amer11974/pytest-4/test_parse_invalid_file0/empty.csv
2026-01-31 22:38:41,967 - INFO - تم تحليل 0 إدخال من /tmp/pytest-of-amer11974/pytest-4/test_parse_invalid_file0/empty.csv
2026-01-31 22:38:41,973 - WARNING - تخطي صف 0 في /tmp/pytest-of-amer11974/pytest-4/test_parse_malformed_rows0/data_malformed/bad_readings.csv: could not convert string to float: 'invalid_temp'
2026-01-31 22:38:41,973 - INFO - تم تحليل 1 إدخال من /tmp/pytest-of-amer11974/pytest-4/test_parse_malformed_rows0/data_malformed/bad_readings.csv
2026-01-31 22:38:41,981 - INFO - 📄 إنشاء تقرير PDF احترافي
2026-01-31 22:38:41,981 - INFO - ==================================================
2026-01-31 22:38:41,981 - ERROR - ❌ ملف التقرير غير موجود: data/output/centers_report.tsv
2026-01-31 22:38:41,982 - INFO - ⚠️  قم بتشغيل النظام أولاً:
2026-01-31 22:38:41,982 - INFO -    python -m scripts.run_ft2_pipeline --legacy
2026-01-31 22:38:41,987 - INFO - 📄 إنشاء تقرير PDF احترافي
2026-01-31 22:38:41,988 - INFO - ==================================================
2026-01-31 22:38:41,988 - INFO - 📊 قراءة البيانات من: data/output/centers_report.tsv
2026-01-31 22:38:41,988 - INFO - 🔄 جاري إنشاء التقرير...
2026-01-31 22:38:41,988 - INFO - 
✅ تم إنشاء التقرير بنجاح!
2026-01-31 22:38:41,988 - INFO - 📍 الموقع: /fake/report.pdf
2026-01-31 22:38:42,014 - INFO - 📂 تم فتح التقرير تلقائياً
2026-01-31 22:38:42,033 - INFO - | Test Scenario             | 5.0°C(1.0h) + 15.0°C(24.0h)                   | 1.0    days | NONE  | NO_DATA                        |
2026-01-31 22:38:42,452 - INFO - Mock data created at: data/output/visual_tests/mock_visual_data.tsv
2026-01-31 22:38:42,452 - INFO - Generating Official Visual Report...
2026-01-31 22:38:42,453 - INFO - Done: /tmp/pytest-of-amer11974/pytest-4/test_verify_visual_reports_run0/data/output/visual_tests/visual_test_official.pdf
2026-01-31 22:38:42,453 - INFO - Generating Technical Visual Report...
2026-01-31 22:38:42,453 - INFO - Done: /tmp/pytest-of-amer11974/pytest-4/test_verify_visual_reports_run0/data/output/visual_tests/visual_test_official.pdf
2026-01-31 22:38:42,453 - INFO - Generating Arabic Visual Report...
2026-01-31 22:38:42,453 - INFO - Done: /tmp/pytest-of-amer11974/pytest-4/test_verify_visual_reports_run0/data/output/visual_tests/visual_test_official.pdf
2026-01-31 22:54:21,205 - INFO - 🧹 تنظيف الملفات التالفة في data/input_ft2
2026-01-31 22:54:21,233 - INFO - 🗑️ تم حذف: bad1.txt (فارغ تماماً)
2026-01-31 22:54:21,233 - INFO - ✅ تم تنظيف 1 ملف.
2026-01-31 22:54:21,235 - INFO - فحص الملفات الخام في: data/input_raw
2026-01-31 22:54:21,235 - INFO - 📄 الملف: test_data.csv
2026-01-31 22:54:21,273 - INFO - تم تحليل 6 إدخال من data/input_raw/test_data.csv
2026-01-31 22:54:21,273 - INFO - 📊 عدد الإدخالات: 6
2026-01-31 22:54:21,273 - INFO - 📝 أول 3 عينات:
2026-01-31 22:54:21,273 - INFO -   1: device=130600112764 ts=2024-01-15 08:00:00 temp=5.2
2026-01-31 22:54:21,273 - INFO -   2: device=130600112764 ts=2024-01-15 12:00:00 temp=4.8
2026-01-31 22:54:21,274 - INFO -   3: device=130600112767 ts=2024-01-15 08:00:00 temp=-1.5
2026-01-31 22:54:21,274 - INFO - 📄 الملف: heat_mobile_130600112769.csv
2026-01-31 22:54:21,274 - INFO - تم تحليل 96 إدخال من data/input_raw/heat_mobile_130600112769.csv
2026-01-31 22:54:21,274 - INFO - 📊 عدد الإدخالات: 96
2026-01-31 22:54:21,275 - INFO - 📝 أول 3 عينات:
2026-01-31 22:54:21,275 - INFO -   1: device=130600112769 ts=2026-01-30 12:52:41.975297 temp=11.98
2026-01-31 22:54:21,275 - INFO -   2: device=130600112769 ts=2026-01-30 13:07:41.975297 temp=11.9
2026-01-31 22:54:21,275 - INFO -   3: device=130600112769 ts=2026-01-30 13:22:41.975297 temp=12.72
2026-01-31 22:54:21,275 - INFO - 📄 الملف: freeze_clinic_130600112767.csv
2026-01-31 22:54:21,275 - INFO - تم تحليل 96 إدخال من data/input_raw/freeze_clinic_130600112767.csv
2026-01-31 22:54:21,276 - INFO - 📊 عدد الإدخالات: 96
2026-01-31 22:54:21,276 - INFO - 📝 أول 3 عينات:
2026-01-31 22:54:21,276 - INFO -   1: device=130600112767 ts=2026-01-30 12:52:41.974660 temp=-1.76
2026-01-31 22:54:21,276 - INFO -   2: device=130600112767 ts=2026-01-30 13:07:41.974660 temp=-2.38
2026-01-31 22:54:21,276 - INFO -   3: device=130600112767 ts=2026-01-30 13:22:41.974660 temp=-2.42
2026-01-31 22:54:21,276 - INFO - 📄 الملف: safe_hospital_130600112764.csv
2026-01-31 22:54:21,277 - INFO - تم تحليل 96 إدخال من data/input_raw/safe_hospital_130600112764.csv
2026-01-31 22:54:21,277 - INFO - 📊 عدد الإدخالات: 96
2026-01-31 22:54:21,277 - INFO - 📝 أول 3 عينات:
2026-01-31 22:54:21,277 - INFO -   1: device=130600112764 ts=2026-01-30 12:52:41.973957 temp=4.6
2026-01-31 22:54:21,277 - INFO -   2: device=130600112764 ts=2026-01-30 13:07:41.973957 temp=4.65
2026-01-31 22:54:21,278 - INFO -   3: device=130600112764 ts=2026-01-30 13:22:41.973957 temp=5.29
2026-01-31 22:54:21,279 - INFO - تم ربط 3 إدخال، تم تخطي 1
2026-01-31 22:54:21,290 - INFO - تم ربط 3 إدخال، تم تخطي 1
2026-01-31 22:54:21,291 - INFO - تم ربط 0 إدخال، تم تخطي 2
2026-01-31 22:54:21,292 - INFO - تم ربط 0 إدخال، تم تخطي 0
2026-01-31 22:54:21,294 - INFO - تم ربط 0 إدخال، تم تخطي 4
2026-01-31 22:54:21,307 - INFO - تم تحليل 2 إدخال من /tmp/pytest-of-amer11974/pytest-5/test_parse_valid_csv0/data/test_readings.csv
2026-01-31 22:54:21,309 - WARNING - تنسيق غير معروف في /tmp/pytest-of-amer11974/pytest-5/test_parse_invalid_file0/empty.csv
2026-01-31 22:54:21,344 - INFO - تم تحليل 0 إدخال من /tmp/pytest-of-amer11974/pytest-5/test_parse_invalid_file0/empty.csv
2026-01-31 22:54:21,353 - WARNING - تخطي صف 0 في /tmp/pytest-of-amer11974/pytest-5/test_parse_malformed_rows0/data_malformed/bad_readings.csv: could not convert string to float: 'invalid_temp'
2026-01-31 22:54:21,353 - INFO - تم تحليل 1 إدخال من /tmp/pytest-of-amer11974/pytest-5/test_parse_malformed_rows0/data_malformed/bad_readings.csv
2026-01-31 22:54:21,358 - INFO - 📄 إنشاء تقرير PDF احترافي
2026-01-31 22:54:21,359 - INFO - ==================================================
2026-01-31 22:54:21,359 - ERROR - ❌ ملف التقرير غير موجود: data/output/centers_report.tsv
2026-01-31 22:54:21,359 - INFO - ⚠️  قم بتشغيل النظام أولاً:
2026-01-31 22:54:21,359 - INFO -    python -m scripts.run_ft2_pipeline --legacy
2026-01-31 22:54:21,392 - INFO - 📄 إنشاء تقرير PDF احترافي
2026-01-31 22:54:21,393 - INFO - ==================================================
2026-01-31 22:54:21,393 - INFO - 📊 قراءة البيانات من: data/output/centers_report.tsv
2026-01-31 22:54:21,393 - INFO - 🔄 جاري إنشاء التقرير...
2026-01-31 22:54:21,393 - INFO - 
✅ تم إنشاء التقرير بنجاح!
2026-01-31 22:54:21,393 - INFO - 📍 الموقع: /fake/report.pdf
2026-01-31 22:54:21,739 - INFO - 📂 تم فتح التقرير تلقائياً
2026-01-31 22:54:21,795 - INFO - | Test Scenario             | 5.0°C(1.0h) + 15.0°C(24.0h)                   | 1.0    days | NONE  | NO_DATA                        |
2026-01-31 22:54:21,811 - INFO - Mock data created at: data/output/visual_tests/mock_visual_data.tsv
2026-01-31 22:54:21,811 - INFO - Generating Official Visual Report...
2026-01-31 22:54:21,811 - INFO - Done: /tmp/pytest-of-amer11974/pytest-5/test_verify_visual_reports_run0/data/output/visual_tests/visual_test_official.pdf
2026-01-31 22:54:21,811 - INFO - Generating Technical Visual Report...
2026-01-31 22:54:21,812 - INFO - Done: /tmp/pytest-of-amer11974/pytest-5/test_verify_visual_reports_run0/data/output/visual_tests/visual_test_official.pdf
2026-01-31 22:54:21,812 - INFO - Generating Arabic Visual Report...
2026-01-31 22:54:21,812 - INFO - Done: /tmp/pytest-of-amer11974/pytest-5/test_verify_visual_reports_run0/data/output/visual_tests/visual_test_official.pdf
2026-01-31 22:55:23,675 - INFO - 🧹 تنظيف الملفات التالفة في data/input_ft2
2026-01-31 22:55:23,676 - INFO - 🗑️ تم حذف: bad1.txt (فارغ تماماً)
2026-01-31 22:55:23,677 - INFO - ✅ تم تنظيف 1 ملف.
2026-01-31 22:55:23,679 - INFO - فحص الملفات الخام في: data/input_raw
2026-01-31 22:55:23,680 - INFO - 📄 الملف: test_data.csv
2026-01-31 22:55:23,680 - INFO - تم تحليل 6 إدخال من data/input_raw/test_data.csv
2026-01-31 22:55:23,681 - INFO - 📊 عدد الإدخالات: 6
2026-01-31 22:55:23,681 - INFO - 📝 أول 3 عينات:
2026-01-31 22:55:23,681 - INFO -   1: device=130600112764 ts=2024-01-15 08:00:00 temp=5.2
2026-01-31 22:55:23,681 - INFO -   2: device=130600112764 ts=2024-01-15 12:00:00 temp=4.8
2026-01-31 22:55:23,682 - INFO -   3: device=130600112767 ts=2024-01-15 08:00:00 temp=-1.5
2026-01-31 22:55:23,682 - INFO - 📄 الملف: heat_mobile_130600112769.csv
2026-01-31 22:55:23,682 - INFO - تم تحليل 96 إدخال من data/input_raw/heat_mobile_130600112769.csv
2026-01-31 22:55:23,683 - INFO - 📊 عدد الإدخالات: 96
2026-01-31 22:55:23,683 - INFO - 📝 أول 3 عينات:
2026-01-31 22:55:23,683 - INFO -   1: device=130600112769 ts=2026-01-30 12:52:41.975297 temp=11.98
2026-01-31 22:55:23,683 - INFO -   2: device=130600112769 ts=2026-01-30 13:07:41.975297 temp=11.9
2026-01-31 22:55:23,686 - INFO -   3: device=130600112769 ts=2026-01-30 13:22:41.975297 temp=12.72
2026-01-31 22:55:23,686 - INFO - 📄 الملف: freeze_clinic_130600112767.csv
2026-01-31 22:55:23,687 - INFO - تم تحليل 96 إدخال من data/input_raw/freeze_clinic_130600112767.csv
2026-01-31 22:55:23,687 - INFO - 📊 عدد الإدخالات: 96
2026-01-31 22:55:23,687 - INFO - 📝 أول 3 عينات:
2026-01-31 22:55:23,687 - INFO -   1: device=130600112767 ts=2026-01-30 12:52:41.974660 temp=-1.76
2026-01-31 22:55:23,687 - INFO -   2: device=130600112767 ts=2026-01-30 13:07:41.974660 temp=-2.38
2026-01-31 22:55:23,687 - INFO -   3: device=130600112767 ts=2026-01-30 13:22:41.974660 temp=-2.42
2026-01-31 22:55:23,687 - INFO - 📄 الملف: safe_hospital_130600112764.csv
2026-01-31 22:55:23,688 - INFO - تم تحليل 96 إدخال من data/input_raw/safe_hospital_130600112764.csv
2026-01-31 22:55:23,688 - INFO - 📊 عدد الإدخالات: 96
2026-01-31 22:55:23,688 - INFO - 📝 أول 3 عينات:
2026-01-31 22:55:23,688 - INFO -   1: device=130600112764 ts=2026-01-30 12:52:41.973957 temp=4.6
2026-01-31 22:55:23,688 - INFO -   2: device=130600112764 ts=2026-01-30 13:07:41.973957 temp=4.65
2026-01-31 22:55:23,688 - INFO -   3: device=130600112764 ts=2026-01-30 13:22:41.973957 temp=5.29
2026-01-31 22:55:23,690 - INFO - تم ربط 3 إدخال، تم تخطي 1
2026-01-31 22:55:23,691 - INFO - تم ربط 3 إدخال، تم تخطي 1
2026-01-31 22:55:23,692 - INFO - تم ربط 0 إدخال، تم تخطي 2
2026-01-31 22:55:23,693 - INFO - تم ربط 0 إدخال، تم تخطي 0
2026-01-31 22:55:23,694 - INFO - تم ربط 0 إدخال، تم تخطي 4
2026-01-31 22:55:23,699 - INFO - تم تحليل 2 إدخال من /tmp/pytest-of-amer11974/pytest-6/test_parse_valid_csv0/data/test_readings.csv
2026-01-31 22:55:23,705 - WARNING - تنسيق غير معروف في /tmp/pytest-of-amer11974/pytest-6/test_parse_invalid_file0/empty.csv
2026-01-31 22:55:23,705 - INFO - تم تحليل 0 إدخال من /tmp/pytest-of-amer11974/pytest-6/test_parse_invalid_file0/empty.csv
2026-01-31 22:55:23,708 - WARNING - تخطي صف 0 في /tmp/pytest-of-amer11974/pytest-6/test_parse_malformed_rows0/data_malformed/bad_readings.csv: could not convert string to float: 'invalid_temp'
2026-01-31 22:55:23,708 - INFO - تم تحليل 1 إدخال من /tmp/pytest-of-amer11974/pytest-6/test_parse_malformed_rows0/data_malformed/bad_readings.csv
2026-01-31 22:55:23,714 - INFO - 📄 إنشاء تقرير PDF احترافي
2026-01-31 22:55:23,714 - INFO - ==================================================
2026-01-31 22:55:23,714 - ERROR - ❌ ملف التقرير غير موجود: data/output/centers_report.tsv
2026-01-31 22:55:23,715 - INFO - ⚠️  قم بتشغيل النظام أولاً:
2026-01-31 22:55:23,715 - INFO -    python -m scripts.run_ft2_pipeline --legacy
2026-01-31 22:55:23,723 - INFO - 📄 إنشاء تقرير PDF احترافي
2026-01-31 22:55:23,723 - INFO - ==================================================
2026-01-31 22:55:23,724 - INFO - 📊 قراءة البيانات من: data/output/centers_report.tsv
2026-01-31 22:55:23,724 - INFO - 🔄 جاري إنشاء التقرير...
2026-01-31 22:55:23,724 - INFO - 
✅ تم إنشاء التقرير بنجاح!
2026-01-31 22:55:23,724 - INFO - 📍 الموقع: /fake/report.pdf
2026-01-31 22:55:23,748 - INFO - 📂 تم فتح التقرير تلقائياً
2026-01-31 22:55:23,771 - INFO - | Test Scenario             | 5.0°C(1.0h) + 15.0°C(24.0h)                   | 1.0    days | NONE  | NO_DATA                        |
2026-01-31 22:55:23,797 - INFO - Mock data created at: data/output/visual_tests/mock_visual_data.tsv
2026-01-31 22:55:23,797 - INFO - Generating Official Visual Report...
2026-01-31 22:55:23,798 - INFO - Done: /tmp/pytest-of-amer11974/pytest-6/test_verify_visual_reports_run0/data/output/visual_tests/visual_test_official.pdf
2026-01-31 22:55:23,798 - INFO - Generating Technical Visual Report...
2026-01-31 22:55:23,798 - INFO - Done: /tmp/pytest-of-amer11974/pytest-6/test_verify_visual_reports_run0/data/output/visual_tests/visual_test_official.pdf
2026-01-31 22:55:23,798 - INFO - Generating Arabic Visual Report...
2026-01-31 22:55:23,798 - INFO - Done: /tmp/pytest-of-amer11974/pytest-6/test_verify_visual_reports_run0/data/output/visual_tests/visual_test_official.pdf
2026-01-31 22:57:25,857 - INFO - ✅ تم إنشاء تقرير المراكز: /tmp/pytest-of-amer11974/pytest-7/test_centers_report_snapshot0/centers_report.tsv
2026-01-31 22:57:25,877 - INFO - 🧹 تنظيف الملفات التالفة في data/input_ft2
2026-01-31 22:57:25,878 - INFO - 🗑️ تم حذف: bad1.txt (فارغ تماماً)
2026-01-31 22:57:25,878 - INFO - ✅ تم تنظيف 1 ملف.
2026-01-31 22:57:25,882 - INFO - فحص الملفات الخام في: data/input_raw
2026-01-31 22:57:25,882 - INFO - 📄 الملف: test_data.csv
2026-01-31 22:57:25,883 - INFO - تم تحليل 6 إدخال من data/input_raw/test_data.csv
2026-01-31 22:57:25,883 - INFO - 📊 عدد الإدخالات: 6
2026-01-31 22:57:25,883 - INFO - 📝 أول 3 عينات:
2026-01-31 22:57:25,883 - INFO -   1: device=130600112764 ts=2024-01-15 08:00:00 temp=5.2
2026-01-31 22:57:25,883 - INFO -   2: device=130600112764 ts=2024-01-15 12:00:00 temp=4.8
2026-01-31 22:57:25,883 - INFO -   3: device=130600112767 ts=2024-01-15 08:00:00 temp=-1.5
2026-01-31 22:57:25,883 - INFO - 📄 الملف: heat_mobile_130600112769.csv
2026-01-31 22:57:25,884 - INFO - تم تحليل 96 إدخال من data/input_raw/heat_mobile_130600112769.csv
2026-01-31 22:57:25,884 - INFO - 📊 عدد الإدخالات: 96
2026-01-31 22:57:25,884 - INFO - 📝 أول 3 عينات:
2026-01-31 22:57:25,884 - INFO -   1: device=130600112769 ts=2026-01-30 12:52:41.975297 temp=11.98
2026-01-31 22:57:25,885 - INFO -   2: device=130600112769 ts=2026-01-30 13:07:41.975297 temp=11.9
2026-01-31 22:57:25,885 - INFO -   3: device=130600112769 ts=2026-01-30 13:22:41.975297 temp=12.72
2026-01-31 22:57:25,885 - INFO - 📄 الملف: freeze_clinic_130600112767.csv
2026-01-31 22:57:25,886 - INFO - تم تحليل 96 إدخال من data/input_raw/freeze_clinic_130600112767.csv
2026-01-31 22:57:25,886 - INFO - 📊 عدد الإدخالات: 96
2026-01-31 22:57:25,886 - INFO - 📝 أول 3 عينات:
2026-01-31 22:57:25,886 - INFO -   1: device=130600112767 ts=2026-01-30 12:52:41.974660 temp=-1.76
2026-01-31 22:57:25,887 - INFO -   2: device=130600112767 ts=2026-01-30 13:07:41.974660 temp=-2.38
2026-01-31 22:57:25,887 - INFO -   3: device=130600112767 ts=2026-01-30 13:22:41.974660 temp=-2.42
2026-01-31 22:57:25,887 - INFO - 📄 الملف: safe_hospital_130600112764.csv
2026-01-31 22:57:25,888 - INFO - تم تحليل 96 إدخال من data/input_raw/safe_hospital_130600112764.csv
2026-01-31 22:57:25,888 - INFO - 📊 عدد الإدخالات: 96
2026-01-31 22:57:25,888 - INFO - 📝 أول 3 عينات:
2026-01-31 22:57:25,888 - INFO -   1: device=130600112764 ts=2026-01-30 12:52:41.973957 temp=4.6
2026-01-31 22:57:25,888 - INFO -   2: device=130600112764 ts=2026-01-30 13:07:41.973957 temp=4.65
2026-01-31 22:57:25,889 - INFO -   3: device=130600112764 ts=2026-01-30 13:22:41.973957 temp=5.29
2026-01-31 22:57:25,890 - INFO - تم ربط 3 إدخال، تم تخطي 1
2026-01-31 22:57:25,892 - INFO - تم ربط 3 إدخال، تم تخطي 1
2026-01-31 22:57:25,893 - INFO - تم ربط 0 إدخال، تم تخطي 2
2026-01-31 22:57:25,894 - INFO - تم ربط 0 إدخال، تم تخطي 0
2026-01-31 22:57:25,895 - INFO - تم ربط 0 إدخال، تم تخطي 4
2026-01-31 22:57:25,899 - INFO - تم تحليل 2 إدخال من /tmp/pytest-of-amer11974/pytest-7/test_parse_valid_csv0/data/test_readings.csv
2026-01-31 22:57:25,903 - WARNING - تنسيق غير معروف في /tmp/pytest-of-amer11974/pytest-7/test_parse_invalid_file0/empty.csv
2026-01-31 22:57:25,903 - INFO - تم تحليل 0 إدخال من /tmp/pytest-of-amer11974/pytest-7/test_parse_invalid_file0/empty.csv
2026-01-31 22:57:25,906 - WARNING - تخطي صف 0 في /tmp/pytest-of-amer11974/pytest-7/test_parse_malformed_rows0/data_malformed/bad_readings.csv: could not convert string to float: 'invalid_temp'
2026-01-31 22:57:25,906 - INFO - تم تحليل 1 إدخال من /tmp/pytest-of-amer11974/pytest-7/test_parse_malformed_rows0/data_malformed/bad_readings.csv
2026-01-31 22:57:25,914 - INFO - 📄 إنشاء تقرير PDF احترافي
2026-01-31 22:57:25,914 - INFO - ==================================================
2026-01-31 22:57:25,914 - ERROR - ❌ ملف التقرير غير موجود: data/output/centers_report.tsv
2026-01-31 22:57:25,914 - INFO - ⚠️  قم بتشغيل النظام أولاً:
2026-01-31 22:57:25,914 - INFO -    python -m scripts.run_ft2_pipeline --legacy
2026-01-31 22:57:25,919 - INFO - 📄 إنشاء تقرير PDF احترافي
2026-01-31 22:57:25,919 - INFO - ==================================================
2026-01-31 22:57:25,919 - INFO - 📊 قراءة البيانات من: data/output/centers_report.tsv
2026-01-31 22:57:25,919 - INFO - 🔄 جاري إنشاء التقرير...
2026-01-31 22:57:25,920 - INFO - 
✅ تم إنشاء التقرير بنجاح!
2026-01-31 22:57:25,920 - INFO - 📍 الموقع: /fake/report.pdf
2026-01-31 22:57:25,951 - INFO - 📂 تم فتح التقرير تلقائياً
2026-01-31 22:57:25,971 - INFO - | Test Scenario             | 5.0°C(1.0h) + 15.0°C(24.0h)                   | 1.0    days | NONE  | NO_DATA                        |
2026-01-31 22:57:30,528 - INFO - Mock data created at: data/output/visual_tests/mock_visual_data.tsv
2026-01-31 22:57:30,528 - INFO - Generating Official Visual Report...
2026-01-31 22:57:30,529 - INFO - Done: /tmp/pytest-of-amer11974/pytest-7/test_verify_visual_reports_run0/data/output/visual_tests/visual_test_official.pdf
2026-01-31 22:57:30,529 - INFO - Generating Technical Visual Report...
2026-01-31 22:57:30,529 - INFO - Done: /tmp/pytest-of-amer11974/pytest-7/test_verify_visual_reports_run0/data/output/visual_tests/visual_test_official.pdf
2026-01-31 22:57:30,529 - INFO - Generating Arabic Visual Report...
2026-01-31 22:57:30,529 - INFO - Done: /tmp/pytest-of-amer11974/pytest-7/test_verify_visual_reports_run0/data/output/visual_tests/visual_test_official.pdf
2026-02-02 01:17:23,636 - INFO - 🧹 تنظيف الملفات التالفة في data/input_ft2
2026-02-02 01:17:23,813 - INFO - 🗑️ تم حذف: bad1.txt (فارغ تماماً)
2026-02-02 01:17:23,813 - INFO - ✅ تم تنظيف 1 ملف.
2026-02-02 01:17:23,815 - INFO - فحص الملفات الخام في: data/input_raw
2026-02-02 01:17:23,815 - INFO - 📄 الملف: test_data.csv
2026-02-02 01:17:23,923 - INFO - تم تحليل 6 إدخال من data/input_raw/test_data.csv
2026-02-02 01:17:23,924 - INFO - 📊 عدد الإدخالات: 6
2026-02-02 01:17:23,924 - INFO - 📝 أول 3 عينات:
2026-02-02 01:17:23,924 - INFO -   1: device=130600112764 ts=2024-01-15 08:00:00 temp=5.2
2026-02-02 01:17:23,924 - INFO -   2: device=130600112764 ts=2024-01-15 12:00:00 temp=4.8
2026-02-02 01:17:23,924 - INFO -   3: device=130600112767 ts=2024-01-15 08:00:00 temp=-1.5
2026-02-02 01:17:23,924 - INFO - 📄 الملف: heat_mobile_130600112769.csv
2026-02-02 01:17:24,024 - INFO - تم تحليل 96 إدخال من data/input_raw/heat_mobile_130600112769.csv
2026-02-02 01:17:24,025 - INFO - 📊 عدد الإدخالات: 96
2026-02-02 01:17:24,026 - INFO - 📝 أول 3 عينات:
2026-02-02 01:17:24,026 - INFO -   1: device=130600112769 ts=2026-01-30 12:52:41.975297 temp=11.98
2026-02-02 01:17:24,027 - INFO -   2: device=130600112769 ts=2026-01-30 13:07:41.975297 temp=11.9
2026-02-02 01:17:24,027 - INFO -   3: device=130600112769 ts=2026-01-30 13:22:41.975297 temp=12.72
2026-02-02 01:17:24,028 - INFO - 📄 الملف: freeze_clinic_130600112767.csv
2026-02-02 01:17:24,063 - INFO - تم تحليل 96 إدخال من data/input_raw/freeze_clinic_130600112767.csv
2026-02-02 01:17:24,064 - INFO - 📊 عدد الإدخالات: 96
2026-02-02 01:17:24,065 - INFO - 📝 أول 3 عينات:
2026-02-02 01:17:24,065 - INFO -   1: device=130600112767 ts=2026-01-30 12:52:41.974660 temp=-1.76
2026-02-02 01:17:24,066 - INFO -   2: device=130600112767 ts=2026-01-30 13:07:41.974660 temp=-2.38
2026-02-02 01:17:24,066 - INFO -   3: device=130600112767 ts=2026-01-30 13:22:41.974660 temp=-2.42
2026-02-02 01:17:24,067 - INFO - 📄 الملف: safe_hospital_130600112764.csv
2026-02-02 01:17:24,096 - INFO - تم تحليل 96 إدخال من data/input_raw/safe_hospital_130600112764.csv
2026-02-02 01:17:24,096 - INFO - 📊 عدد الإدخالات: 96
2026-02-02 01:17:24,097 - INFO - 📝 أول 3 عينات:
2026-02-02 01:17:24,097 - INFO -   1: device=130600112764 ts=2026-01-30 12:52:41.973957 temp=4.6
2026-02-02 01:17:24,097 - INFO -   2: device=130600112764 ts=2026-01-30 13:07:41.973957 temp=4.65
2026-02-02 01:17:24,098 - INFO -   3: device=130600112764 ts=2026-01-30 13:22:41.973957 temp=5.29
2026-02-02 01:17:24,101 - INFO - تم ربط 3 إدخال، تم تخطي 1
2026-02-02 01:17:24,103 - INFO - تم ربط 3 إدخال، تم تخطي 1
2026-02-02 01:17:24,104 - INFO - تم ربط 0 إدخال، تم تخطي 2
2026-02-02 01:17:24,105 - INFO - تم ربط 0 إدخال، تم تخطي 0
2026-02-02 01:17:24,106 - INFO - تم ربط 0 إدخال، تم تخطي 4
2026-02-02 01:17:24,112 - INFO - تم تحليل 2 إدخال من /tmp/pytest-of-amer11974/pytest-11/test_parse_valid_csv0/data/test_readings.csv
2026-02-02 01:17:24,114 - WARNING - تنسيق غير معروف في /tmp/pytest-of-amer11974/pytest-11/test_parse_invalid_file0/empty.csv
2026-02-02 01:17:24,114 - INFO - تم تحليل 0 إدخال من /tmp/pytest-of-amer11974/pytest-11/test_parse_invalid_file0/empty.csv
2026-02-02 01:17:24,191 - WARNING - تخطي صف 0 في /tmp/pytest-of-amer11974/pytest-11/test_parse_malformed_rows0/data_malformed/bad_readings.csv: could not convert string to float: 'invalid_temp'
2026-02-02 01:17:24,204 - INFO - تم تحليل 1 إدخال من /tmp/pytest-of-amer11974/pytest-11/test_parse_malformed_rows0/data_malformed/bad_readings.csv
2026-02-02 01:17:24,238 - INFO - 📄 إنشاء تقرير PDF احترافي
2026-02-02 01:17:24,238 - INFO - ==================================================
2026-02-02 01:17:24,238 - ERROR - ❌ ملف التقرير غير موجود: data/output/centers_report.tsv
2026-02-02 01:17:24,239 - INFO - ⚠️  قم بتشغيل النظام أولاً:
2026-02-02 01:17:24,239 - INFO -    python -m scripts.run_ft2_pipeline --legacy
2026-02-02 01:17:24,470 - INFO - 📄 إنشاء تقرير PDF احترافي
2026-02-02 01:17:24,470 - INFO - ==================================================
2026-02-02 01:17:24,471 - INFO - 📊 قراءة البيانات من: data/output/centers_report.tsv
2026-02-02 01:17:24,471 - INFO - 🔄 جاري إنشاء التقرير...
2026-02-02 01:17:24,471 - INFO - 
✅ تم إنشاء التقرير بنجاح!
2026-02-02 01:17:24,471 - INFO - 📍 الموقع: /fake/report.pdf
2026-02-02 01:17:26,912 - INFO - 📂 تم فتح التقرير تلقائياً
2026-02-02 01:17:25,300 - INFO - | Test Scenario             | 5.0°C(1.0h) + 15.0°C(24.0h)                   | 1.0    days | NONE  | NO_DATA                        |
2026-02-02 01:18:34,096 - INFO - Mock data created at: data/output/visual_tests/mock_visual_data.tsv
2026-02-02 01:18:34,097 - INFO - Generating Official Visual Report...
2026-02-02 01:18:34,097 - INFO - Done: /tmp/pytest-of-amer11974/pytest-11/test_verify_visual_reports_run0/data/output/visual_tests/visual_test_official.pdf
2026-02-02 01:18:34,097 - INFO - Generating Technical Visual Report...
2026-02-02 01:18:34,097 - INFO - Done: /tmp/pytest-of-amer11974/pytest-11/test_verify_visual_reports_run0/data/output/visual_tests/visual_test_official.pdf
2026-02-02 01:18:34,097 - INFO - Generating Arabic Visual Report...
2026-02-02 01:18:34,097 - INFO - Done: /tmp/pytest-of-amer11974/pytest-11/test_verify_visual_reports_run0/data/output/visual_tests/visual_test_official.pdf
2026-02-02 02:32:57,544 - INFO - 🧹 تنظيف الملفات التالفة في data/input_ft2
2026-02-02 02:32:57,688 - INFO - 🗑️ تم حذف: bad1.txt (فارغ تماماً)
2026-02-02 02:32:57,688 - INFO - ✅ تم تنظيف 1 ملف.
2026-02-02 02:32:57,689 - INFO - فحص الملفات الخام في: data/input_raw
2026-02-02 02:32:57,689 - INFO - 📄 الملف: test_data.csv
2026-02-02 02:32:57,690 - INFO - تم تحليل 6 إدخال من data/input_raw/test_data.csv
2026-02-02 02:32:57,690 - INFO - 📊 عدد الإدخالات: 6
2026-02-02 02:32:57,690 - INFO - 📝 أول 3 عينات:
2026-02-02 02:32:57,690 - INFO -   1: device=130600112764 ts=2024-01-15 08:00:00 temp=5.2
2026-02-02 02:32:57,690 - INFO -   2: device=130600112764 ts=2024-01-15 12:00:00 temp=4.8
2026-02-02 02:32:57,690 - INFO -   3: device=130600112767 ts=2024-01-15 08:00:00 temp=-1.5
2026-02-02 02:32:57,691 - INFO - 📄 الملف: heat_mobile_130600112769.csv
2026-02-02 02:32:57,691 - INFO - تم تحليل 96 إدخال من data/input_raw/heat_mobile_130600112769.csv
2026-02-02 02:32:57,691 - INFO - 📊 عدد الإدخالات: 96
2026-02-02 02:32:57,691 - INFO - 📝 أول 3 عينات:
2026-02-02 02:32:57,691 - INFO -   1: device=130600112769 ts=2026-01-30 12:52:41.975297 temp=11.98
2026-02-02 02:32:57,691 - INFO -   2: device=130600112769 ts=2026-01-30 13:07:41.975297 temp=11.9
2026-02-02 02:32:57,692 - INFO -   3: device=130600112769 ts=2026-01-30 13:22:41.975297 temp=12.72
2026-02-02 02:32:57,692 - INFO - 📄 الملف: freeze_clinic_130600112767.csv
2026-02-02 02:32:57,692 - INFO - تم تحليل 96 إدخال من data/input_raw/freeze_clinic_130600112767.csv
2026-02-02 02:32:57,692 - INFO - 📊 عدد الإدخالات: 96
2026-02-02 02:32:57,692 - INFO - 📝 أول 3 عينات:
2026-02-02 02:32:57,693 - INFO -   1: device=130600112767 ts=2026-01-30 12:52:41.974660 temp=-1.76
2026-02-02 02:32:57,693 - INFO -   2: device=130600112767 ts=2026-01-30 13:07:41.974660 temp=-2.38
2026-02-02 02:32:57,693 - INFO -   3: device=130600112767 ts=2026-01-30 13:22:41.974660 temp=-2.42
2026-02-02 02:32:57,693 - INFO - 📄 الملف: safe_hospital_130600112764.csv
2026-02-02 02:32:57,693 - INFO - تم تحليل 96 إدخال من data/input_raw/safe_hospital_130600112764.csv
2026-02-02 02:32:57,694 - INFO - 📊 عدد الإدخالات: 96
2026-02-02 02:32:57,694 - INFO - 📝 أول 3 عينات:
2026-02-02 02:32:57,694 - INFO -   1: device=130600112764 ts=2026-01-30 12:52:41.973957 temp=4.6
2026-02-02 02:32:57,694 - INFO -   2: device=130600112764 ts=2026-01-30 13:07:41.973957 temp=4.65
2026-02-02 02:32:57,694 - INFO -   3: device=130600112764 ts=2026-01-30 13:22:41.973957 temp=5.29
2026-02-02 02:32:57,696 - INFO - تم ربط 3 إدخال، تم تخطي 1
2026-02-02 02:32:57,697 - INFO - تم ربط 3 إدخال، تم تخطي 1
2026-02-02 02:32:57,699 - INFO - تم ربط 0 إدخال، تم تخطي 2
2026-02-02 02:32:57,700 - INFO - تم ربط 0 إدخال، تم تخطي 0
2026-02-02 02:32:57,702 - INFO - تم ربط 0 إدخال، تم تخطي 4
2026-02-02 02:32:57,708 - INFO - تم تحليل 2 إدخال من /tmp/pytest-of-amer11974/pytest-12/test_parse_valid_csv0/data/test_readings.csv
2026-02-02 02:32:57,710 - WARNING - تنسيق غير معروف في /tmp/pytest-of-amer11974/pytest-12/test_parse_invalid_file0/empty.csv
2026-02-02 02:32:57,710 - INFO - تم تحليل 0 إدخال من /tmp/pytest-of-amer11974/pytest-12/test_parse_invalid_file0/empty.csv
2026-02-02 02:32:57,712 - WARNING - تخطي صف 0 في /tmp/pytest-of-amer11974/pytest-12/test_parse_malformed_rows0/data_malformed/bad_readings.csv: could not convert string to float: 'invalid_temp'
2026-02-02 02:32:57,713 - INFO - تم تحليل 1 إدخال من /tmp/pytest-of-amer11974/pytest-12/test_parse_malformed_rows0/data_malformed/bad_readings.csv
2026-02-02 02:32:57,722 - INFO - 📄 إنشاء تقرير PDF احترافي
2026-02-02 02:32:57,723 - INFO - ==================================================
2026-02-02 02:32:57,723 - ERROR - ❌ ملف التقرير غير موجود: data/output/centers_report.tsv
2026-02-02 02:32:57,723 - INFO - ⚠️  قم بتشغيل النظام أولاً:
2026-02-02 02:32:57,723 - INFO -    python -m scripts.run_ft2_pipeline --legacy
2026-02-02 02:32:57,730 - INFO - 📄 إنشاء تقرير PDF احترافي
2026-02-02 02:32:57,731 - INFO - ==================================================
2026-02-02 02:32:57,731 - INFO - 📊 قراءة البيانات من: data/output/centers_report.tsv
2026-02-02 02:32:57,731 - INFO - 🔄 جاري إنشاء التقرير...
2026-02-02 02:32:57,731 - INFO - 
✅ تم إنشاء التقرير بنجاح!
2026-02-02 02:32:57,731 - INFO - 📍 الموقع: /fake/report.pdf
2026-02-02 02:33:00,132 - INFO - 📂 تم فتح التقرير تلقائياً
2026-02-02 02:33:00,238 - INFO - | Test Scenario             | 5.0°C(1.0h) + 15.0°C(24.0h)                   | 1.0    days | NONE  | NO_DATA                        |
2026-02-02 02:33:26,936 - INFO - Mock data created at: data/output/visual_tests/mock_visual_data.tsv
2026-02-02 02:33:26,936 - INFO - Generating Official Visual Report...
2026-02-02 02:33:26,936 - INFO - Done: /tmp/pytest-of-amer11974/pytest-12/test_verify_visual_reports_run0/data/output/visual_tests/visual_test_official.pdf
2026-02-02 02:33:26,936 - INFO - Generating Technical Visual Report...
2026-02-02 02:33:26,936 - INFO - Done: /tmp/pytest-of-amer11974/pytest-12/test_verify_visual_reports_run0/data/output/visual_tests/visual_test_official.pdf
2026-02-02 02:33:26,937 - INFO - Generating Arabic Visual Report...
2026-02-02 02:33:26,937 - INFO - Done: /tmp/pytest-of-amer11974/pytest-12/test_verify_visual_reports_run0/data/output/visual_tests/visual_test_official.pdf
2026-02-02 02:39:23,632 - INFO - 🧹 تنظيف الملفات التالفة في data/input_ft2
2026-02-02 02:39:23,633 - INFO - 🗑️ تم حذف: bad1.txt (فارغ تماماً)
2026-02-02 02:39:23,633 - INFO - ✅ تم تنظيف 1 ملف.
2026-02-02 02:39:23,635 - INFO - فحص الملفات الخام في: data/input_raw
2026-02-02 02:39:23,636 - INFO - 📄 الملف: test_data.csv
2026-02-02 02:39:23,636 - INFO - تم تحليل 6 إدخال من data/input_raw/test_data.csv
2026-02-02 02:39:23,636 - INFO - 📊 عدد الإدخالات: 6
2026-02-02 02:39:23,636 - INFO - 📝 أول 3 عينات:
2026-02-02 02:39:23,636 - INFO -   1: device=130600112764 ts=2024-01-15 08:00:00 temp=5.2
2026-02-02 02:39:23,637 - INFO -   2: device=130600112764 ts=2024-01-15 12:00:00 temp=4.8
2026-02-02 02:39:23,637 - INFO -   3: device=130600112767 ts=2024-01-15 08:00:00 temp=-1.5
2026-02-02 02:39:23,637 - INFO - 📄 الملف: heat_mobile_130600112769.csv
2026-02-02 02:39:23,639 - INFO - تم تحليل 96 إدخال من data/input_raw/heat_mobile_130600112769.csv
2026-02-02 02:39:23,640 - INFO - 📊 عدد الإدخالات: 96
2026-02-02 02:39:23,640 - INFO - 📝 أول 3 عينات:
2026-02-02 02:39:23,641 - INFO -   1: device=130600112769 ts=2026-01-30 12:52:41.975297 temp=11.98
2026-02-02 02:39:23,641 - INFO -   2: device=130600112769 ts=2026-01-30 13:07:41.975297 temp=11.9
2026-02-02 02:39:23,641 - INFO -   3: device=130600112769 ts=2026-01-30 13:22:41.975297 temp=12.72
2026-02-02 02:39:23,642 - INFO - 📄 الملف: freeze_clinic_130600112767.csv
2026-02-02 02:39:23,643 - INFO - تم تحليل 96 إدخال من data/input_raw/freeze_clinic_130600112767.csv
2026-02-02 02:39:23,643 - INFO - 📊 عدد الإدخالات: 96
2026-02-02 02:39:23,644 - INFO - 📝 أول 3 عينات:
2026-02-02 02:39:23,644 - INFO -   1: device=130600112767 ts=2026-01-30 12:52:41.974660 temp=-1.76
2026-02-02 02:39:23,644 - INFO -   2: device=130600112767 ts=2026-01-30 13:07:41.974660 temp=-2.38
2026-02-02 02:39:23,644 - INFO -   3: device=130600112767 ts=2026-01-30 13:22:41.974660 temp=-2.42
2026-02-02 02:39:23,644 - INFO - 📄 الملف: safe_hospital_130600112764.csv
2026-02-02 02:39:23,645 - INFO - تم تحليل 96 إدخال من data/input_raw/safe_hospital_130600112764.csv
2026-02-02 02:39:23,645 - INFO - 📊 عدد الإدخالات: 96
2026-02-02 02:39:23,645 - INFO - 📝 أول 3 عينات:
2026-02-02 02:39:23,645 - INFO -   1: device=130600112764 ts=2026-01-30 12:52:41.973957 temp=4.6
2026-02-02 02:39:23,645 - INFO -   2: device=130600112764 ts=2026-01-30 13:07:41.973957 temp=4.65
2026-02-02 02:39:23,645 - INFO -   3: device=130600112764 ts=2026-01-30 13:22:41.973957 temp=5.29
2026-02-02 02:39:23,647 - INFO - تم ربط 3 إدخال، تم تخطي 1
2026-02-02 02:39:23,649 - INFO - تم ربط 3 إدخال، تم تخطي 1
2026-02-02 02:39:23,651 - INFO - تم ربط 0 إدخال، تم تخطي 2
2026-02-02 02:39:23,652 - INFO - تم ربط 0 إدخال، تم تخطي 0
2026-02-02 02:39:23,654 - INFO - تم ربط 0 إدخال، تم تخطي 4
2026-02-02 02:39:23,661 - INFO - تم تحليل 2 إدخال من /tmp/pytest-of-amer11974/pytest-13/test_parse_valid_csv0/data/test_readings.csv
2026-02-02 02:39:23,663 - WARNING - تنسيق غير معروف في /tmp/pytest-of-amer11974/pytest-13/test_parse_invalid_file0/empty.csv
2026-02-02 02:39:23,664 - INFO - تم تحليل 0 إدخال من /tmp/pytest-of-amer11974/pytest-13/test_parse_invalid_file0/empty.csv
2026-02-02 02:39:23,669 - WARNING - تخطي صف 0 في /tmp/pytest-of-amer11974/pytest-13/test_parse_malformed_rows0/data_malformed/bad_readings.csv: could not convert string to float: 'invalid_temp'
2026-02-02 02:39:23,669 - INFO - تم تحليل 1 إدخال من /tmp/pytest-of-amer11974/pytest-13/test_parse_malformed_rows0/data_malformed/bad_readings.csv
2026-02-02 02:39:23,678 - INFO - 📄 إنشاء تقرير PDF احترافي
2026-02-02 02:39:23,678 - INFO - ==================================================
2026-02-02 02:39:23,678 - ERROR - ❌ ملف التقرير غير موجود: data/output/centers_report.tsv
2026-02-02 02:39:23,679 - INFO - ⚠️  قم بتشغيل النظام أولاً:
2026-02-02 02:39:23,679 - INFO -    python -m scripts.run_ft2_pipeline --legacy
2026-02-02 02:39:23,684 - INFO - 📄 إنشاء تقرير PDF احترافي
2026-02-02 02:39:23,685 - INFO - ==================================================
2026-02-02 02:39:23,685 - INFO - 📊 قراءة البيانات من: data/output/centers_report.tsv
2026-02-02 02:39:23,685 - INFO - 🔄 جاري إنشاء التقرير...
2026-02-02 02:39:23,685 - INFO - 
✅ تم إنشاء التقرير بنجاح!
2026-02-02 02:39:23,685 - INFO - 📍 الموقع: /fake/report.pdf
2026-02-02 02:39:23,709 - INFO - 📂 تم فتح التقرير تلقائياً
2026-02-02 02:39:23,740 - INFO - | Test Scenario             | 5.0°C(1.0h) + 15.0°C(24.0h)                   | 1.0    days | NONE  | NO_DATA                        |
2026-02-02 02:39:24,305 - INFO - Mock data created at: data/output/visual_tests/mock_visual_data.tsv
2026-02-02 02:39:24,306 - INFO - Generating Official Visual Report...
2026-02-02 02:39:24,306 - INFO - Done: /tmp/pytest-of-amer11974/pytest-13/test_verify_visual_reports_run0/data/output/visual_tests/visual_test_official.pdf
2026-02-02 02:39:24,306 - INFO - Generating Technical Visual Report...
2026-02-02 02:39:24,306 - INFO - Done: /tmp/pytest-of-amer11974/pytest-13/test_verify_visual_reports_run0/data/output/visual_tests/visual_test_official.pdf
2026-02-02 02:39:24,307 - INFO - Generating Arabic Visual Report...
2026-02-02 02:39:24,307 - INFO - Done: /tmp/pytest-of-amer11974/pytest-13/test_verify_visual_reports_run0/data/output/visual_tests/visual_test_official.pdf
2026-02-02 02:48:24,954 - INFO - 🧹 تنظيف الملفات التالفة في data/input_ft2
2026-02-02 02:48:24,955 - INFO - 🗑️ تم حذف: bad1.txt (فارغ تماماً)
2026-02-02 02:48:24,955 - INFO - ✅ تم تنظيف 1 ملف.
2026-02-02 02:48:24,956 - INFO - فحص الملفات الخام في: data/input_raw
2026-02-02 02:48:24,957 - INFO - 📄 الملف: test_data.csv
2026-02-02 02:48:24,957 - INFO - تم تحليل 6 إدخال من data/input_raw/test_data.csv
2026-02-02 02:48:24,957 - INFO - 📊 عدد الإدخالات: 6
2026-02-02 02:48:24,957 - INFO - 📝 أول 3 عينات:
2026-02-02 02:48:24,957 - INFO -   1: device=130600112764 ts=2024-01-15 08:00:00 temp=5.2
2026-02-02 02:48:24,957 - INFO -   2: device=130600112764 ts=2024-01-15 12:00:00 temp=4.8
2026-02-02 02:48:24,957 - INFO -   3: device=130600112767 ts=2024-01-15 08:00:00 temp=-1.5
2026-02-02 02:48:24,957 - INFO - 📄 الملف: heat_mobile_130600112769.csv
2026-02-02 02:48:24,958 - INFO - تم تحليل 96 إدخال من data/input_raw/heat_mobile_130600112769.csv
2026-02-02 02:48:24,958 - INFO - 📊 عدد الإدخالات: 96
2026-02-02 02:48:24,958 - INFO - 📝 أول 3 عينات:
2026-02-02 02:48:24,958 - INFO -   1: device=130600112769 ts=2026-01-30 12:52:41.975297 temp=11.98
2026-02-02 02:48:24,958 - INFO -   2: device=130600112769 ts=2026-01-30 13:07:41.975297 temp=11.9
2026-02-02 02:48:24,958 - INFO -   3: device=130600112769 ts=2026-01-30 13:22:41.975297 temp=12.72
2026-02-02 02:48:24,959 - INFO - 📄 الملف: freeze_clinic_130600112767.csv
2026-02-02 02:48:24,959 - INFO - تم تحليل 96 إدخال من data/input_raw/freeze_clinic_130600112767.csv
2026-02-02 02:48:24,969 - INFO - 📊 عدد الإدخالات: 96
2026-02-02 02:48:24,970 - INFO - 📝 أول 3 عينات:
2026-02-02 02:48:24,970 - INFO -   1: device=130600112767 ts=2026-01-30 12:52:41.974660 temp=-1.76
2026-02-02 02:48:24,970 - INFO -   2: device=130600112767 ts=2026-01-30 13:07:41.974660 temp=-2.38
2026-02-02 02:48:24,970 - INFO -   3: device=130600112767 ts=2026-01-30 13:22:41.974660 temp=-2.42
2026-02-02 02:48:24,970 - INFO - 📄 الملف: safe_hospital_130600112764.csv
2026-02-02 02:48:24,970 - INFO - تم تحليل 96 إدخال من data/input_raw/safe_hospital_130600112764.csv
2026-02-02 02:48:24,971 - INFO - 📊 عدد الإدخالات: 96
2026-02-02 02:48:24,971 - INFO - 📝 أول 3 عينات:
2026-02-02 02:48:24,971 - INFO -   1: device=130600112764 ts=2026-01-30 12:52:41.973957 temp=4.6
2026-02-02 02:48:24,971 - INFO -   2: device=130600112764 ts=2026-01-30 13:07:41.973957 temp=4.65
2026-02-02 02:48:24,971 - INFO -   3: device=130600112764 ts=2026-01-30 13:22:41.973957 temp=5.29
2026-02-02 02:48:24,973 - INFO - تم ربط 3 إدخال، تم تخطي 1
2026-02-02 02:48:24,974 - INFO - تم ربط 3 إدخال، تم تخطي 1
2026-02-02 02:48:24,987 - INFO - تم ربط 0 إدخال، تم تخطي 2
2026-02-02 02:48:24,988 - INFO - تم ربط 0 إدخال، تم تخطي 0
2026-02-02 02:48:24,990 - INFO - تم ربط 0 إدخال، تم تخطي 4
2026-02-02 02:48:25,006 - INFO - تم تحليل 2 إدخال من /tmp/pytest-of-amer11974/pytest-14/test_parse_valid_csv0/data/test_readings.csv
2026-02-02 02:48:25,258 - WARNING - تنسيق غير معروف في /tmp/pytest-of-amer11974/pytest-14/test_parse_invalid_file0/empty.csv
2026-02-02 02:48:25,258 - INFO - تم تحليل 0 إدخال من /tmp/pytest-of-amer11974/pytest-14/test_parse_invalid_file0/empty.csv
2026-02-02 02:48:25,262 - WARNING - تخطي صف 0 في /tmp/pytest-of-amer11974/pytest-14/test_parse_malformed_rows0/data_malformed/bad_readings.csv: could not convert string to float: 'invalid_temp'
2026-02-02 02:48:25,262 - INFO - تم تحليل 1 إدخال من /tmp/pytest-of-amer11974/pytest-14/test_parse_malformed_rows0/data_malformed/bad_readings.csv
2026-02-02 02:48:25,280 - INFO - 📄 إنشاء تقرير PDF احترافي
2026-02-02 02:48:25,280 - INFO - ==================================================
2026-02-02 02:48:25,280 - ERROR - ❌ ملف التقرير غير موجود: data/output/centers_report.tsv
2026-02-02 02:48:25,280 - INFO - ⚠️  قم بتشغيل النظام أولاً:
2026-02-02 02:48:25,281 - INFO -    python -m scripts.run_ft2_pipeline --legacy
2026-02-02 02:48:25,296 - INFO - 📄 إنشاء تقرير PDF احترافي
2026-02-02 02:48:25,298 - INFO - ==================================================
2026-02-02 02:48:25,298 - INFO - 📊 قراءة البيانات من: data/output/centers_report.tsv
2026-02-02 02:48:25,298 - INFO - 🔄 جاري إنشاء التقرير...
2026-02-02 02:48:25,298 - INFO - 
✅ تم إنشاء التقرير بنجاح!
2026-02-02 02:48:25,310 - INFO - 📍 الموقع: /fake/report.pdf
2026-02-02 02:48:25,363 - INFO - 📂 تم فتح التقرير تلقائياً
2026-02-02 02:48:25,437 - INFO - | Test Scenario             | 5.0°C(1.0h) + 15.0°C(24.0h)                   | 1.0    days | NONE  | NO_DATA                        |
2026-02-02 02:48:27,767 - INFO - Mock data created at: data/output/visual_tests/mock_visual_data.tsv
2026-02-02 02:48:27,767 - INFO - Generating Official Visual Report...
2026-02-02 02:48:27,767 - INFO - Done: /tmp/pytest-of-amer11974/pytest-14/test_verify_visual_reports_run0/data/output/visual_tests/visual_test_official.pdf
2026-02-02 02:48:27,767 - INFO - Generating Technical Visual Report...
2026-02-02 02:48:27,767 - INFO - Done: /tmp/pytest-of-amer11974/pytest-14/test_verify_visual_reports_run0/data/output/visual_tests/visual_test_official.pdf
2026-02-02 02:48:27,767 - INFO - Generating Arabic Visual Report...
2026-02-02 02:48:27,768 - INFO - Done: /tmp/pytest-of-amer11974/pytest-14/test_verify_visual_reports_run0/data/output/visual_tests/visual_test_official.pdf
2026-02-02 02:54:37,322 - INFO - 🧹 تنظيف الملفات التالفة في data/input_ft2
2026-02-02 02:54:37,323 - INFO - 🗑️ تم حذف: bad1.txt (فارغ تماماً)
2026-02-02 02:54:37,323 - INFO - ✅ تم تنظيف 1 ملف.
2026-02-02 02:54:37,324 - INFO - فحص الملفات الخام في: data/input_raw
2026-02-02 02:54:37,325 - INFO - 📄 الملف: test_data.csv
2026-02-02 02:54:37,325 - INFO - تم تحليل 6 إدخال من data/input_raw/test_data.csv
2026-02-02 02:54:37,325 - INFO - 📊 عدد الإدخالات: 6
2026-02-02 02:54:37,325 - INFO - 📝 أول 3 عينات:
2026-02-02 02:54:37,325 - INFO -   1: device=130600112764 ts=2024-01-15 08:00:00 temp=5.2
2026-02-02 02:54:37,325 - INFO -   2: device=130600112764 ts=2024-01-15 12:00:00 temp=4.8
2026-02-02 02:54:37,326 - INFO -   3: device=130600112767 ts=2024-01-15 08:00:00 temp=-1.5
2026-02-02 02:54:37,326 - INFO - 📄 الملف: heat_mobile_130600112769.csv
2026-02-02 02:54:37,327 - INFO - تم تحليل 96 إدخال من data/input_raw/heat_mobile_130600112769.csv
2026-02-02 02:54:37,327 - INFO - 📊 عدد الإدخالات: 96
2026-02-02 02:54:37,327 - INFO - 📝 أول 3 عينات:
2026-02-02 02:54:37,327 - INFO -   1: device=130600112769 ts=2026-01-30 12:52:41.975297 temp=11.98
2026-02-02 02:54:37,327 - INFO -   2: device=130600112769 ts=2026-01-30 13:07:41.975297 temp=11.9
2026-02-02 02:54:37,327 - INFO -   3: device=130600112769 ts=2026-01-30 13:22:41.975297 temp=12.72
2026-02-02 02:54:37,327 - INFO - 📄 الملف: freeze_clinic_130600112767.csv
2026-02-02 02:54:37,328 - INFO - تم تحليل 96 إدخال من data/input_raw/freeze_clinic_130600112767.csv
2026-02-02 02:54:37,328 - INFO - 📊 عدد الإدخالات: 96
2026-02-02 02:54:37,328 - INFO - 📝 أول 3 عينات:
2026-02-02 02:54:37,328 - INFO -   1: device=130600112767 ts=2026-01-30 12:52:41.974660 temp=-1.76
2026-02-02 02:54:37,328 - INFO -   2: device=130600112767 ts=2026-01-30 13:07:41.974660 temp=-2.38
2026-02-02 02:54:37,328 - INFO -   3: device=130600112767 ts=2026-01-30 13:22:41.974660 temp=-2.42
2026-02-02 02:54:37,328 - INFO - 📄 الملف: safe_hospital_130600112764.csv
2026-02-02 02:54:37,329 - INFO - تم تحليل 96 إدخال من data/input_raw/safe_hospital_130600112764.csv
2026-02-02 02:54:37,329 - INFO - 📊 عدد الإدخالات: 96
2026-02-02 02:54:37,329 - INFO - 📝 أول 3 عينات:
2026-02-02 02:54:37,329 - INFO -   1: device=130600112764 ts=2026-01-30 12:52:41.973957 temp=4.6
2026-02-02 02:54:37,329 - INFO -   2: device=130600112764 ts=2026-01-30 13:07:41.973957 temp=4.65
2026-02-02 02:54:37,329 - INFO -   3: device=130600112764 ts=2026-01-30 13:22:41.973957 temp=5.29
2026-02-02 02:54:37,333 - INFO - تم ربط 3 إدخال، تم تخطي 1
2026-02-02 02:54:37,334 - INFO - تم ربط 3 إدخال، تم تخطي 1
2026-02-02 02:54:37,335 - INFO - تم ربط 0 إدخال، تم تخطي 2
2026-02-02 02:54:37,336 - INFO - تم ربط 0 إدخال، تم تخطي 0
2026-02-02 02:54:37,337 - INFO - تم ربط 0 إدخال، تم تخطي 4
2026-02-02 02:54:37,339 - INFO - تم تحليل 2 إدخال من /tmp/pytest-of-amer11974/pytest-15/test_parse_valid_csv0/data/test_readings.csv
2026-02-02 02:54:37,341 - WARNING - تنسيق غير معروف في /tmp/pytest-of-amer11974/pytest-15/test_parse_invalid_file0/empty.csv
2026-02-02 02:54:37,341 - INFO - تم تحليل 0 إدخال من /tmp/pytest-of-amer11974/pytest-15/test_parse_invalid_file0/empty.csv
2026-02-02 02:54:37,498 - WARNING - تخطي صف 0 في /tmp/pytest-of-amer11974/pytest-15/test_parse_malformed_rows0/data_malformed/bad_readings.csv: could not convert string to float: 'invalid_temp'
2026-02-02 02:54:37,499 - INFO - تم تحليل 1 إدخال من /tmp/pytest-of-amer11974/pytest-15/test_parse_malformed_rows0/data_malformed/bad_readings.csv
2026-02-02 02:54:37,540 - INFO - 📄 إنشاء تقرير PDF احترافي
2026-02-02 02:54:37,541 - INFO - ==================================================
2026-02-02 02:54:37,541 - ERROR - ❌ ملف التقرير غير موجود: data/output/centers_report.tsv
2026-02-02 02:54:37,541 - INFO - ⚠️  قم بتشغيل النظام أولاً:
2026-02-02 02:54:37,541 - INFO -    python -m scripts.run_ft2_pipeline --legacy
2026-02-02 02:54:38,152 - INFO - 📄 إنشاء تقرير PDF احترافي
2026-02-02 02:54:38,152 - INFO - ==================================================
2026-02-02 02:54:38,152 - INFO - 📊 قراءة البيانات من: data/output/centers_report.tsv
2026-02-02 02:54:38,153 - INFO - 🔄 جاري إنشاء التقرير...
2026-02-02 02:54:38,153 - INFO - 
✅ تم إنشاء التقرير بنجاح!
2026-02-02 02:54:38,153 - INFO - 📍 الموقع: /fake/report.pdf
2026-02-02 02:54:38,178 - INFO - 📂 تم فتح التقرير تلقائياً
2026-02-02 02:54:38,293 - INFO - | Test Scenario             | 5.0°C(1.0h) + 15.0°C(24.0h)                   | 1.0    days | NONE  | NO_DATA                        |
2026-02-02 02:54:39,173 - INFO - Mock data created at: data/output/visual_tests/mock_visual_data.tsv
2026-02-02 02:54:39,173 - INFO - Generating Official Visual Report...
2026-02-02 02:54:39,174 - INFO - Done: /tmp/pytest-of-amer11974/pytest-15/test_verify_visual_reports_run0/data/output/visual_tests/visual_test_official.pdf
2026-02-02 02:54:39,174 - INFO - Generating Technical Visual Report...
2026-02-02 02:54:39,174 - INFO - Done: /tmp/pytest-of-amer11974/pytest-15/test_verify_visual_reports_run0/data/output/visual_tests/visual_test_official.pdf
2026-02-02 02:54:39,174 - INFO - Generating Arabic Visual Report...
2026-02-02 02:54:39,174 - INFO - Done: /tmp/pytest-of-amer11974/pytest-15/test_verify_visual_reports_run0/data/output/visual_tests/visual_test_official.pdf
2026-02-02 03:00:50,217 - INFO - ✅ تم إنشاء تقرير المراكز: /tmp/pytest-of-amer11974/pytest-16/test_centers_report_snapshot0/centers_report.tsv
2026-02-02 03:00:50,257 - INFO - 🧹 تنظيف الملفات التالفة في data/input_ft2
2026-02-02 03:00:50,257 - INFO - 🗑️ تم حذف: bad1.txt (فارغ تماماً)
2026-02-02 03:00:50,257 - INFO - ✅ تم تنظيف 1 ملف.
2026-02-02 03:00:50,258 - INFO - فحص الملفات الخام في: data/input_raw
2026-02-02 03:00:50,259 - INFO - 📄 الملف: test_data.csv
2026-02-02 03:00:50,259 - INFO - تم تحليل 6 إدخال من data/input_raw/test_data.csv
2026-02-02 03:00:50,259 - INFO - 📊 عدد الإدخالات: 6
2026-02-02 03:00:50,259 - INFO - 📝 أول 3 عينات:
2026-02-02 03:00:50,259 - INFO -   1: device=130600112764 ts=2024-01-15 08:00:00 temp=5.2
2026-02-02 03:00:50,259 - INFO -   2: device=130600112764 ts=2024-01-15 12:00:00 temp=4.8
2026-02-02 03:00:50,260 - INFO -   3: device=130600112767 ts=2024-01-15 08:00:00 temp=-1.5
2026-02-02 03:00:50,260 - INFO - 📄 الملف: heat_mobile_130600112769.csv
2026-02-02 03:00:50,261 - INFO - تم تحليل 96 إدخال من data/input_raw/heat_mobile_130600112769.csv
2026-02-02 03:00:50,261 - INFO - 📊 عدد الإدخالات: 96
2026-02-02 03:00:50,261 - INFO - 📝 أول 3 عينات:
2026-02-02 03:00:50,261 - INFO -   1: device=130600112769 ts=2026-01-30 12:52:41.975297 temp=11.98
2026-02-02 03:00:50,261 - INFO -   2: device=130600112769 ts=2026-01-30 13:07:41.975297 temp=11.9
2026-02-02 03:00:50,261 - INFO -   3: device=130600112769 ts=2026-01-30 13:22:41.975297 temp=12.72
2026-02-02 03:00:50,262 - INFO - 📄 الملف: freeze_clinic_130600112767.csv
2026-02-02 03:00:50,262 - INFO - تم تحليل 96 إدخال من data/input_raw/freeze_clinic_130600112767.csv
2026-02-02 03:00:50,262 - INFO - 📊 عدد الإدخالات: 96
2026-02-02 03:00:50,262 - INFO - 📝 أول 3 عينات:
2026-02-02 03:00:50,262 - INFO -   1: device=130600112767 ts=2026-01-30 12:52:41.974660 temp=-1.76
2026-02-02 03:00:50,263 - INFO -   2: device=130600112767 ts=2026-01-30 13:07:41.974660 temp=-2.38
2026-02-02 03:00:50,263 - INFO -   3: device=130600112767 ts=2026-01-30 13:22:41.974660 temp=-2.42
2026-02-02 03:00:50,263 - INFO - 📄 الملف: safe_hospital_130600112764.csv
2026-02-02 03:00:50,263 - INFO - تم تحليل 96 إدخال من data/input_raw/safe_hospital_130600112764.csv
2026-02-02 03:00:50,263 - INFO - 📊 عدد الإدخالات: 96
2026-02-02 03:00:50,263 - INFO - 📝 أول 3 عينات:
2026-02-02 03:00:50,264 - INFO -   1: device=130600112764 ts=2026-01-30 12:52:41.973957 temp=4.6
2026-02-02 03:00:50,264 - INFO -   2: device=130600112764 ts=2026-01-30 13:07:41.973957 temp=4.65
2026-02-02 03:00:50,264 - INFO -   3: device=130600112764 ts=2026-01-30 13:22:41.973957 temp=5.29
2026-02-02 03:00:50,267 - INFO - تم ربط 3 إدخال، تم تخطي 1
2026-02-02 03:00:50,269 - INFO - تم ربط 3 إدخال، تم تخطي 1
2026-02-02 03:00:50,270 - INFO - تم ربط 0 إدخال، تم تخطي 2
2026-02-02 03:00:50,271 - INFO - تم ربط 0 إدخال، تم تخطي 0
2026-02-02 03:00:50,272 - INFO - تم ربط 0 إدخال، تم تخطي 4
2026-02-02 03:00:50,275 - INFO - تم تحليل 2 إدخال من /tmp/pytest-of-amer11974/pytest-16/test_parse_valid_csv0/data/test_readings.csv
2026-02-02 03:00:50,278 - WARNING - تنسيق غير معروف في /tmp/pytest-of-amer11974/pytest-16/test_parse_invalid_file0/empty.csv
2026-02-02 03:00:50,278 - INFO - تم تحليل 0 إدخال من /tmp/pytest-of-amer11974/pytest-16/test_parse_invalid_file0/empty.csv
2026-02-02 03:00:50,335 - WARNING - تخطي صف 0 في /tmp/pytest-of-amer11974/pytest-16/test_parse_malformed_rows0/data_malformed/bad_readings.csv: could not convert string to float: 'invalid_temp'
2026-02-02 03:00:50,335 - INFO - تم تحليل 1 إدخال من /tmp/pytest-of-amer11974/pytest-16/test_parse_malformed_rows0/data_malformed/bad_readings.csv
2026-02-02 03:00:50,341 - INFO - 📄 إنشاء تقرير PDF احترافي
2026-02-02 03:00:50,342 - INFO - ==================================================
2026-02-02 03:00:50,342 - ERROR - ❌ ملف التقرير غير موجود: data/output/centers_report.tsv
2026-02-02 03:00:50,342 - INFO - ⚠️  قم بتشغيل النظام أولاً:
2026-02-02 03:00:50,342 - INFO -    python -m scripts.run_ft2_pipeline --legacy
2026-02-02 03:00:50,348 - INFO - 📄 إنشاء تقرير PDF احترافي
2026-02-02 03:00:50,348 - INFO - ==================================================
2026-02-02 03:00:50,349 - INFO - 📊 قراءة البيانات من: data/output/centers_report.tsv
2026-02-02 03:00:50,349 - INFO - 🔄 جاري إنشاء التقرير...
2026-02-02 03:00:50,349 - INFO - 
✅ تم إنشاء التقرير بنجاح!
2026-02-02 03:00:50,349 - INFO - 📍 الموقع: /fake/report.pdf
2026-02-02 03:00:50,371 - INFO - 📂 تم فتح التقرير تلقائياً
2026-02-02 03:00:50,397 - INFO - | Test Scenario             | 5.0°C(1.0h) + 15.0°C(24.0h)                   | 1.0    days | NONE  | NO_DATA                        |
2026-02-02 03:00:54,293 - INFO - Mock data created at: data/output/visual_tests/mock_visual_data.tsv
2026-02-02 03:00:54,294 - INFO - Generating Official Visual Report...
2026-02-02 03:00:54,294 - INFO - Done: /tmp/pytest-of-amer11974/pytest-16/test_verify_visual_reports_run0/data/output/visual_tests/visual_test_official.pdf
2026-02-02 03:00:54,294 - INFO - Generating Technical Visual Report...
2026-02-02 03:00:54,294 - INFO - Done: /tmp/pytest-of-amer11974/pytest-16/test_verify_visual_reports_run0/data/output/visual_tests/visual_test_official.pdf
2026-02-02 03:00:54,294 - INFO - Generating Arabic Visual Report...
2026-02-02 03:00:54,294 - INFO - Done: /tmp/pytest-of-amer11974/pytest-16/test_verify_visual_reports_run0/data/output/visual_tests/visual_test_official.pdf
2026-02-02 03:18:23,368 - INFO - ✅ تم إنشاء تقرير المراكز: /tmp/pytest-of-amer11974/pytest-17/test_centers_report_snapshot0/centers_report.tsv
2026-02-02 03:18:23,521 - INFO - 🧹 تنظيف الملفات التالفة في data/input_ft2
2026-02-02 03:18:23,522 - INFO - 🗑️ تم حذف: bad1.txt (فارغ تماماً)
2026-02-02 03:18:23,522 - INFO - ✅ تم تنظيف 1 ملف.
2026-02-02 03:18:23,524 - INFO - فحص الملفات الخام في: data/input_raw
2026-02-02 03:18:23,524 - INFO - 📄 الملف: test_data.csv
2026-02-02 03:18:23,524 - INFO - تم تحليل 6 إدخال من data/input_raw/test_data.csv
2026-02-02 03:18:23,524 - INFO - 📊 عدد الإدخالات: 6
2026-02-02 03:18:23,525 - INFO - 📝 أول 3 عينات:
2026-02-02 03:18:23,525 - INFO -   1: device=130600112764 ts=2024-01-15 08:00:00 temp=5.2
2026-02-02 03:18:23,525 - INFO -   2: device=130600112764 ts=2024-01-15 12:00:00 temp=4.8
2026-02-02 03:18:23,525 - INFO -   3: device=130600112767 ts=2024-01-15 08:00:00 temp=-1.5
2026-02-02 03:18:23,525 - INFO - 📄 الملف: heat_mobile_130600112769.csv
2026-02-02 03:18:23,526 - INFO - تم تحليل 96 إدخال من data/input_raw/heat_mobile_130600112769.csv
2026-02-02 03:18:23,526 - INFO - 📊 عدد الإدخالات: 96
2026-02-02 03:18:23,526 - INFO - 📝 أول 3 عينات:
2026-02-02 03:18:23,526 - INFO -   1: device=130600112769 ts=2026-01-30 12:52:41.975297 temp=11.98
2026-02-02 03:18:23,526 - INFO -   2: device=130600112769 ts=2026-01-30 13:07:41.975297 temp=11.9
2026-02-02 03:18:23,526 - INFO -   3: device=130600112769 ts=2026-01-30 13:22:41.975297 temp=12.72
2026-02-02 03:18:23,526 - INFO - 📄 الملف: freeze_clinic_130600112767.csv
2026-02-02 03:18:23,535 - INFO - تم تحليل 96 إدخال من data/input_raw/freeze_clinic_130600112767.csv
2026-02-02 03:18:23,535 - INFO - 📊 عدد الإدخالات: 96
2026-02-02 03:18:23,535 - INFO - 📝 أول 3 عينات:
2026-02-02 03:18:23,535 - INFO -   1: device=130600112767 ts=2026-01-30 12:52:41.974660 temp=-1.76
2026-02-02 03:18:23,535 - INFO -   2: device=130600112767 ts=2026-01-30 13:07:41.974660 temp=-2.38
2026-02-02 03:18:23,535 - INFO -   3: device=130600112767 ts=2026-01-30 13:22:41.974660 temp=-2.42
2026-02-02 03:18:23,536 - INFO - 📄 الملف: safe_hospital_130600112764.csv
2026-02-02 03:18:23,536 - INFO - تم تحليل 96 إدخال من data/input_raw/safe_hospital_130600112764.csv
2026-02-02 03:18:23,536 - INFO - 📊 عدد الإدخالات: 96
2026-02-02 03:18:23,536 - INFO - 📝 أول 3 عينات:
2026-02-02 03:18:23,537 - INFO -   1: device=130600112764 ts=2026-01-30 12:52:41.973957 temp=4.6
2026-02-02 03:18:23,537 - INFO -   2: device=130600112764 ts=2026-01-30 13:07:41.973957 temp=4.65
2026-02-02 03:18:23,537 - INFO -   3: device=130600112764 ts=2026-01-30 13:22:41.973957 temp=5.29
2026-02-02 03:18:23,539 - INFO - تم ربط 3 إدخال، تم تخطي 1
2026-02-02 03:18:23,541 - INFO - تم ربط 3 إدخال، تم تخطي 1
2026-02-02 03:18:23,552 - INFO - تم ربط 0 إدخال، تم تخطي 2
2026-02-02 03:18:23,553 - INFO - تم ربط 0 إدخال، تم تخطي 0
2026-02-02 03:18:23,555 - INFO - تم ربط 0 إدخال، تم تخطي 4
2026-02-02 03:18:23,632 - INFO - تم تحليل 2 إدخال من /tmp/pytest-of-amer11974/pytest-17/test_parse_valid_csv0/data/test_readings.csv
2026-02-02 03:18:23,724 - WARNING - تنسيق غير معروف في /tmp/pytest-of-amer11974/pytest-17/test_parse_invalid_file0/empty.csv
2026-02-02 03:18:23,724 - INFO - تم تحليل 0 إدخال من /tmp/pytest-of-amer11974/pytest-17/test_parse_invalid_file0/empty.csv
2026-02-02 03:18:23,808 - WARNING - تخطي صف 0 في /tmp/pytest-of-amer11974/pytest-17/test_parse_malformed_rows0/data_malformed/bad_readings.csv: could not convert string to float: 'invalid_temp'
2026-02-02 03:18:23,808 - INFO - تم تحليل 1 إدخال من /tmp/pytest-of-amer11974/pytest-17/test_parse_malformed_rows0/data_malformed/bad_readings.csv
2026-02-02 03:18:23,901 - INFO - 📄 إنشاء تقرير PDF احترافي
2026-02-02 03:18:23,901 - INFO - ==================================================
2026-02-02 03:18:23,901 - ERROR - ❌ ملف التقرير غير موجود: data/output/centers_report.tsv
2026-02-02 03:18:23,901 - INFO - ⚠️  قم بتشغيل النظام أولاً:
2026-02-02 03:18:23,901 - INFO -    python -m scripts.run_ft2_pipeline --legacy
2026-02-02 03:18:24,002 - INFO - 📄 إنشاء تقرير PDF احترافي
2026-02-02 03:18:24,002 - INFO - ==================================================
2026-02-02 03:18:24,002 - INFO - 📊 قراءة البيانات من: data/output/centers_report.tsv
2026-02-02 03:18:24,002 - INFO - 🔄 جاري إنشاء التقرير...
2026-02-02 03:18:24,002 - INFO - 
✅ تم إنشاء التقرير بنجاح!
2026-02-02 03:18:24,003 - INFO - 📍 الموقع: /fake/report.pdf
2026-02-02 03:18:24,562 - INFO - 📂 تم فتح التقرير تلقائياً
2026-02-02 03:18:24,614 - INFO - | Test Scenario             | 5.0°C(1.0h) + 15.0°C(24.0h)                   | 1.0    days | NONE  | NO_DATA                        |
2026-02-02 03:18:27,031 - INFO - Mock data created at: data/output/visual_tests/mock_visual_data.tsv
2026-02-02 03:18:27,032 - INFO - Generating Official Visual Report...
2026-02-02 03:18:27,040 - INFO - Done: /tmp/pytest-of-amer11974/pytest-17/test_verify_visual_reports_run0/data/output/visual_tests/visual_test_official.pdf
2026-02-02 03:18:27,041 - INFO - Generating Technical Visual Report...
2026-02-02 03:18:27,041 - INFO - Done: /tmp/pytest-of-amer11974/pytest-17/test_verify_visual_reports_run0/data/output/visual_tests/visual_test_official.pdf
2026-02-02 03:18:27,041 - INFO - Generating Arabic Visual Report...
2026-02-02 03:18:27,041 - INFO - Done: /tmp/pytest-of-amer11974/pytest-17/test_verify_visual_reports_run0/data/output/visual_tests/visual_test_official.pdf
2026-02-03 04:08:02,267 - INFO - ✅ تم إنشاء تقرير المراكز: /tmp/pytest-of-amer11974/pytest-0/test_centers_report_snapshot0/centers_report.tsv
2026-02-03 04:08:02,585 - INFO - 🧹 تنظيف الملفات التالفة في data/input_ft2
2026-02-03 04:08:02,586 - INFO - 🗑️ تم حذف: bad1.txt (فارغ تماماً)
2026-02-03 04:08:02,586 - INFO - ✅ تم تنظيف 1 ملف.
2026-02-03 04:08:02,587 - INFO - فحص الملفات الخام في: data/input_raw
2026-02-03 04:08:02,587 - INFO - 📄 الملف: test_data.csv
2026-02-03 04:08:02,588 - INFO - تم تحليل 6 إدخال من data/input_raw/test_data.csv
2026-02-03 04:08:02,588 - INFO - 📊 عدد الإدخالات: 6
2026-02-03 04:08:02,588 - INFO - 📝 أول 3 عينات:
2026-02-03 04:08:02,588 - INFO -   1: device=130600112764 ts=2024-01-15 08:00:00 temp=5.2
2026-02-03 04:08:02,588 - INFO -   2: device=130600112764 ts=2024-01-15 12:00:00 temp=4.8
2026-02-03 04:08:02,588 - INFO -   3: device=130600112767 ts=2024-01-15 08:00:00 temp=-1.5
2026-02-03 04:08:02,589 - INFO - 📄 الملف: heat_mobile_130600112769.csv
2026-02-03 04:08:02,589 - INFO - تم تحليل 96 إدخال من data/input_raw/heat_mobile_130600112769.csv
2026-02-03 04:08:02,589 - INFO - 📊 عدد الإدخالات: 96
2026-02-03 04:08:02,589 - INFO - 📝 أول 3 عينات:
2026-02-03 04:08:02,589 - INFO -   1: device=130600112769 ts=2026-01-30 12:52:41.975297 temp=11.98
2026-02-03 04:08:02,590 - INFO -   2: device=130600112769 ts=2026-01-30 13:07:41.975297 temp=11.9
2026-02-03 04:08:02,590 - INFO -   3: device=130600112769 ts=2026-01-30 13:22:41.975297 temp=12.72
2026-02-03 04:08:02,590 - INFO - 📄 الملف: freeze_clinic_130600112767.csv
2026-02-03 04:08:02,590 - INFO - تم تحليل 96 إدخال من data/input_raw/freeze_clinic_130600112767.csv
2026-02-03 04:08:02,590 - INFO - 📊 عدد الإدخالات: 96
2026-02-03 04:08:02,591 - INFO - 📝 أول 3 عينات:
2026-02-03 04:08:02,591 - INFO -   1: device=130600112767 ts=2026-01-30 12:52:41.974660 temp=-1.76
2026-02-03 04:08:02,591 - INFO -   2: device=130600112767 ts=2026-01-30 13:07:41.974660 temp=-2.38
2026-02-03 04:08:02,591 - INFO -   3: device=130600112767 ts=2026-01-30 13:22:41.974660 temp=-2.42
2026-02-03 04:08:02,591 - INFO - 📄 الملف: safe_hospital_130600112764.csv
2026-02-03 04:08:02,592 - INFO - تم تحليل 96 إدخال من data/input_raw/safe_hospital_130600112764.csv
2026-02-03 04:08:02,592 - INFO - 📊 عدد الإدخالات: 96
2026-02-03 04:08:02,592 - INFO - 📝 أول 3 عينات:
2026-02-03 04:08:02,592 - INFO -   1: device=130600112764 ts=2026-01-30 12:52:41.973957 temp=4.6
2026-02-03 04:08:02,592 - INFO -   2: device=130600112764 ts=2026-01-30 13:07:41.973957 temp=4.65
2026-02-03 04:08:02,592 - INFO -   3: device=130600112764 ts=2026-01-30 13:22:41.973957 temp=5.29
2026-02-03 04:08:02,594 - INFO - تم ربط 3 إدخال، تم تخطي 1
2026-02-03 04:08:02,596 - INFO - تم ربط 3 إدخال، تم تخطي 1
2026-02-03 04:08:02,597 - INFO - تم ربط 0 إدخال، تم تخطي 2
2026-02-03 04:08:02,598 - INFO - تم ربط 0 إدخال، تم تخطي 0
2026-02-03 04:08:02,599 - INFO - تم ربط 0 إدخال، تم تخطي 4
2026-02-03 04:08:02,603 - INFO - تم تحليل 2 إدخال من /tmp/pytest-of-amer11974/pytest-0/test_parse_valid_csv0/data/test_readings.csv
2026-02-03 04:08:02,606 - WARNING - تنسيق غير معروف في /tmp/pytest-of-amer11974/pytest-0/test_parse_invalid_file0/empty.csv
2026-02-03 04:08:02,606 - INFO - تم تحليل 0 إدخال من /tmp/pytest-of-amer11974/pytest-0/test_parse_invalid_file0/empty.csv
2026-02-03 04:08:02,609 - WARNING - تخطي صف 0 في /tmp/pytest-of-amer11974/pytest-0/test_parse_malformed_rows0/data_malformed/bad_readings.csv: could not convert string to float: 'invalid_temp'
2026-02-03 04:08:02,609 - INFO - تم تحليل 1 إدخال من /tmp/pytest-of-amer11974/pytest-0/test_parse_malformed_rows0/data_malformed/bad_readings.csv
2026-02-03 04:08:02,616 - INFO - 📄 إنشاء تقرير PDF احترافي
2026-02-03 04:08:02,616 - INFO - ==================================================
2026-02-03 04:08:02,616 - ERROR - ❌ ملف التقرير غير موجود: data/output/centers_report.tsv
2026-02-03 04:08:02,616 - INFO - ⚠️  قم بتشغيل النظام أولاً:
2026-02-03 04:08:02,616 - INFO -    python -m scripts.run_ft2_pipeline --legacy
2026-02-03 04:08:02,654 - INFO - 📄 إنشاء تقرير PDF احترافي
2026-02-03 04:08:02,654 - INFO - ==================================================
2026-02-03 04:08:02,654 - INFO - 📊 قراءة البيانات من: data/output/centers_report.tsv
2026-02-03 04:08:02,655 - INFO - 🔄 جاري إنشاء التقرير...
2026-02-03 04:08:02,655 - INFO - 
✅ تم إنشاء التقرير بنجاح!
2026-02-03 04:08:02,655 - INFO - 📍 الموقع: /fake/report.pdf
2026-02-03 04:08:05,706 - INFO - 📂 تم فتح التقرير تلقائياً
2026-02-03 04:08:05,842 - INFO - | Test Scenario             | 5.0°C(1.0h) + 15.0°C(24.0h)                   | 1.0    days | NONE  | NO_DATA                        |
2026-02-03 04:08:24,003 - INFO - Mock data created at: data/output/visual_tests/mock_visual_data.tsv
2026-02-03 04:08:24,004 - INFO - Generating Official Visual Report...
2026-02-03 04:08:24,004 - INFO - Done: /tmp/pytest-of-amer11974/pytest-0/test_verify_visual_reports_run0/data/output/visual_tests/visual_test_official.pdf
2026-02-03 04:08:24,005 - INFO - Generating Technical Visual Report...
2026-02-03 04:08:24,005 - INFO - Done: /tmp/pytest-of-amer11974/pytest-0/test_verify_visual_reports_run0/data/output/visual_tests/visual_test_official.pdf
2026-02-03 04:08:24,005 - INFO - Generating Arabic Visual Report...
2026-02-03 04:08:24,005 - INFO - Done: /tmp/pytest-of-amer11974/pytest-0/test_verify_visual_reports_run0/data/output/visual_tests/visual_test_official.pdf
2026-02-03 04:44:00,718 - INFO - 🧹 تنظيف الملفات التالفة في data/input_ft2
2026-02-03 04:44:01,209 - INFO - 🗑️ تم حذف: bad1.txt (فارغ تماماً)
2026-02-03 04:44:01,209 - INFO - ✅ تم تنظيف 1 ملف.
2026-02-03 04:44:01,211 - INFO - فحص الملفات الخام في: data/input_raw
2026-02-03 04:44:01,211 - INFO - 📄 الملف: test_data.csv
2026-02-03 04:44:01,356 - INFO - تم تحليل 6 إدخال من data/input_raw/test_data.csv
2026-02-03 04:44:01,356 - INFO - 📊 عدد الإدخالات: 6
2026-02-03 04:44:01,357 - INFO - 📝 أول 3 عينات:
2026-02-03 04:44:01,357 - INFO -   1: device=130600112764 ts=2024-01-15 08:00:00 temp=5.2
2026-02-03 04:44:01,357 - INFO -   2: device=130600112764 ts=2024-01-15 12:00:00 temp=4.8
2026-02-03 04:44:01,357 - INFO -   3: device=130600112767 ts=2024-01-15 08:00:00 temp=-1.5
2026-02-03 04:44:01,357 - INFO - 📄 الملف: heat_mobile_130600112769.csv
2026-02-03 04:44:01,480 - INFO - تم تحليل 96 إدخال من data/input_raw/heat_mobile_130600112769.csv
2026-02-03 04:44:01,480 - INFO - 📊 عدد الإدخالات: 96
2026-02-03 04:44:01,480 - INFO - 📝 أول 3 عينات:
2026-02-03 04:44:01,481 - INFO -   1: device=130600112769 ts=2026-01-30 12:52:41.975297 temp=11.98
2026-02-03 04:44:01,481 - INFO -   2: device=130600112769 ts=2026-01-30 13:07:41.975297 temp=11.9
2026-02-03 04:44:01,481 - INFO -   3: device=130600112769 ts=2026-01-30 13:22:41.975297 temp=12.72
2026-02-03 04:44:01,481 - INFO - 📄 الملف: freeze_clinic_130600112767.csv
2026-02-03 04:44:01,534 - INFO - تم تحليل 96 إدخال من data/input_raw/freeze_clinic_130600112767.csv
2026-02-03 04:44:01,535 - INFO - 📊 عدد الإدخالات: 96
2026-02-03 04:44:01,535 - INFO - 📝 أول 3 عينات:
2026-02-03 04:44:01,535 - INFO -   1: device=130600112767 ts=2026-01-30 12:52:41.974660 temp=-1.76
2026-02-03 04:44:01,535 - INFO -   2: device=130600112767 ts=2026-01-30 13:07:41.974660 temp=-2.38
2026-02-03 04:44:01,535 - INFO -   3: device=130600112767 ts=2026-01-30 13:22:41.974660 temp=-2.42
2026-02-03 04:44:01,535 - INFO - 📄 الملف: safe_hospital_130600112764.csv
2026-02-03 04:44:01,565 - INFO - تم تحليل 96 إدخال من data/input_raw/safe_hospital_130600112764.csv
2026-02-03 04:44:01,566 - INFO - 📊 عدد الإدخالات: 96
2026-02-03 04:44:01,566 - INFO - 📝 أول 3 عينات:
2026-02-03 04:44:01,566 - INFO -   1: device=130600112764 ts=2026-01-30 12:52:41.973957 temp=4.6
2026-02-03 04:44:01,566 - INFO -   2: device=130600112764 ts=2026-01-30 13:07:41.973957 temp=4.65
2026-02-03 04:44:01,566 - INFO -   3: device=130600112764 ts=2026-01-30 13:22:41.973957 temp=5.29
2026-02-03 04:44:01,568 - INFO - تم ربط 3 إدخال، تم تخطي 1
2026-02-03 04:44:01,569 - INFO - تم ربط 3 إدخال، تم تخطي 1
2026-02-03 04:44:01,571 - INFO - تم ربط 0 إدخال، تم تخطي 2
2026-02-03 04:44:01,572 - INFO - تم ربط 0 إدخال، تم تخطي 0
2026-02-03 04:44:01,573 - INFO - تم ربط 0 إدخال، تم تخطي 4
2026-02-03 04:44:01,577 - INFO - تم تحليل 2 إدخال من /tmp/pytest-of-amer11974/pytest-1/test_parse_valid_csv0/data/test_readings.csv
2026-02-03 04:44:01,579 - WARNING - تنسيق غير معروف في /tmp/pytest-of-amer11974/pytest-1/test_parse_invalid_file0/empty.csv
2026-02-03 04:44:01,579 - INFO - تم تحليل 0 إدخال من /tmp/pytest-of-amer11974/pytest-1/test_parse_invalid_file0/empty.csv
2026-02-03 04:44:01,591 - WARNING - تخطي صف 0 في /tmp/pytest-of-amer11974/pytest-1/test_parse_malformed_rows0/data_malformed/bad_readings.csv: could not convert string to float: 'invalid_temp'
2026-02-03 04:44:01,591 - INFO - تم تحليل 1 إدخال من /tmp/pytest-of-amer11974/pytest-1/test_parse_malformed_rows0/data_malformed/bad_readings.csv
2026-02-03 04:44:01,608 - INFO - 📄 إنشاء تقرير PDF احترافي
2026-02-03 04:44:01,608 - INFO - ==================================================
2026-02-03 04:44:01,608 - ERROR - ❌ ملف التقرير غير موجود: data/output/centers_report.tsv
2026-02-03 04:44:01,608 - INFO - ⚠️  قم بتشغيل النظام أولاً:
2026-02-03 04:44:01,608 - INFO -    python -m scripts.run_ft2_pipeline --legacy
2026-02-03 04:44:01,661 - INFO - 📄 إنشاء تقرير PDF احترافي
2026-02-03 04:44:01,662 - INFO - ==================================================
2026-02-03 04:44:01,662 - INFO - 📊 قراءة البيانات من: data/output/centers_report.tsv
2026-02-03 04:44:01,662 - INFO - 🔄 جاري إنشاء التقرير...
2026-02-03 04:44:01,662 - INFO - 
✅ تم إنشاء التقرير بنجاح!
2026-02-03 04:44:01,662 - INFO - 📍 الموقع: /fake/report.pdf
2026-02-03 04:44:04,906 - INFO - 📂 تم فتح التقرير تلقائياً
2026-02-03 04:44:05,225 - INFO - | Test Scenario             | 5.0°C(1.0h) + 15.0°C(24.0h)                   | 1.0    days | NONE  | NO_DATA                        |
2026-02-03 04:44:21,804 - INFO - Mock data created at: data/output/visual_tests/mock_visual_data.tsv
2026-02-03 04:44:21,804 - INFO - Generating Official Visual Report...
2026-02-03 04:44:21,805 - INFO - Done: /tmp/pytest-of-amer11974/pytest-1/test_verify_visual_reports_run0/data/output/visual_tests/visual_test_official.pdf
2026-02-03 04:44:21,805 - INFO - Generating Technical Visual Report...
2026-02-03 04:44:21,805 - INFO - Done: /tmp/pytest-of-amer11974/pytest-1/test_verify_visual_reports_run0/data/output/visual_tests/visual_test_official.pdf
2026-02-03 04:44:21,809 - INFO - Generating Arabic Visual Report...
2026-02-03 04:44:21,809 - INFO - Done: /tmp/pytest-of-amer11974/pytest-1/test_verify_visual_reports_run0/data/output/visual_tests/visual_test_official.pdf
2026-02-03 15:54:13,757 - INFO - 🧹 تنظيف الملفات التالفة في data/input_ft2
2026-02-03 15:54:14,053 - INFO - 🗑️ تم حذف: bad1.txt (فارغ تماماً)
2026-02-03 15:54:14,053 - INFO - ✅ تم تنظيف 1 ملف.
2026-02-03 15:54:14,055 - INFO - فحص الملفات الخام في: data/input_raw
2026-02-03 15:54:14,055 - INFO - 📄 الملف: test_data.csv
2026-02-03 15:54:14,055 - INFO - تم تحليل 6 إدخال من data/input_raw/test_data.csv
2026-02-03 15:54:14,056 - INFO - 📊 عدد الإدخالات: 6
2026-02-03 15:54:14,056 - INFO - 📝 أول 3 عينات:
2026-02-03 15:54:14,056 - INFO -   1: device=130600112764 ts=2024-01-15 08:00:00 temp=5.2
2026-02-03 15:54:14,056 - INFO -   2: device=130600112764 ts=2024-01-15 12:00:00 temp=4.8
2026-02-03 15:54:14,056 - INFO -   3: device=130600112767 ts=2024-01-15 08:00:00 temp=-1.5
2026-02-03 15:54:14,056 - INFO - 📄 الملف: heat_mobile_130600112769.csv
2026-02-03 15:54:14,066 - INFO - تم تحليل 96 إدخال من data/input_raw/heat_mobile_130600112769.csv
2026-02-03 15:54:14,066 - INFO - 📊 عدد الإدخالات: 96
2026-02-03 15:54:14,067 - INFO - 📝 أول 3 عينات:
2026-02-03 15:54:14,067 - INFO -   1: device=130600112769 ts=2026-01-30 12:52:41.975297 temp=11.98
2026-02-03 15:54:14,067 - INFO -   2: device=130600112769 ts=2026-01-30 13:07:41.975297 temp=11.9
2026-02-03 15:54:14,067 - INFO -   3: device=130600112769 ts=2026-01-30 13:22:41.975297 temp=12.72
2026-02-03 15:54:14,067 - INFO - 📄 الملف: freeze_clinic_130600112767.csv
2026-02-03 15:54:14,068 - INFO - تم تحليل 96 إدخال من data/input_raw/freeze_clinic_130600112767.csv
2026-02-03 15:54:14,069 - INFO - 📊 عدد الإدخالات: 96
2026-02-03 15:54:14,069 - INFO - 📝 أول 3 عينات:
2026-02-03 15:54:14,069 - INFO -   1: device=130600112767 ts=2026-01-30 12:52:41.974660 temp=-1.76
2026-02-03 15:54:14,069 - INFO -   2: device=130600112767 ts=2026-01-30 13:07:41.974660 temp=-2.38
2026-02-03 15:54:14,069 - INFO -   3: device=130600112767 ts=2026-01-30 13:22:41.974660 temp=-2.42
2026-02-03 15:54:14,069 - INFO - 📄 الملف: safe_hospital_130600112764.csv
2026-02-03 15:54:14,070 - INFO - تم تحليل 96 إدخال من data/input_raw/safe_hospital_130600112764.csv
2026-02-03 15:54:14,070 - INFO - 📊 عدد الإدخالات: 96
2026-02-03 15:54:14,070 - INFO - 📝 أول 3 عينات:
2026-02-03 15:54:14,071 - INFO -   1: device=130600112764 ts=2026-01-30 12:52:41.973957 temp=4.6
2026-02-03 15:54:14,071 - INFO -   2: device=130600112764 ts=2026-01-30 13:07:41.973957 temp=4.65
2026-02-03 15:54:14,071 - INFO -   3: device=130600112764 ts=2026-01-30 13:22:41.973957 temp=5.29
2026-02-03 15:54:14,072 - INFO - تم ربط 3 إدخال، تم تخطي 1
2026-02-03 15:54:14,073 - INFO - تم ربط 3 إدخال، تم تخطي 1
2026-02-03 15:54:14,074 - INFO - تم ربط 0 إدخال، تم تخطي 2
2026-02-03 15:54:14,076 - INFO - تم ربط 0 إدخال، تم تخطي 0
2026-02-03 15:54:14,077 - INFO - تم ربط 0 إدخال، تم تخطي 4
2026-02-03 15:54:14,085 - INFO - تم تحليل 2 إدخال من /tmp/pytest-of-amer11974/pytest-0/test_parse_valid_csv0/data/test_readings.csv
2026-02-03 15:54:14,088 - WARNING - تنسيق غير معروف في /tmp/pytest-of-amer11974/pytest-0/test_parse_invalid_file0/empty.csv
2026-02-03 15:54:14,089 - INFO - تم تحليل 0 إدخال من /tmp/pytest-of-amer11974/pytest-0/test_parse_invalid_file0/empty.csv
2026-02-03 15:54:14,111 - WARNING - تخطي صف 0 في /tmp/pytest-of-amer11974/pytest-0/test_parse_malformed_rows0/data_malformed/bad_readings.csv: could not convert string to float: 'invalid_temp'
2026-02-03 15:54:14,111 - INFO - تم تحليل 1 إدخال من /tmp/pytest-of-amer11974/pytest-0/test_parse_malformed_rows0/data_malformed/bad_readings.csv
2026-02-03 15:54:14,131 - INFO - 📄 إنشاء تقرير PDF احترافي
2026-02-03 15:54:14,132 - INFO - ==================================================
2026-02-03 15:54:14,132 - ERROR - ❌ ملف التقرير غير موجود: data/output/centers_report.tsv
2026-02-03 15:54:14,132 - INFO - ⚠️  قم بتشغيل النظام أولاً:
2026-02-03 15:54:14,132 - INFO -    python -m scripts.run_ft2_pipeline --legacy
2026-02-03 15:54:14,187 - INFO - 📄 إنشاء تقرير PDF احترافي
2026-02-03 15:54:14,187 - INFO - ==================================================
2026-02-03 15:54:14,187 - INFO - 📊 قراءة البيانات من: data/output/centers_report.tsv
2026-02-03 15:54:14,188 - INFO - 🔄 جاري إنشاء التقرير...
2026-02-03 15:54:14,188 - INFO - 
✅ تم إنشاء التقرير بنجاح!
2026-02-03 15:54:14,188 - INFO - 📍 الموقع: /fake/report.pdf
2026-02-03 15:54:15,949 - INFO - 📂 تم فتح التقرير تلقائياً
2026-02-03 15:54:16,117 - INFO - | Test Scenario             | 5.0°C(1.0h) + 15.0°C(24.0h)                   | 1.0    days | NONE  | NO_DATA                        |
2026-02-03 15:54:16,229 - INFO - Mock data created at: data/output/visual_tests/mock_visual_data.tsv
2026-02-03 15:54:16,230 - INFO - Generating Official Visual Report...
2026-02-03 15:54:16,230 - INFO - Done: /tmp/pytest-of-amer11974/pytest-0/test_verify_visual_reports_run0/data/output/visual_tests/visual_test_official.pdf
2026-02-03 15:54:16,230 - INFO - Generating Technical Visual Report...
2026-02-03 15:54:16,230 - INFO - Done: /tmp/pytest-of-amer11974/pytest-0/test_verify_visual_reports_run0/data/output/visual_tests/visual_test_official.pdf
2026-02-03 15:54:16,230 - INFO - Generating Arabic Visual Report...
2026-02-03 15:54:16,230 - INFO - Done: /tmp/pytest-of-amer11974/pytest-0/test_verify_visual_reports_run0/data/output/visual_tests/visual_test_official.pdf
2026-02-03 15:54:42,333 - INFO - ✅ تم إنشاء تقرير المراكز: /tmp/pytest-of-amer11974/pytest-1/test_centers_report_snapshot0/centers_report.tsv
2026-02-03 15:54:42,433 - INFO - 🧹 تنظيف الملفات التالفة في data/input_ft2
2026-02-03 15:54:42,434 - INFO - 🗑️ تم حذف: bad1.txt (فارغ تماماً)
2026-02-03 15:54:42,434 - INFO - ✅ تم تنظيف 1 ملف.
2026-02-03 15:54:42,436 - INFO - فحص الملفات الخام في: data/input_raw
2026-02-03 15:54:42,436 - INFO - 📄 الملف: test_data.csv
2026-02-03 15:54:42,436 - INFO - تم تحليل 6 إدخال من data/input_raw/test_data.csv
2026-02-03 15:54:42,436 - INFO - 📊 عدد الإدخالات: 6
2026-02-03 15:54:42,436 - INFO - 📝 أول 3 عينات:
2026-02-03 15:54:42,437 - INFO -   1: device=130600112764 ts=2024-01-15 08:00:00 temp=5.2
2026-02-03 15:54:42,437 - INFO -   2: device=130600112764 ts=2024-01-15 12:00:00 temp=4.8
2026-02-03 15:54:42,437 - INFO -   3: device=130600112767 ts=2024-01-15 08:00:00 temp=-1.5
2026-02-03 15:54:42,437 - INFO - 📄 الملف: heat_mobile_130600112769.csv
2026-02-03 15:54:42,437 - INFO - تم تحليل 96 إدخال من data/input_raw/heat_mobile_130600112769.csv
2026-02-03 15:54:42,438 - INFO - 📊 عدد الإدخالات: 96
2026-02-03 15:54:42,438 - INFO - 📝 أول 3 عينات:
2026-02-03 15:54:42,438 - INFO -   1: device=130600112769 ts=2026-01-30 12:52:41.975297 temp=11.98
2026-02-03 15:54:42,438 - INFO -   2: device=130600112769 ts=2026-01-30 13:07:41.975297 temp=11.9
2026-02-03 15:54:42,438 - INFO -   3: device=130600112769 ts=2026-01-30 13:22:41.975297 temp=12.72
2026-02-03 15:54:42,438 - INFO - 📄 الملف: freeze_clinic_130600112767.csv
2026-02-03 15:54:42,439 - INFO - تم تحليل 96 إدخال من data/input_raw/freeze_clinic_130600112767.csv
2026-02-03 15:54:42,439 - INFO - 📊 عدد الإدخالات: 96
2026-02-03 15:54:42,439 - INFO - 📝 أول 3 عينات:
2026-02-03 15:54:42,439 - INFO -   1: device=130600112767 ts=2026-01-30 12:52:41.974660 temp=-1.76
2026-02-03 15:54:42,439 - INFO -   2: device=130600112767 ts=2026-01-30 13:07:41.974660 temp=-2.38
2026-02-03 15:54:42,439 - INFO -   3: device=130600112767 ts=2026-01-30 13:22:41.974660 temp=-2.42
2026-02-03 15:54:42,440 - INFO - 📄 الملف: safe_hospital_130600112764.csv
2026-02-03 15:54:42,440 - INFO - تم تحليل 96 إدخال من data/input_raw/safe_hospital_130600112764.csv
2026-02-03 15:54:42,440 - INFO - 📊 عدد الإدخالات: 96
2026-02-03 15:54:42,441 - INFO - 📝 أول 3 عينات:
2026-02-03 15:54:42,441 - INFO -   1: device=130600112764 ts=2026-01-30 12:52:41.973957 temp=4.6
2026-02-03 15:54:42,441 - INFO -   2: device=130600112764 ts=2026-01-30 13:07:41.973957 temp=4.65
2026-02-03 15:54:42,441 - INFO -   3: device=130600112764 ts=2026-01-30 13:22:41.973957 temp=5.29
2026-02-03 15:54:42,444 - INFO - تم ربط 3 إدخال، تم تخطي 1
2026-02-03 15:54:42,447 - INFO - تم ربط 3 إدخال، تم تخطي 1
2026-02-03 15:54:42,449 - INFO - تم ربط 0 إدخال، تم تخطي 2
2026-02-03 15:54:42,450 - INFO - تم ربط 0 إدخال، تم تخطي 0
2026-02-03 15:54:42,452 - INFO - تم ربط 0 إدخال، تم تخطي 4
2026-02-03 15:54:42,456 - INFO - تم تحليل 2 إدخال من /tmp/pytest-of-amer11974/pytest-1/test_parse_valid_csv0/data/test_readings.csv
2026-02-03 15:54:42,464 - WARNING - تنسيق غير معروف في /tmp/pytest-of-amer11974/pytest-1/test_parse_invalid_file0/empty.csv
2026-02-03 15:54:42,465 - INFO - تم تحليل 0 إدخال من /tmp/pytest-of-amer11974/pytest-1/test_parse_invalid_file0/empty.csv
2026-02-03 15:54:42,472 - WARNING - تخطي صف 0 في /tmp/pytest-of-amer11974/pytest-1/test_parse_malformed_rows0/data_malformed/bad_readings.csv: could not convert string to float: 'invalid_temp'
2026-02-03 15:54:42,472 - INFO - تم تحليل 1 إدخال من /tmp/pytest-of-amer11974/pytest-1/test_parse_malformed_rows0/data_malformed/bad_readings.csv
2026-02-03 15:54:42,477 - INFO - 📄 إنشاء تقرير PDF احترافي
2026-02-03 15:54:42,478 - INFO - ==================================================
2026-02-03 15:54:42,478 - ERROR - ❌ ملف التقرير غير موجود: data/output/centers_report.tsv
2026-02-03 15:54:42,478 - INFO - ⚠️  قم بتشغيل النظام أولاً:
2026-02-03 15:54:42,478 - INFO -    python -m scripts.run_ft2_pipeline --legacy
2026-02-03 15:54:42,485 - INFO - 📄 إنشاء تقرير PDF احترافي
2026-02-03 15:54:42,485 - INFO - ==================================================
2026-02-03 15:54:42,485 - INFO - 📊 قراءة البيانات من: data/output/centers_report.tsv
2026-02-03 15:54:42,485 - INFO - 🔄 جاري إنشاء التقرير...
2026-02-03 15:54:42,485 - INFO - 
✅ تم إنشاء التقرير بنجاح!
2026-02-03 15:54:42,490 - INFO - 📍 الموقع: /fake/report.pdf
2026-02-03 15:54:42,520 - INFO - 📂 تم فتح التقرير تلقائياً
2026-02-03 15:54:42,551 - INFO - | Test Scenario             | 5.0°C(1.0h) + 15.0°C(24.0h)                   | 1.0    days | NONE  | NO_DATA                        |
2026-02-03 15:54:48,905 - INFO - Mock data created at: data/output/visual_tests/mock_visual_data.tsv
2026-02-03 15:54:48,906 - INFO - Generating Official Visual Report...
2026-02-03 15:54:48,906 - INFO - Done: /tmp/pytest-of-amer11974/pytest-1/test_verify_visual_reports_run0/data/output/visual_tests/visual_test_official.pdf
2026-02-03 15:54:48,906 - INFO - Generating Technical Visual Report...
2026-02-03 15:54:48,907 - INFO - Done: /tmp/pytest-of-amer11974/pytest-1/test_verify_visual_reports_run0/data/output/visual_tests/visual_test_official.pdf
2026-02-03 15:54:48,907 - INFO - Generating Arabic Visual Report...
2026-02-03 15:54:48,907 - INFO - Done: /tmp/pytest-of-amer11974/pytest-1/test_verify_visual_reports_run0/data/output/visual_tests/visual_test_official.pdf
2026-02-03 15:56:55,447 - INFO - ✅ تم إنشاء تقرير المراكز: /tmp/pytest-of-amer11974/pytest-2/test_centers_report_snapshot0/centers_report.tsv
2026-02-03 15:56:55,510 - INFO - 🧹 تنظيف الملفات التالفة في data/input_ft2
2026-02-03 15:56:55,511 - INFO - 🗑️ تم حذف: bad1.txt (فارغ تماماً)
2026-02-03 15:56:55,511 - INFO - ✅ تم تنظيف 1 ملف.
2026-02-03 15:56:55,514 - INFO - فحص الملفات الخام في: data/input_raw
2026-02-03 15:56:55,514 - INFO - 📄 الملف: test_data.csv
2026-02-03 15:56:55,515 - INFO - تم تحليل 6 إدخال من data/input_raw/test_data.csv
2026-02-03 15:56:55,518 - INFO - 📊 عدد الإدخالات: 6
2026-02-03 15:56:55,518 - INFO - 📝 أول 3 عينات:
2026-02-03 15:56:55,519 - INFO -   1: device=130600112764 ts=2024-01-15 08:00:00 temp=5.2
2026-02-03 15:56:55,519 - INFO -   2: device=130600112764 ts=2024-01-15 12:00:00 temp=4.8
2026-02-03 15:56:55,519 - INFO -   3: device=130600112767 ts=2024-01-15 08:00:00 temp=-1.5
2026-02-03 15:56:55,519 - INFO - 📄 الملف: heat_mobile_130600112769.csv
2026-02-03 15:56:55,519 - INFO - تم تحليل 96 إدخال من data/input_raw/heat_mobile_130600112769.csv
2026-02-03 15:56:55,520 - INFO - 📊 عدد الإدخالات: 96
2026-02-03 15:56:55,520 - INFO - 📝 أول 3 عينات:
2026-02-03 15:56:55,520 - INFO -   1: device=130600112769 ts=2026-01-30 12:52:41.975297 temp=11.98
2026-02-03 15:56:55,520 - INFO -   2: device=130600112769 ts=2026-01-30 13:07:41.975297 temp=11.9
2026-02-03 15:56:55,520 - INFO -   3: device=130600112769 ts=2026-01-30 13:22:41.975297 temp=12.72
2026-02-03 15:56:55,520 - INFO - 📄 الملف: freeze_clinic_130600112767.csv
2026-02-03 15:56:55,521 - INFO - تم تحليل 96 إدخال من data/input_raw/freeze_clinic_130600112767.csv
2026-02-03 15:56:55,521 - INFO - 📊 عدد الإدخالات: 96
2026-02-03 15:56:55,521 - INFO - 📝 أول 3 عينات:
2026-02-03 15:56:55,521 - INFO -   1: device=130600112767 ts=2026-01-30 12:52:41.974660 temp=-1.76
2026-02-03 15:56:55,521 - INFO -   2: device=130600112767 ts=2026-01-30 13:07:41.974660 temp=-2.38
2026-02-03 15:56:55,521 - INFO -   3: device=130600112767 ts=2026-01-30 13:22:41.974660 temp=-2.42
2026-02-03 15:56:55,521 - INFO - 📄 الملف: safe_hospital_130600112764.csv
2026-02-03 15:56:55,522 - INFO - تم تحليل 96 إدخال من data/input_raw/safe_hospital_130600112764.csv
2026-02-03 15:56:55,522 - INFO - 📊 عدد الإدخالات: 96
2026-02-03 15:56:55,522 - INFO - 📝 أول 3 عينات:
2026-02-03 15:56:55,522 - INFO -   1: device=130600112764 ts=2026-01-30 12:52:41.973957 temp=4.6
2026-02-03 15:56:55,522 - INFO -   2: device=130600112764 ts=2026-01-30 13:07:41.973957 temp=4.65
2026-02-03 15:56:55,522 - INFO -   3: device=130600112764 ts=2026-01-30 13:22:41.973957 temp=5.29
2026-02-03 15:56:55,524 - INFO - تم ربط 3 إدخال، تم تخطي 1
2026-02-03 15:56:55,525 - INFO - تم ربط 3 إدخال، تم تخطي 1
2026-02-03 15:56:55,526 - INFO - تم ربط 0 إدخال، تم تخطي 2
2026-02-03 15:56:55,527 - INFO - تم ربط 0 إدخال، تم تخطي 0
2026-02-03 15:56:55,528 - INFO - تم ربط 0 إدخال، تم تخطي 4
2026-02-03 15:56:55,533 - INFO - تم تحليل 2 إدخال من /tmp/pytest-of-amer11974/pytest-2/test_parse_valid_csv0/data/test_readings.csv
2026-02-03 15:56:55,538 - WARNING - تنسيق غير معروف في /tmp/pytest-of-amer11974/pytest-2/test_parse_invalid_file0/empty.csv
2026-02-03 15:56:55,538 - INFO - تم تحليل 0 إدخال من /tmp/pytest-of-amer11974/pytest-2/test_parse_invalid_file0/empty.csv
2026-02-03 15:56:55,552 - WARNING - تخطي صف 0 في /tmp/pytest-of-amer11974/pytest-2/test_parse_malformed_rows0/data_malformed/bad_readings.csv: could not convert string to float: 'invalid_temp'
2026-02-03 15:56:55,553 - INFO - تم تحليل 1 إدخال من /tmp/pytest-of-amer11974/pytest-2/test_parse_malformed_rows0/data_malformed/bad_readings.csv
2026-02-03 15:56:55,563 - INFO - 📄 إنشاء تقرير PDF احترافي
2026-02-03 15:56:55,564 - INFO - ==================================================
2026-02-03 15:56:55,565 - ERROR - ❌ ملف التقرير غير موجود: data/output/centers_report.tsv
2026-02-03 15:56:55,566 - INFO - ⚠️  قم بتشغيل النظام أولاً:
2026-02-03 15:56:55,566 - INFO -    python -m scripts.run_ft2_pipeline --legacy
2026-02-03 15:56:55,576 - INFO - 📄 إنشاء تقرير PDF احترافي
2026-02-03 15:56:55,577 - INFO - ==================================================
2026-02-03 15:56:55,577 - INFO - 📊 قراءة البيانات من: data/output/centers_report.tsv
2026-02-03 15:56:55,577 - INFO - 🔄 جاري إنشاء التقرير...
2026-02-03 15:56:55,577 - INFO - 
✅ تم إنشاء التقرير بنجاح!
2026-02-03 15:56:55,577 - INFO - 📍 الموقع: /fake/report.pdf
2026-02-03 15:56:55,604 - INFO - 📂 تم فتح التقرير تلقائياً
2026-02-03 15:56:55,650 - INFO - | Test Scenario             | 5.0°C(1.0h) + 15.0°C(24.0h)                   | 1.0    days | NONE  | NO_DATA                        |
2026-02-03 15:57:01,000 - INFO - Mock data created at: data/output/visual_tests/mock_visual_data.tsv
2026-02-03 15:57:01,001 - INFO - Generating Official Visual Report...
2026-02-03 15:57:01,001 - INFO - Done: /tmp/pytest-of-amer11974/pytest-2/test_verify_visual_reports_run0/data/output/visual_tests/visual_test_official.pdf
2026-02-03 15:57:01,001 - INFO - Generating Technical Visual Report...
2026-02-03 15:57:01,001 - INFO - Done: /tmp/pytest-of-amer11974/pytest-2/test_verify_visual_reports_run0/data/output/visual_tests/visual_test_official.pdf
2026-02-03 15:57:01,001 - INFO - Generating Arabic Visual Report...
2026-02-03 15:57:01,001 - INFO - Done: /tmp/pytest-of-amer11974/pytest-2/test_verify_visual_reports_run0/data/output/visual_tests/visual_test_official.pdf
2026-02-03 16:02:37,547 - INFO - ✅ تم إنشاء تقرير المراكز: /tmp/pytest-of-amer11974/pytest-3/test_centers_report_snapshot0/centers_report.tsv
2026-02-03 16:02:37,587 - INFO - 🧹 تنظيف الملفات التالفة في data/input_ft2
2026-02-03 16:02:37,588 - INFO - 🗑️ تم حذف: bad1.txt (فارغ تماماً)
2026-02-03 16:02:37,588 - INFO - ✅ تم تنظيف 1 ملف.
2026-02-03 16:02:37,591 - INFO - فحص الملفات الخام في: data/input_raw
2026-02-03 16:02:37,592 - INFO - 📄 الملف: test_data.csv
2026-02-03 16:02:37,592 - INFO - تم تحليل 6 إدخال من data/input_raw/test_data.csv
2026-02-03 16:02:37,593 - INFO - 📊 عدد الإدخالات: 6
2026-02-03 16:02:37,593 - INFO - 📝 أول 3 عينات:
2026-02-03 16:02:37,593 - INFO -   1: device=130600112764 ts=2024-01-15 08:00:00 temp=5.2
2026-02-03 16:02:37,593 - INFO -   2: device=130600112764 ts=2024-01-15 12:00:00 temp=4.8
2026-02-03 16:02:37,594 - INFO -   3: device=130600112767 ts=2024-01-15 08:00:00 temp=-1.5
2026-02-03 16:02:37,594 - INFO - 📄 الملف: heat_mobile_130600112769.csv
2026-02-03 16:02:37,597 - INFO - تم تحليل 96 إدخال من data/input_raw/heat_mobile_130600112769.csv
2026-02-03 16:02:37,597 - INFO - 📊 عدد الإدخالات: 96
2026-02-03 16:02:37,597 - INFO - 📝 أول 3 عينات:
2026-02-03 16:02:37,597 - INFO -   1: device=130600112769 ts=2026-01-30 12:52:41.975297 temp=11.98
2026-02-03 16:02:37,597 - INFO -   2: device=130600112769 ts=2026-01-30 13:07:41.975297 temp=11.9
2026-02-03 16:02:37,597 - INFO -   3: device=130600112769 ts=2026-01-30 13:22:41.975297 temp=12.72
2026-02-03 16:02:37,597 - INFO - 📄 الملف: freeze_clinic_130600112767.csv
2026-02-03 16:02:37,598 - INFO - تم تحليل 96 إدخال من data/input_raw/freeze_clinic_130600112767.csv
2026-02-03 16:02:37,598 - INFO - 📊 عدد الإدخالات: 96
2026-02-03 16:02:37,598 - INFO - 📝 أول 3 عينات:
2026-02-03 16:02:37,598 - INFO -   1: device=130600112767 ts=2026-01-30 12:52:41.974660 temp=-1.76
2026-02-03 16:02:37,599 - INFO -   2: device=130600112767 ts=2026-01-30 13:07:41.974660 temp=-2.38
2026-02-03 16:02:37,599 - INFO -   3: device=130600112767 ts=2026-01-30 13:22:41.974660 temp=-2.42
2026-02-03 16:02:37,599 - INFO - 📄 الملف: safe_hospital_130600112764.csv
2026-02-03 16:02:37,599 - INFO - تم تحليل 96 إدخال من data/input_raw/safe_hospital_130600112764.csv
2026-02-03 16:02:37,599 - INFO - 📊 عدد الإدخالات: 96
2026-02-03 16:02:37,600 - INFO - 📝 أول 3 عينات:
2026-02-03 16:02:37,600 - INFO -   1: device=130600112764 ts=2026-01-30 12:52:41.973957 temp=4.6
2026-02-03 16:02:37,600 - INFO -   2: device=130600112764 ts=2026-01-30 13:07:41.973957 temp=4.65
2026-02-03 16:02:37,600 - INFO -   3: device=130600112764 ts=2026-01-30 13:22:41.973957 temp=5.29
2026-02-03 16:02:37,601 - INFO - تم ربط 3 إدخال، تم تخطي 1
2026-02-03 16:02:37,603 - INFO - تم ربط 3 إدخال، تم تخطي 1
2026-02-03 16:02:37,604 - INFO - تم ربط 0 إدخال، تم تخطي 2
2026-02-03 16:02:37,605 - INFO - تم ربط 0 إدخال، تم تخطي 0
2026-02-03 16:02:37,606 - INFO - تم ربط 0 إدخال، تم تخطي 4
2026-02-03 16:02:37,610 - INFO - تم تحليل 2 إدخال من /tmp/pytest-of-amer11974/pytest-3/test_parse_valid_csv0/data/test_readings.csv
2026-02-03 16:02:37,618 - WARNING - تنسيق غير معروف في /tmp/pytest-of-amer11974/pytest-3/test_parse_invalid_file0/empty.csv
2026-02-03 16:02:37,619 - INFO - تم تحليل 0 إدخال من /tmp/pytest-of-amer11974/pytest-3/test_parse_invalid_file0/empty.csv
2026-02-03 16:02:37,625 - WARNING - تخطي صف 0 في /tmp/pytest-of-amer11974/pytest-3/test_parse_malformed_rows0/data_malformed/bad_readings.csv: could not convert string to float: 'invalid_temp'
2026-02-03 16:02:37,625 - INFO - تم تحليل 1 إدخال من /tmp/pytest-of-amer11974/pytest-3/test_parse_malformed_rows0/data_malformed/bad_readings.csv
2026-02-03 16:02:37,631 - INFO - 📄 إنشاء تقرير PDF احترافي
2026-02-03 16:02:37,633 - INFO - ==================================================
2026-02-03 16:02:37,633 - ERROR - ❌ ملف التقرير غير موجود: data/output/centers_report.tsv
2026-02-03 16:02:37,634 - INFO - ⚠️  قم بتشغيل النظام أولاً:
2026-02-03 16:02:37,634 - INFO -    python -m scripts.run_ft2_pipeline --legacy
2026-02-03 16:02:37,642 - INFO - 📄 إنشاء تقرير PDF احترافي
2026-02-03 16:02:37,643 - INFO - ==================================================
2026-02-03 16:02:37,643 - INFO - 📊 قراءة البيانات من: data/output/centers_report.tsv
2026-02-03 16:02:37,643 - INFO - 🔄 جاري إنشاء التقرير...
2026-02-03 16:02:37,643 - INFO - 
✅ تم إنشاء التقرير بنجاح!
2026-02-03 16:02:37,643 - INFO - 📍 الموقع: /fake/report.pdf
2026-02-03 16:02:37,673 - INFO - 📂 تم فتح التقرير تلقائياً
2026-02-03 16:02:37,702 - INFO - | Test Scenario             | 5.0°C(1.0h) + 15.0°C(24.0h)                   | 1.0    days | NONE  | NO_DATA                        |
2026-02-03 16:02:40,449 - INFO - Mock data created at: data/output/visual_tests/mock_visual_data.tsv
2026-02-03 16:02:40,450 - INFO - Generating Official Visual Report...
2026-02-03 16:02:40,450 - INFO - Done: /tmp/pytest-of-amer11974/pytest-3/test_verify_visual_reports_run0/data/output/visual_tests/visual_test_official.pdf
2026-02-03 16:02:40,450 - INFO - Generating Technical Visual Report...
2026-02-03 16:02:40,450 - INFO - Done: /tmp/pytest-of-amer11974/pytest-3/test_verify_visual_reports_run0/data/output/visual_tests/visual_test_official.pdf
2026-02-03 16:02:40,450 - INFO - Generating Arabic Visual Report...
2026-02-03 16:02:40,450 - INFO - Done: /tmp/pytest-of-amer11974/pytest-3/test_verify_visual_reports_run0/data/output/visual_tests/visual_test_official.pdf
2026-02-03 16:12:02,348 - INFO - ✅ تم إنشاء تقرير المراكز: /tmp/pytest-of-amer11974/pytest-4/test_centers_report_snapshot0/centers_report.tsv
2026-02-03 16:12:02,420 - INFO - 🧹 تنظيف الملفات التالفة في data/input_ft2
2026-02-03 16:12:02,421 - INFO - 🗑️ تم حذف: bad1.txt (فارغ تماماً)
2026-02-03 16:12:02,421 - INFO - ✅ تم تنظيف 1 ملف.
2026-02-03 16:12:02,422 - INFO - فحص الملفات الخام في: data/input_raw
2026-02-03 16:12:02,422 - INFO - 📄 الملف: test_data.csv
2026-02-03 16:12:02,423 - INFO - تم تحليل 6 إدخال من data/input_raw/test_data.csv
2026-02-03 16:12:02,423 - INFO - 📊 عدد الإدخالات: 6
2026-02-03 16:12:02,423 - INFO - 📝 أول 3 عينات:
2026-02-03 16:12:02,423 - INFO -   1: device=130600112764 ts=2024-01-15 08:00:00 temp=5.2
2026-02-03 16:12:02,423 - INFO -   2: device=130600112764 ts=2024-01-15 12:00:00 temp=4.8
2026-02-03 16:12:02,423 - INFO -   3: device=130600112767 ts=2024-01-15 08:00:00 temp=-1.5
2026-02-03 16:12:02,423 - INFO - 📄 الملف: heat_mobile_130600112769.csv
2026-02-03 16:12:02,424 - INFO - تم تحليل 96 إدخال من data/input_raw/heat_mobile_130600112769.csv
2026-02-03 16:12:02,424 - INFO - 📊 عدد الإدخالات: 96
2026-02-03 16:12:02,424 - INFO - 📝 أول 3 عينات:
2026-02-03 16:12:02,424 - INFO -   1: device=130600112769 ts=2026-01-30 12:52:41.975297 temp=11.98
2026-02-03 16:12:02,424 - INFO -   2: device=130600112769 ts=2026-01-30 13:07:41.975297 temp=11.9
2026-02-03 16:12:02,424 - INFO -   3: device=130600112769 ts=2026-01-30 13:22:41.975297 temp=12.72
2026-02-03 16:12:02,424 - INFO - 📄 الملف: freeze_clinic_130600112767.csv
2026-02-03 16:12:02,425 - INFO - تم تحليل 96 إدخال من data/input_raw/freeze_clinic_130600112767.csv
2026-02-03 16:12:02,425 - INFO - 📊 عدد الإدخالات: 96
2026-02-03 16:12:02,425 - INFO - 📝 أول 3 عينات:
2026-02-03 16:12:02,425 - INFO -   1: device=130600112767 ts=2026-01-30 12:52:41.974660 temp=-1.76
2026-02-03 16:12:02,425 - INFO -   2: device=130600112767 ts=2026-01-30 13:07:41.974660 temp=-2.38
2026-02-03 16:12:02,426 - INFO -   3: device=130600112767 ts=2026-01-30 13:22:41.974660 temp=-2.42
2026-02-03 16:12:02,426 - INFO - 📄 الملف: safe_hospital_130600112764.csv
2026-02-03 16:12:02,426 - INFO - تم تحليل 96 إدخال من data/input_raw/safe_hospital_130600112764.csv
2026-02-03 16:12:02,426 - INFO - 📊 عدد الإدخالات: 96
2026-02-03 16:12:02,426 - INFO - 📝 أول 3 عينات:
2026-02-03 16:12:02,426 - INFO -   1: device=130600112764 ts=2026-01-30 12:52:41.973957 temp=4.6
2026-02-03 16:12:02,426 - INFO -   2: device=130600112764 ts=2026-01-30 13:07:41.973957 temp=4.65
2026-02-03 16:12:02,427 - INFO -   3: device=130600112764 ts=2026-01-30 13:22:41.973957 temp=5.29
2026-02-03 16:12:02,428 - INFO - تم ربط 3 إدخال، تم تخطي 1
2026-02-03 16:12:02,430 - INFO - تم ربط 3 إدخال، تم تخطي 1
2026-02-03 16:12:02,431 - INFO - تم ربط 0 إدخال، تم تخطي 2
2026-02-03 16:12:02,436 - INFO - تم ربط 0 إدخال، تم تخطي 0
2026-02-03 16:12:02,438 - INFO - تم ربط 0 إدخال، تم تخطي 4
2026-02-03 16:12:02,441 - INFO - تم تحليل 2 إدخال من /tmp/pytest-of-amer11974/pytest-4/test_parse_valid_csv0/data/test_readings.csv
2026-02-03 16:12:02,444 - WARNING - تنسيق غير معروف في /tmp/pytest-of-amer11974/pytest-4/test_parse_invalid_file0/empty.csv
2026-02-03 16:12:02,444 - INFO - تم تحليل 0 إدخال من /tmp/pytest-of-amer11974/pytest-4/test_parse_invalid_file0/empty.csv
2026-02-03 16:12:02,448 - WARNING - تخطي صف 0 في /tmp/pytest-of-amer11974/pytest-4/test_parse_malformed_rows0/data_malformed/bad_readings.csv: could not convert string to float: 'invalid_temp'
2026-02-03 16:12:02,448 - INFO - تم تحليل 1 إدخال من /tmp/pytest-of-amer11974/pytest-4/test_parse_malformed_rows0/data_malformed/bad_readings.csv
2026-02-03 16:12:02,458 - INFO - 📄 إنشاء تقرير PDF احترافي
2026-02-03 16:12:02,458 - INFO - ==================================================
2026-02-03 16:12:02,459 - ERROR - ❌ ملف التقرير غير موجود: data/output/centers_report.tsv
2026-02-03 16:12:02,459 - INFO - ⚠️  قم بتشغيل النظام أولاً:
2026-02-03 16:12:02,459 - INFO -    python -m scripts.run_ft2_pipeline --legacy
2026-02-03 16:12:02,565 - INFO - 📄 إنشاء تقرير PDF احترافي
2026-02-03 16:12:02,565 - INFO - ==================================================
2026-02-03 16:12:02,565 - INFO - 📊 قراءة البيانات من: data/output/centers_report.tsv
2026-02-03 16:12:02,566 - INFO - 🔄 جاري إنشاء التقرير...
2026-02-03 16:12:02,566 - INFO - 
✅ تم إنشاء التقرير بنجاح!
2026-02-03 16:12:02,566 - INFO - 📍 الموقع: /fake/report.pdf
2026-02-03 16:12:02,592 - INFO - 📂 تم فتح التقرير تلقائياً
2026-02-03 16:12:02,626 - INFO - | Test Scenario             | 5.0°C(1.0h) + 15.0°C(24.0h)                   | 1.0    days | NONE  | NO_DATA                        |
2026-02-03 16:12:04,378 - INFO - Mock data created at: data/output/visual_tests/mock_visual_data.tsv
2026-02-03 16:12:04,379 - INFO - Generating Official Visual Report...
2026-02-03 16:12:04,379 - INFO - Done: /tmp/pytest-of-amer11974/pytest-4/test_verify_visual_reports_run0/data/output/visual_tests/visual_test_official.pdf
2026-02-03 16:12:04,379 - INFO - Generating Technical Visual Report...
2026-02-03 16:12:04,379 - INFO - Done: /tmp/pytest-of-amer11974/pytest-4/test_verify_visual_reports_run0/data/output/visual_tests/visual_test_official.pdf
2026-02-03 16:12:04,379 - INFO - Generating Arabic Visual Report...
2026-02-03 16:12:04,379 - INFO - Done: /tmp/pytest-of-amer11974/pytest-4/test_verify_visual_reports_run0/data/output/visual_tests/visual_test_official.pdf
2026-02-03 16:15:18,661 - INFO - ✅ تم إنشاء تقرير المراكز: /tmp/pytest-of-amer11974/pytest-5/test_centers_report_snapshot0/centers_report.tsv
2026-02-03 16:15:18,749 - INFO - 🧹 تنظيف الملفات التالفة في data/input_ft2
2026-02-03 16:15:18,750 - INFO - 🗑️ تم حذف: bad1.txt (فارغ تماماً)
2026-02-03 16:15:18,750 - INFO - ✅ تم تنظيف 1 ملف.
2026-02-03 16:15:18,751 - INFO - فحص الملفات الخام في: data/input_raw
2026-02-03 16:15:18,752 - INFO - 📄 الملف: test_data.csv
2026-02-03 16:15:18,752 - INFO - تم تحليل 6 إدخال من data/input_raw/test_data.csv
2026-02-03 16:15:18,752 - INFO - 📊 عدد الإدخالات: 6
2026-02-03 16:15:18,752 - INFO - 📝 أول 3 عينات:
2026-02-03 16:15:18,752 - INFO -   1: device=130600112764 ts=2024-01-15 08:00:00 temp=5.2
2026-02-03 16:15:18,753 - INFO -   2: device=130600112764 ts=2024-01-15 12:00:00 temp=4.8
2026-02-03 16:15:18,753 - INFO -   3: device=130600112767 ts=2024-01-15 08:00:00 temp=-1.5
2026-02-03 16:15:18,753 - INFO - 📄 الملف: heat_mobile_130600112769.csv
2026-02-03 16:15:18,753 - INFO - تم تحليل 96 إدخال من data/input_raw/heat_mobile_130600112769.csv
2026-02-03 16:15:18,754 - INFO - 📊 عدد الإدخالات: 96
2026-02-03 16:15:18,754 - INFO - 📝 أول 3 عينات:
2026-02-03 16:15:18,754 - INFO -   1: device=130600112769 ts=2026-01-30 12:52:41.975297 temp=11.98
2026-02-03 16:15:18,754 - INFO -   2: device=130600112769 ts=2026-01-30 13:07:41.975297 temp=11.9
2026-02-03 16:15:18,754 - INFO -   3: device=130600112769 ts=2026-01-30 13:22:41.975297 temp=12.72
2026-02-03 16:15:18,755 - INFO - 📄 الملف: freeze_clinic_130600112767.csv
2026-02-03 16:15:18,756 - INFO - تم تحليل 96 إدخال من data/input_raw/freeze_clinic_130600112767.csv
2026-02-03 16:15:18,760 - INFO - 📊 عدد الإدخالات: 96
2026-02-03 16:15:18,761 - INFO - 📝 أول 3 عينات:
2026-02-03 16:15:18,761 - INFO -   1: device=130600112767 ts=2026-01-30 12:52:41.974660 temp=-1.76
2026-02-03 16:15:18,761 - INFO -   2: device=130600112767 ts=2026-01-30 13:07:41.974660 temp=-2.38
2026-02-03 16:15:18,761 - INFO -   3: device=130600112767 ts=2026-01-30 13:22:41.974660 temp=-2.42
2026-02-03 16:15:18,761 - INFO - 📄 الملف: safe_hospital_130600112764.csv
2026-02-03 16:15:18,762 - INFO - تم تحليل 96 إدخال من data/input_raw/safe_hospital_130600112764.csv
2026-02-03 16:15:18,762 - INFO - 📊 عدد الإدخالات: 96
2026-02-03 16:15:18,762 - INFO - 📝 أول 3 عينات:
2026-02-03 16:15:18,763 - INFO -   1: device=130600112764 ts=2026-01-30 12:52:41.973957 temp=4.6
2026-02-03 16:15:18,763 - INFO -   2: device=130600112764 ts=2026-01-30 13:07:41.973957 temp=4.65
2026-02-03 16:15:18,763 - INFO -   3: device=130600112764 ts=2026-01-30 13:22:41.973957 temp=5.29
2026-02-03 16:15:18,765 - INFO - تم ربط 3 إدخال، تم تخطي 1
2026-02-03 16:15:18,766 - INFO - تم ربط 3 إدخال، تم تخطي 1
2026-02-03 16:15:18,768 - INFO - تم ربط 0 إدخال، تم تخطي 2
2026-02-03 16:15:18,769 - INFO - تم ربط 0 إدخال، تم تخطي 0
2026-02-03 16:15:18,770 - INFO - تم ربط 0 إدخال، تم تخطي 4
2026-02-03 16:15:18,781 - INFO - تم تحليل 2 إدخال من /tmp/pytest-of-amer11974/pytest-5/test_parse_valid_csv0/data/test_readings.csv
2026-02-03 16:15:18,784 - WARNING - تنسيق غير معروف في /tmp/pytest-of-amer11974/pytest-5/test_parse_invalid_file0/empty.csv
2026-02-03 16:15:18,784 - INFO - تم تحليل 0 إدخال من /tmp/pytest-of-amer11974/pytest-5/test_parse_invalid_file0/empty.csv
2026-02-03 16:15:18,787 - WARNING - تخطي صف 0 في /tmp/pytest-of-amer11974/pytest-5/test_parse_malformed_rows0/data_malformed/bad_readings.csv: could not convert string to float: 'invalid_temp'
2026-02-03 16:15:18,788 - INFO - تم تحليل 1 إدخال من /tmp/pytest-of-amer11974/pytest-5/test_parse_malformed_rows0/data_malformed/bad_readings.csv
2026-02-03 16:15:18,805 - INFO - 📄 إنشاء تقرير PDF احترافي
2026-02-03 16:15:18,805 - INFO - ==================================================
2026-02-03 16:15:18,805 - ERROR - ❌ ملف التقرير غير موجود: data/output/centers_report.tsv
2026-02-03 16:15:18,806 - INFO - ⚠️  قم بتشغيل النظام أولاً:
2026-02-03 16:15:18,806 - INFO -    python -m scripts.run_ft2_pipeline --legacy
2026-02-03 16:15:18,810 - INFO - 📄 إنشاء تقرير PDF احترافي
2026-02-03 16:15:18,810 - INFO - ==================================================
2026-02-03 16:15:18,811 - INFO - 📊 قراءة البيانات من: data/output/centers_report.tsv
2026-02-03 16:15:18,811 - INFO - 🔄 جاري إنشاء التقرير...
2026-02-03 16:15:18,811 - INFO - 
✅ تم إنشاء التقرير بنجاح!
2026-02-03 16:15:18,811 - INFO - 📍 الموقع: /fake/report.pdf
2026-02-03 16:15:18,832 - INFO - 📂 تم فتح التقرير تلقائياً
2026-02-03 16:15:18,852 - INFO - | Test Scenario             | 5.0°C(1.0h) + 15.0°C(24.0h)                   | 1.0    days | NONE  | NO_DATA                        |
2026-02-03 16:15:21,351 - INFO - Mock data created at: data/output/visual_tests/mock_visual_data.tsv
2026-02-03 16:15:21,352 - INFO - Generating Official Visual Report...
2026-02-03 16:15:21,352 - INFO - Done: /tmp/pytest-of-amer11974/pytest-5/test_verify_visual_reports_run0/data/output/visual_tests/visual_test_official.pdf
2026-02-03 16:15:21,352 - INFO - Generating Technical Visual Report...
2026-02-03 16:15:21,352 - INFO - Done: /tmp/pytest-of-amer11974/pytest-5/test_verify_visual_reports_run0/data/output/visual_tests/visual_test_official.pdf
2026-02-03 16:15:21,352 - INFO - Generating Arabic Visual Report...
2026-02-03 16:15:21,352 - INFO - Done: /tmp/pytest-of-amer11974/pytest-5/test_verify_visual_reports_run0/data/output/visual_tests/visual_test_official.pdf
2026-02-03 16:18:19,687 - INFO - ✅ تم إنشاء تقرير المراكز: /tmp/pytest-of-amer11974/pytest-6/test_centers_report_snapshot0/centers_report.tsv
2026-02-03 16:18:43,101 - INFO - ✅ تم إنشاء تقرير المراكز: /tmp/pytest-of-amer11974/pytest-7/test_centers_report_snapshot0/centers_report.tsv
2026-02-03 16:18:43,154 - INFO - 🧹 تنظيف الملفات التالفة في data/input_ft2
2026-02-03 16:18:43,156 - INFO - 🗑️ تم حذف: bad1.txt (فارغ تماماً)
2026-02-03 16:18:43,156 - INFO - ✅ تم تنظيف 1 ملف.
2026-02-03 16:18:43,158 - INFO - فحص الملفات الخام في: data/input_raw
2026-02-03 16:18:43,158 - INFO - 📄 الملف: test_data.csv
2026-02-03 16:18:43,162 - INFO - تم تحليل 6 إدخال من data/input_raw/test_data.csv
2026-02-03 16:18:43,162 - INFO - 📊 عدد الإدخالات: 6
2026-02-03 16:18:43,163 - INFO - 📝 أول 3 عينات:
2026-02-03 16:18:43,163 - INFO -   1: device=130600112764 ts=2024-01-15 08:00:00 temp=5.2
2026-02-03 16:18:43,163 - INFO -   2: device=130600112764 ts=2024-01-15 12:00:00 temp=4.8
2026-02-03 16:18:43,163 - INFO -   3: device=130600112767 ts=2024-01-15 08:00:00 temp=-1.5
2026-02-03 16:18:43,163 - INFO - 📄 الملف: heat_mobile_130600112769.csv
2026-02-03 16:18:43,165 - INFO - تم تحليل 96 إدخال من data/input_raw/heat_mobile_130600112769.csv
2026-02-03 16:18:43,166 - INFO - 📊 عدد الإدخالات: 96
2026-02-03 16:18:43,166 - INFO - 📝 أول 3 عينات:
2026-02-03 16:18:43,166 - INFO -   1: device=130600112769 ts=2026-01-30 12:52:41.975297 temp=11.98
2026-02-03 16:18:43,166 - INFO -   2: device=130600112769 ts=2026-01-30 13:07:41.975297 temp=11.9
2026-02-03 16:18:43,166 - INFO -   3: device=130600112769 ts=2026-01-30 13:22:41.975297 temp=12.72
2026-02-03 16:18:43,166 - INFO - 📄 الملف: freeze_clinic_130600112767.csv
2026-02-03 16:18:43,167 - INFO - تم تحليل 96 إدخال من data/input_raw/freeze_clinic_130600112767.csv
2026-02-03 16:18:43,167 - INFO - 📊 عدد الإدخالات: 96
2026-02-03 16:18:43,167 - INFO - 📝 أول 3 عينات:
2026-02-03 16:18:43,167 - INFO -   1: device=130600112767 ts=2026-01-30 12:52:41.974660 temp=-1.76
2026-02-03 16:18:43,168 - INFO -   2: device=130600112767 ts=2026-01-30 13:07:41.974660 temp=-2.38
2026-02-03 16:18:43,168 - INFO -   3: device=130600112767 ts=2026-01-30 13:22:41.974660 temp=-2.42
2026-02-03 16:18:43,168 - INFO - 📄 الملف: safe_hospital_130600112764.csv
2026-02-03 16:18:43,168 - INFO - تم تحليل 96 إدخال من data/input_raw/safe_hospital_130600112764.csv
2026-02-03 16:18:43,169 - INFO - 📊 عدد الإدخالات: 96
2026-02-03 16:18:43,169 - INFO - 📝 أول 3 عينات:
2026-02-03 16:18:43,169 - INFO -   1: device=130600112764 ts=2026-01-30 12:52:41.973957 temp=4.6
2026-02-03 16:18:43,169 - INFO -   2: device=130600112764 ts=2026-01-30 13:07:41.973957 temp=4.65
2026-02-03 16:18:43,169 - INFO -   3: device=130600112764 ts=2026-01-30 13:22:41.973957 temp=5.29
2026-02-03 16:18:43,171 - INFO - تم ربط 3 إدخال، تم تخطي 1
2026-02-03 16:18:43,172 - INFO - تم ربط 3 إدخال، تم تخطي 1
2026-02-03 16:18:43,173 - INFO - تم ربط 0 إدخال، تم تخطي 2
2026-02-03 16:18:43,174 - INFO - تم ربط 0 إدخال، تم تخطي 0
2026-02-03 16:18:43,175 - INFO - تم ربط 0 إدخال، تم تخطي 4
2026-02-03 16:18:43,182 - INFO - تم تحليل 2 إدخال من /tmp/pytest-of-amer11974/pytest-7/test_parse_valid_csv0/data/test_readings.csv
2026-02-03 16:18:43,184 - WARNING - تنسيق غير معروف في /tmp/pytest-of-amer11974/pytest-7/test_parse_invalid_file0/empty.csv
2026-02-03 16:18:43,184 - INFO - تم تحليل 0 إدخال من /tmp/pytest-of-amer11974/pytest-7/test_parse_invalid_file0/empty.csv
2026-02-03 16:18:43,189 - WARNING - تخطي صف 0 في /tmp/pytest-of-amer11974/pytest-7/test_parse_malformed_rows0/data_malformed/bad_readings.csv: could not convert string to float: 'invalid_temp'
2026-02-03 16:18:43,190 - INFO - تم تحليل 1 إدخال من /tmp/pytest-of-amer11974/pytest-7/test_parse_malformed_rows0/data_malformed/bad_readings.csv
2026-02-03 16:18:43,198 - INFO - 📄 إنشاء تقرير PDF احترافي
2026-02-03 16:18:43,198 - INFO - ==================================================
2026-02-03 16:18:43,198 - ERROR - ❌ ملف التقرير غير موجود: data/output/centers_report.tsv
2026-02-03 16:18:43,198 - INFO - ⚠️  قم بتشغيل النظام أولاً:
2026-02-03 16:18:43,198 - INFO -    python -m scripts.run_ft2_pipeline --legacy
2026-02-03 16:18:43,279 - INFO - 📄 إنشاء تقرير PDF احترافي
2026-02-03 16:18:43,280 - INFO - ==================================================
2026-02-03 16:18:43,280 - INFO - 📊 قراءة البيانات من: data/output/centers_report.tsv
2026-02-03 16:18:43,281 - INFO - 🔄 جاري إنشاء التقرير...
2026-02-03 16:18:43,282 - INFO - 
✅ تم إنشاء التقرير بنجاح!
2026-02-03 16:18:43,282 - INFO - 📍 الموقع: /fake/report.pdf
2026-02-03 16:18:43,323 - INFO - 📂 تم فتح التقرير تلقائياً
2026-02-03 16:18:43,352 - INFO - | Test Scenario             | 5.0°C(1.0h) + 15.0°C(24.0h)                   | 1.0    days | NONE  | NO_DATA                        |
2026-02-03 16:18:43,862 - INFO - Mock data created at: data/output/visual_tests/mock_visual_data.tsv
2026-02-03 16:18:43,862 - INFO - Generating Official Visual Report...
2026-02-03 16:18:43,862 - INFO - Done: /tmp/pytest-of-amer11974/pytest-7/test_verify_visual_reports_run0/data/output/visual_tests/visual_test_official.pdf
2026-02-03 16:18:43,862 - INFO - Generating Technical Visual Report...
2026-02-03 16:18:43,863 - INFO - Done: /tmp/pytest-of-amer11974/pytest-7/test_verify_visual_reports_run0/data/output/visual_tests/visual_test_official.pdf
2026-02-03 16:18:43,863 - INFO - Generating Arabic Visual Report...
2026-02-03 16:18:43,863 - INFO - Done: /tmp/pytest-of-amer11974/pytest-7/test_verify_visual_reports_run0/data/output/visual_tests/visual_test_official.pdf
2026-02-03 16:21:46,890 - INFO - ✅ تم إنشاء تقرير المراكز: /tmp/pytest-of-amer11974/pytest-8/test_centers_report_snapshot0/centers_report.tsv
2026-02-03 16:22:17,195 - INFO - ✅ تم إنشاء تقرير المراكز: /tmp/pytest-of-amer11974/pytest-9/test_centers_report_snapshot0/centers_report.tsv
2026-02-03 16:22:17,255 - INFO - 🧹 تنظيف الملفات التالفة في data/input_ft2
2026-02-03 16:22:17,255 - INFO - 🗑️ تم حذف: bad1.txt (فارغ تماماً)
2026-02-03 16:22:17,255 - INFO - ✅ تم تنظيف 1 ملف.
2026-02-03 16:22:17,257 - INFO - فحص الملفات الخام في: data/input_raw
2026-02-03 16:22:17,257 - INFO - 📄 الملف: test_data.csv
2026-02-03 16:22:17,257 - INFO - تم تحليل 6 إدخال من data/input_raw/test_data.csv
2026-02-03 16:22:17,257 - INFO - 📊 عدد الإدخالات: 6
2026-02-03 16:22:17,257 - INFO - 📝 أول 3 عينات:
2026-02-03 16:22:17,257 - INFO -   1: device=130600112764 ts=2024-01-15 08:00:00 temp=5.2
2026-02-03 16:22:17,258 - INFO -   2: device=130600112764 ts=2024-01-15 12:00:00 temp=4.8
2026-02-03 16:22:17,258 - INFO -   3: device=130600112767 ts=2024-01-15 08:00:00 temp=-1.5
2026-02-03 16:22:17,258 - INFO - 📄 الملف: heat_mobile_130600112769.csv
2026-02-03 16:22:17,258 - INFO - تم تحليل 96 إدخال من data/input_raw/heat_mobile_130600112769.csv
2026-02-03 16:22:17,258 - INFO - 📊 عدد الإدخالات: 96
2026-02-03 16:22:17,259 - INFO - 📝 أول 3 عينات:
2026-02-03 16:22:17,259 - INFO -   1: device=130600112769 ts=2026-01-30 12:52:41.975297 temp=11.98
2026-02-03 16:22:17,259 - INFO -   2: device=130600112769 ts=2026-01-30 13:07:41.975297 temp=11.9
2026-02-03 16:22:17,259 - INFO -   3: device=130600112769 ts=2026-01-30 13:22:41.975297 temp=12.72
2026-02-03 16:22:17,259 - INFO - 📄 الملف: freeze_clinic_130600112767.csv
2026-02-03 16:22:17,260 - INFO - تم تحليل 96 إدخال من data/input_raw/freeze_clinic_130600112767.csv
2026-02-03 16:22:17,260 - INFO - 📊 عدد الإدخالات: 96
2026-02-03 16:22:17,260 - INFO - 📝 أول 3 عينات:
2026-02-03 16:22:17,260 - INFO -   1: device=130600112767 ts=2026-01-30 12:52:41.974660 temp=-1.76
2026-02-03 16:22:17,260 - INFO -   2: device=130600112767 ts=2026-01-30 13:07:41.974660 temp=-2.38
2026-02-03 16:22:17,260 - INFO -   3: device=130600112767 ts=2026-01-30 13:22:41.974660 temp=-2.42
2026-02-03 16:22:17,260 - INFO - 📄 الملف: safe_hospital_130600112764.csv
2026-02-03 16:22:17,261 - INFO - تم تحليل 96 إدخال من data/input_raw/safe_hospital_130600112764.csv
2026-02-03 16:22:17,261 - INFO - 📊 عدد الإدخالات: 96
2026-02-03 16:22:17,261 - INFO - 📝 أول 3 عينات:
2026-02-03 16:22:17,261 - INFO -   1: device=130600112764 ts=2026-01-30 12:52:41.973957 temp=4.6
2026-02-03 16:22:17,261 - INFO -   2: device=130600112764 ts=2026-01-30 13:07:41.973957 temp=4.65
2026-02-03 16:22:17,261 - INFO -   3: device=130600112764 ts=2026-01-30 13:22:41.973957 temp=5.29
2026-02-03 16:22:17,263 - INFO - تم ربط 3 إدخال، تم تخطي 1
2026-02-03 16:22:17,264 - INFO - تم ربط 3 إدخال، تم تخطي 1
2026-02-03 16:22:17,269 - INFO - تم ربط 0 إدخال، تم تخطي 2
2026-02-03 16:22:17,274 - INFO - تم ربط 0 إدخال، تم تخطي 0
2026-02-03 16:22:17,275 - INFO - تم ربط 0 إدخال، تم تخطي 4
2026-02-03 16:22:17,294 - INFO - تم تحليل 2 إدخال من /tmp/pytest-of-amer11974/pytest-9/test_parse_valid_csv0/data/test_readings.csv
2026-02-03 16:22:17,330 - WARNING - تنسيق غير معروف في /tmp/pytest-of-amer11974/pytest-9/test_parse_invalid_file0/empty.csv
2026-02-03 16:22:17,330 - INFO - تم تحليل 0 إدخال من /tmp/pytest-of-amer11974/pytest-9/test_parse_invalid_file0/empty.csv
2026-02-03 16:22:17,333 - WARNING - تخطي صف 0 في /tmp/pytest-of-amer11974/pytest-9/test_parse_malformed_rows0/data_malformed/bad_readings.csv: could not convert string to float: 'invalid_temp'
2026-02-03 16:22:17,333 - INFO - تم تحليل 1 إدخال من /tmp/pytest-of-amer11974/pytest-9/test_parse_malformed_rows0/data_malformed/bad_readings.csv
2026-02-03 16:22:17,340 - INFO - 📄 إنشاء تقرير PDF احترافي
2026-02-03 16:22:17,341 - INFO - ==================================================
2026-02-03 16:22:17,341 - ERROR - ❌ ملف التقرير غير موجود: data/output/centers_report.tsv
2026-02-03 16:22:17,342 - INFO - ⚠️  قم بتشغيل النظام أولاً:
2026-02-03 16:22:17,342 - INFO -    python -m scripts.run_ft2_pipeline --legacy
2026-02-03 16:22:17,347 - INFO - 📄 إنشاء تقرير PDF احترافي
2026-02-03 16:22:17,348 - INFO - ==================================================
2026-02-03 16:22:17,348 - INFO - 📊 قراءة البيانات من: data/output/centers_report.tsv
2026-02-03 16:22:17,348 - INFO - 🔄 جاري إنشاء التقرير...
2026-02-03 16:22:17,348 - INFO - 
✅ تم إنشاء التقرير بنجاح!
2026-02-03 16:22:17,348 - INFO - 📍 الموقع: /fake/report.pdf
2026-02-03 16:22:17,374 - INFO - 📂 تم فتح التقرير تلقائياً
2026-02-03 16:22:17,407 - INFO - | Test Scenario             | 5.0°C(1.0h) + 15.0°C(24.0h)                   | 1.0    days | NONE  | NO_DATA                        |
2026-02-03 16:22:17,956 - INFO - Mock data created at: data/output/visual_tests/mock_visual_data.tsv
2026-02-03 16:22:17,956 - INFO - Generating Official Visual Report...
2026-02-03 16:22:17,956 - INFO - Done: /tmp/pytest-of-amer11974/pytest-9/test_verify_visual_reports_run0/data/output/visual_tests/visual_test_official.pdf
2026-02-03 16:22:17,957 - INFO - Generating Technical Visual Report...
2026-02-03 16:22:17,957 - INFO - Done: /tmp/pytest-of-amer11974/pytest-9/test_verify_visual_reports_run0/data/output/visual_tests/visual_test_official.pdf
2026-02-03 16:22:17,957 - INFO - Generating Arabic Visual Report...
2026-02-03 16:22:17,957 - INFO - Done: /tmp/pytest-of-amer11974/pytest-9/test_verify_visual_reports_run0/data/output/visual_tests/visual_test_official.pdf
2026-02-03 16:27:37,191 - INFO - ✅ تم إنشاء تقرير المراكز: /tmp/pytest-of-amer11974/pytest-10/test_centers_report_snapshot0/centers_report.tsv
2026-02-03 16:27:51,700 - INFO - ✅ تم إنشاء تقرير المراكز: /tmp/pytest-of-amer11974/pytest-11/test_centers_report_snapshot0/centers_report.tsv
2026-02-03 16:27:51,770 - INFO - 🧹 تنظيف الملفات التالفة في data/input_ft2
2026-02-03 16:27:51,771 - INFO - 🗑️ تم حذف: bad1.txt (فارغ تماماً)
2026-02-03 16:27:51,773 - INFO - ✅ تم تنظيف 1 ملف.
2026-02-03 16:27:51,775 - INFO - فحص الملفات الخام في: data/input_raw
2026-02-03 16:27:51,775 - INFO - 📄 الملف: test_data.csv
2026-02-03 16:27:51,775 - INFO - تم تحليل 6 إدخال من data/input_raw/test_data.csv
2026-02-03 16:27:51,775 - INFO - 📊 عدد الإدخالات: 6
2026-02-03 16:27:51,776 - INFO - 📝 أول 3 عينات:
2026-02-03 16:27:51,776 - INFO -   1: device=130600112764 ts=2024-01-15 08:00:00 temp=5.2
2026-02-03 16:27:51,776 - INFO -   2: device=130600112764 ts=2024-01-15 12:00:00 temp=4.8
2026-02-03 16:27:51,776 - INFO -   3: device=130600112767 ts=2024-01-15 08:00:00 temp=-1.5
2026-02-03 16:27:51,776 - INFO - 📄 الملف: heat_mobile_130600112769.csv
2026-02-03 16:27:51,777 - INFO - تم تحليل 96 إدخال من data/input_raw/heat_mobile_130600112769.csv
2026-02-03 16:27:51,777 - INFO - 📊 عدد الإدخالات: 96
2026-02-03 16:27:51,777 - INFO - 📝 أول 3 عينات:
2026-02-03 16:27:51,777 - INFO -   1: device=130600112769 ts=2026-01-30 12:52:41.975297 temp=11.98
2026-02-03 16:27:51,777 - INFO -   2: device=130600112769 ts=2026-01-30 13:07:41.975297 temp=11.9
2026-02-03 16:27:51,777 - INFO -   3: device=130600112769 ts=2026-01-30 13:22:41.975297 temp=12.72
2026-02-03 16:27:51,777 - INFO - 📄 الملف: freeze_clinic_130600112767.csv
2026-02-03 16:27:51,778 - INFO - تم تحليل 96 إدخال من data/input_raw/freeze_clinic_130600112767.csv
2026-02-03 16:27:51,778 - INFO - 📊 عدد الإدخالات: 96
2026-02-03 16:27:51,778 - INFO - 📝 أول 3 عينات:
2026-02-03 16:27:51,778 - INFO -   1: device=130600112767 ts=2026-01-30 12:52:41.974660 temp=-1.76
2026-02-03 16:27:51,778 - INFO -   2: device=130600112767 ts=2026-01-30 13:07:41.974660 temp=-2.38
2026-02-03 16:27:51,778 - INFO -   3: device=130600112767 ts=2026-01-30 13:22:41.974660 temp=-2.42
2026-02-03 16:27:51,778 - INFO - 📄 الملف: safe_hospital_130600112764.csv
2026-02-03 16:27:51,779 - INFO - تم تحليل 96 إدخال من data/input_raw/safe_hospital_130600112764.csv
2026-02-03 16:27:51,779 - INFO - 📊 عدد الإدخالات: 96
2026-02-03 16:27:51,779 - INFO - 📝 أول 3 عينات:
2026-02-03 16:27:51,779 - INFO -   1: device=130600112764 ts=2026-01-30 12:52:41.973957 temp=4.6
2026-02-03 16:27:51,779 - INFO -   2: device=130600112764 ts=2026-01-30 13:07:41.973957 temp=4.65
2026-02-03 16:27:51,780 - INFO -   3: device=130600112764 ts=2026-01-30 13:22:41.973957 temp=5.29
2026-02-03 16:27:51,781 - INFO - تم ربط 3 إدخال، تم تخطي 1
2026-02-03 16:27:51,783 - INFO - تم ربط 3 إدخال، تم تخطي 1
2026-02-03 16:27:51,792 - INFO - تم ربط 0 إدخال، تم تخطي 2
2026-02-03 16:27:51,793 - INFO - تم ربط 0 إدخال، تم تخطي 0
2026-02-03 16:27:51,795 - INFO - تم ربط 0 إدخال، تم تخطي 4
2026-02-03 16:27:51,798 - INFO - تم تحليل 2 إدخال من /tmp/pytest-of-amer11974/pytest-11/test_parse_valid_csv0/data/test_readings.csv
2026-02-03 16:27:51,801 - WARNING - تنسيق غير معروف في /tmp/pytest-of-amer11974/pytest-11/test_parse_invalid_file0/empty.csv
2026-02-03 16:27:51,801 - INFO - تم تحليل 0 إدخال من /tmp/pytest-of-amer11974/pytest-11/test_parse_invalid_file0/empty.csv
2026-02-03 16:27:51,814 - WARNING - تخطي صف 0 في /tmp/pytest-of-amer11974/pytest-11/test_parse_malformed_rows0/data_malformed/bad_readings.csv: could not convert string to float: 'invalid_temp'
2026-02-03 16:27:51,814 - INFO - تم تحليل 1 إدخال من /tmp/pytest-of-amer11974/pytest-11/test_parse_malformed_rows0/data_malformed/bad_readings.csv
2026-02-03 16:27:51,820 - INFO - 📄 إنشاء تقرير PDF احترافي
2026-02-03 16:27:51,821 - INFO - ==================================================
2026-02-03 16:27:51,821 - ERROR - ❌ ملف التقرير غير موجود: data/output/centers_report.tsv
2026-02-03 16:27:51,821 - INFO - ⚠️  قم بتشغيل النظام أولاً:
2026-02-03 16:27:51,821 - INFO -    python -m scripts.run_ft2_pipeline --legacy
2026-02-03 16:27:51,833 - INFO - 📄 إنشاء تقرير PDF احترافي
2026-02-03 16:27:51,834 - INFO - ==================================================
2026-02-03 16:27:51,834 - INFO - 📊 قراءة البيانات من: data/output/centers_report.tsv
2026-02-03 16:27:51,834 - INFO - 🔄 جاري إنشاء التقرير...
2026-02-03 16:27:51,834 - INFO - 
✅ تم إنشاء التقرير بنجاح!
2026-02-03 16:27:51,834 - INFO - 📍 الموقع: /fake/report.pdf
2026-02-03 16:27:51,867 - INFO - 📂 تم فتح التقرير تلقائياً
2026-02-03 16:27:51,902 - INFO - | Test Scenario             | 5.0°C(1.0h) + 15.0°C(24.0h)                   | 1.0    days | NONE  | NO_DATA                        |
2026-02-03 16:27:54,382 - INFO - Mock data created at: data/output/visual_tests/mock_visual_data.tsv
2026-02-03 16:27:54,382 - INFO - Generating Official Visual Report...
2026-02-03 16:27:54,383 - INFO - Done: /tmp/pytest-of-amer11974/pytest-11/test_verify_visual_reports_run0/data/output/visual_tests/visual_test_official.pdf
2026-02-03 16:27:54,383 - INFO - Generating Technical Visual Report...
2026-02-03 16:27:54,383 - INFO - Done: /tmp/pytest-of-amer11974/pytest-11/test_verify_visual_reports_run0/data/output/visual_tests/visual_test_official.pdf
2026-02-03 16:27:54,383 - INFO - Generating Arabic Visual Report...
2026-02-03 16:27:54,383 - INFO - Done: /tmp/pytest-of-amer11974/pytest-11/test_verify_visual_reports_run0/data/output/visual_tests/visual_test_official.pdf
2026-02-03 16:44:34,630 - INFO - ✅ تم إنشاء تقرير المراكز: /tmp/pytest-of-amer11974/pytest-12/test_centers_report_snapshot0/centers_report.tsv
2026-02-03 16:44:34,760 - INFO - 🧹 تنظيف الملفات التالفة في data/input_ft2
2026-02-03 16:44:34,762 - INFO - 🗑️ تم حذف: bad1.txt (فارغ تماماً)
2026-02-03 16:44:34,762 - INFO - ✅ تم تنظيف 1 ملف.
2026-02-03 16:44:34,764 - INFO - فحص الملفات الخام في: data/input_raw
2026-02-03 16:44:34,764 - INFO - 📄 الملف: test_data.csv
2026-02-03 16:44:34,765 - INFO - تم تحليل 6 إدخال من data/input_raw/test_data.csv
2026-02-03 16:44:34,765 - INFO - 📊 عدد الإدخالات: 6
2026-02-03 16:44:34,766 - INFO - 📝 أول 3 عينات:
2026-02-03 16:44:34,766 - INFO -   1: device=130600112764 ts=2024-01-15 08:00:00 temp=5.2
2026-02-03 16:44:34,766 - INFO -   2: device=130600112764 ts=2024-01-15 12:00:00 temp=4.8
2026-02-03 16:44:34,766 - INFO -   3: device=130600112767 ts=2024-01-15 08:00:00 temp=-1.5
2026-02-03 16:44:34,766 - INFO - 📄 الملف: heat_mobile_130600112769.csv
2026-02-03 16:44:34,781 - INFO - تم تحليل 96 إدخال من data/input_raw/heat_mobile_130600112769.csv
2026-02-03 16:44:34,781 - INFO - 📊 عدد الإدخالات: 96
2026-02-03 16:44:34,781 - INFO - 📝 أول 3 عينات:
2026-02-03 16:44:34,782 - INFO -   1: device=130600112769 ts=2026-01-30 12:52:41.975297 temp=11.98
2026-02-03 16:44:34,782 - INFO -   2: device=130600112769 ts=2026-01-30 13:07:41.975297 temp=11.9
2026-02-03 16:44:34,782 - INFO -   3: device=130600112769 ts=2026-01-30 13:22:41.975297 temp=12.72
2026-02-03 16:44:34,782 - INFO - 📄 الملف: freeze_clinic_130600112767.csv
2026-02-03 16:44:34,783 - INFO - تم تحليل 96 إدخال من data/input_raw/freeze_clinic_130600112767.csv
2026-02-03 16:44:34,783 - INFO - 📊 عدد الإدخالات: 96
2026-02-03 16:44:34,783 - INFO - 📝 أول 3 عينات:
2026-02-03 16:44:34,783 - INFO -   1: device=130600112767 ts=2026-01-30 12:52:41.974660 temp=-1.76
2026-02-03 16:44:34,784 - INFO -   2: device=130600112767 ts=2026-01-30 13:07:41.974660 temp=-2.38
2026-02-03 16:44:34,784 - INFO -   3: device=130600112767 ts=2026-01-30 13:22:41.974660 temp=-2.42
2026-02-03 16:44:34,784 - INFO - 📄 الملف: safe_hospital_130600112764.csv
2026-02-03 16:44:34,785 - INFO - تم تحليل 96 إدخال من data/input_raw/safe_hospital_130600112764.csv
2026-02-03 16:44:34,785 - INFO - 📊 عدد الإدخالات: 96
2026-02-03 16:44:34,785 - INFO - 📝 أول 3 عينات:
2026-02-03 16:44:34,785 - INFO -   1: device=130600112764 ts=2026-01-30 12:52:41.973957 temp=4.6
2026-02-03 16:44:34,786 - INFO -   2: device=130600112764 ts=2026-01-30 13:07:41.973957 temp=4.65
2026-02-03 16:44:34,786 - INFO -   3: device=130600112764 ts=2026-01-30 13:22:41.973957 temp=5.29
2026-02-03 16:44:34,787 - INFO - تم ربط 3 إدخال، تم تخطي 1
2026-02-03 16:44:34,788 - INFO - تم ربط 3 إدخال، تم تخطي 1
2026-02-03 16:44:34,790 - INFO - تم ربط 0 إدخال، تم تخطي 2
2026-02-03 16:44:34,791 - INFO - تم ربط 0 إدخال، تم تخطي 0
2026-02-03 16:44:34,793 - INFO - تم ربط 0 إدخال، تم تخطي 4
2026-02-03 16:44:34,797 - INFO - تم تحليل 2 إدخال من /tmp/pytest-of-amer11974/pytest-12/test_parse_valid_csv0/data/test_readings.csv
2026-02-03 16:44:34,800 - WARNING - تنسيق غير معروف في /tmp/pytest-of-amer11974/pytest-12/test_parse_invalid_file0/empty.csv
2026-02-03 16:44:34,801 - INFO - تم تحليل 0 إدخال من /tmp/pytest-of-amer11974/pytest-12/test_parse_invalid_file0/empty.csv
2026-02-03 16:44:34,808 - WARNING - تخطي صف 0 في /tmp/pytest-of-amer11974/pytest-12/test_parse_malformed_rows0/data_malformed/bad_readings.csv: could not convert string to float: 'invalid_temp'
2026-02-03 16:44:34,809 - INFO - تم تحليل 1 إدخال من /tmp/pytest-of-amer11974/pytest-12/test_parse_malformed_rows0/data_malformed/bad_readings.csv
2026-02-03 16:44:34,815 - INFO - 📄 إنشاء تقرير PDF احترافي
2026-02-03 16:44:34,815 - INFO - ==================================================
2026-02-03 16:44:34,816 - ERROR - ❌ ملف التقرير غير موجود: data/output/centers_report.tsv
2026-02-03 16:44:34,816 - INFO - ⚠️  قم بتشغيل النظام أولاً:
2026-02-03 16:44:34,816 - INFO -    python -m scripts.run_ft2_pipeline --legacy
2026-02-03 16:44:34,828 - INFO - 📄 إنشاء تقرير PDF احترافي
2026-02-03 16:44:34,829 - INFO - ==================================================
2026-02-03 16:44:34,829 - INFO - 📊 قراءة البيانات من: data/output/centers_report.tsv
2026-02-03 16:44:34,829 - INFO - 🔄 جاري إنشاء التقرير...
2026-02-03 16:44:34,829 - INFO - 
✅ تم إنشاء التقرير بنجاح!
2026-02-03 16:44:34,830 - INFO - 📍 الموقع: /fake/report.pdf
2026-02-03 16:44:35,153 - INFO - 📂 تم فتح التقرير تلقائياً
2026-02-03 16:44:35,235 - INFO - | Test Scenario             | 5.0°C(1.0h) + 15.0°C(24.0h)                   | 1.0    days | NONE  | NO_DATA                        |
2026-02-03 16:44:46,018 - INFO - Mock data created at: data/output/visual_tests/mock_visual_data.tsv
2026-02-03 16:44:46,018 - INFO - Generating Official Visual Report...
2026-02-03 16:44:46,018 - INFO - Done: /tmp/pytest-of-amer11974/pytest-12/test_verify_visual_reports_run0/data/output/visual_tests/visual_test_official.pdf
2026-02-03 16:44:46,019 - INFO - Generating Technical Visual Report...
2026-02-03 16:44:46,019 - INFO - Done: /tmp/pytest-of-amer11974/pytest-12/test_verify_visual_reports_run0/data/output/visual_tests/visual_test_official.pdf
2026-02-03 16:44:46,019 - INFO - Generating Arabic Visual Report...
2026-02-03 16:44:46,019 - INFO - Done: /tmp/pytest-of-amer11974/pytest-12/test_verify_visual_reports_run0/data/output/visual_tests/visual_test_official.pdf
2026-02-03 16:51:00,428 - INFO - ✅ تم إنشاء تقرير المراكز: /tmp/pytest-of-amer11974/pytest-13/test_centers_report_snapshot0/centers_report.tsv
2026-02-03 16:51:00,449 - INFO - 🧹 تنظيف الملفات التالفة في data/input_ft2
2026-02-03 16:51:00,450 - INFO - 🗑️ تم حذف: bad1.txt (فارغ تماماً)
2026-02-03 16:51:00,451 - INFO - ✅ تم تنظيف 1 ملف.
2026-02-03 16:51:00,452 - INFO - فحص الملفات الخام في: data/input_raw
2026-02-03 16:51:00,453 - INFO - 📄 الملف: test_data.csv
2026-02-03 16:51:00,453 - INFO - تم تحليل 6 إدخال من data/input_raw/test_data.csv
2026-02-03 16:51:00,453 - INFO - 📊 عدد الإدخالات: 6
2026-02-03 16:51:00,453 - INFO - 📝 أول 3 عينات:
2026-02-03 16:51:00,453 - INFO -   1: device=130600112764 ts=2024-01-15 08:00:00 temp=5.2
2026-02-03 16:51:00,453 - INFO -   2: device=130600112764 ts=2024-01-15 12:00:00 temp=4.8
2026-02-03 16:51:00,454 - INFO -   3: device=130600112767 ts=2024-01-15 08:00:00 temp=-1.5
2026-02-03 16:51:00,454 - INFO - 📄 الملف: heat_mobile_130600112769.csv
2026-02-03 16:51:00,454 - INFO - تم تحليل 96 إدخال من data/input_raw/heat_mobile_130600112769.csv
2026-02-03 16:51:00,454 - INFO - 📊 عدد الإدخالات: 96
2026-02-03 16:51:00,454 - INFO - 📝 أول 3 عينات:
2026-02-03 16:51:00,454 - INFO -   1: device=130600112769 ts=2026-01-30 12:52:41.975297 temp=11.98
2026-02-03 16:51:00,455 - INFO -   2: device=130600112769 ts=2026-01-30 13:07:41.975297 temp=11.9
2026-02-03 16:51:00,455 - INFO -   3: device=130600112769 ts=2026-01-30 13:22:41.975297 temp=12.72
2026-02-03 16:51:00,455 - INFO - 📄 الملف: freeze_clinic_130600112767.csv
2026-02-03 16:51:00,455 - INFO - تم تحليل 96 إدخال من data/input_raw/freeze_clinic_130600112767.csv
2026-02-03 16:51:00,455 - INFO - 📊 عدد الإدخالات: 96
2026-02-03 16:51:00,456 - INFO - 📝 أول 3 عينات:
2026-02-03 16:51:00,456 - INFO -   1: device=130600112767 ts=2026-01-30 12:52:41.974660 temp=-1.76
2026-02-03 16:51:00,456 - INFO -   2: device=130600112767 ts=2026-01-30 13:07:41.974660 temp=-2.38
2026-02-03 16:51:00,456 - INFO -   3: device=130600112767 ts=2026-01-30 13:22:41.974660 temp=-2.42
2026-02-03 16:51:00,456 - INFO - 📄 الملف: safe_hospital_130600112764.csv
2026-02-03 16:51:00,456 - INFO - تم تحليل 96 إدخال من data/input_raw/safe_hospital_130600112764.csv
2026-02-03 16:51:00,457 - INFO - 📊 عدد الإدخالات: 96
2026-02-03 16:51:00,457 - INFO - 📝 أول 3 عينات:
2026-02-03 16:51:00,457 - INFO -   1: device=130600112764 ts=2026-01-30 12:52:41.973957 temp=4.6
2026-02-03 16:51:00,457 - INFO -   2: device=130600112764 ts=2026-01-30 13:07:41.973957 temp=4.65
2026-02-03 16:51:00,457 - INFO -   3: device=130600112764 ts=2026-01-30 13:22:41.973957 temp=5.29
2026-02-03 16:51:00,459 - INFO - تم ربط 3 إدخال، تم تخطي 1
2026-02-03 16:51:00,460 - INFO - تم ربط 3 إدخال، تم تخطي 1
2026-02-03 16:51:00,461 - INFO - تم ربط 0 إدخال، تم تخطي 2
2026-02-03 16:51:00,463 - INFO - تم ربط 0 إدخال، تم تخطي 0
2026-02-03 16:51:00,466 - INFO - تم ربط 0 إدخال، تم تخطي 4
2026-02-03 16:51:00,470 - INFO - تم تحليل 2 إدخال من /tmp/pytest-of-amer11974/pytest-13/test_parse_valid_csv0/data/test_readings.csv
2026-02-03 16:51:00,473 - WARNING - تنسيق غير معروف في /tmp/pytest-of-amer11974/pytest-13/test_parse_invalid_file0/empty.csv
2026-02-03 16:51:00,474 - INFO - تم تحليل 0 إدخال من /tmp/pytest-of-amer11974/pytest-13/test_parse_invalid_file0/empty.csv
2026-02-03 16:51:00,478 - WARNING - تخطي صف 0 في /tmp/pytest-of-amer11974/pytest-13/test_parse_malformed_rows0/data_malformed/bad_readings.csv: could not convert string to float: 'invalid_temp'
2026-02-03 16:51:00,478 - INFO - تم تحليل 1 إدخال من /tmp/pytest-of-amer11974/pytest-13/test_parse_malformed_rows0/data_malformed/bad_readings.csv
2026-02-03 16:51:00,485 - INFO - 📄 إنشاء تقرير PDF احترافي
2026-02-03 16:51:00,485 - INFO - ==================================================
2026-02-03 16:51:00,485 - ERROR - ❌ ملف التقرير غير موجود: data/output/centers_report.tsv
2026-02-03 16:51:00,485 - INFO - ⚠️  قم بتشغيل النظام أولاً:
2026-02-03 16:51:00,486 - INFO -    python -m scripts.run_ft2_pipeline --legacy
2026-02-03 16:51:00,494 - INFO - 📄 إنشاء تقرير PDF احترافي
2026-02-03 16:51:00,494 - INFO - ==================================================
2026-02-03 16:51:00,494 - INFO - 📊 قراءة البيانات من: data/output/centers_report.tsv
2026-02-03 16:51:00,494 - INFO - 🔄 جاري إنشاء التقرير...
2026-02-03 16:51:00,495 - INFO - 
✅ تم إنشاء التقرير بنجاح!
2026-02-03 16:51:00,495 - INFO - 📍 الموقع: /fake/report.pdf
2026-02-03 16:51:00,523 - INFO - 📂 تم فتح التقرير تلقائياً
2026-02-03 16:51:00,542 - INFO - | Test Scenario             | 5.0°C(1.0h) + 15.0°C(24.0h)                   | 1.0    days | NONE  | NO_DATA                        |
2026-02-03 16:51:02,979 - INFO - Mock data created at: data/output/visual_tests/mock_visual_data.tsv
2026-02-03 16:51:02,980 - INFO - Generating Official Visual Report...
2026-02-03 16:51:02,980 - INFO - Done: /tmp/pytest-of-amer11974/pytest-13/test_verify_visual_reports_run0/data/output/visual_tests/visual_test_official.pdf
2026-02-03 16:51:02,980 - INFO - Generating Technical Visual Report...
2026-02-03 16:51:02,980 - INFO - Done: /tmp/pytest-of-amer11974/pytest-13/test_verify_visual_reports_run0/data/output/visual_tests/visual_test_official.pdf
2026-02-03 16:51:02,980 - INFO - Generating Arabic Visual Report...
2026-02-03 16:51:02,980 - INFO - Done: /tmp/pytest-of-amer11974/pytest-13/test_verify_visual_reports_run0/data/output/visual_tests/visual_test_official.pdf
2026-02-03 17:01:35,323 - INFO - ✅ تم إنشاء تقرير المراكز: /tmp/pytest-of-amer11974/pytest-14/test_centers_report_snapshot0/centers_report.tsv
2026-02-03 17:01:35,347 - INFO - 🧹 تنظيف الملفات التالفة في data/input_ft2
2026-02-03 17:01:35,348 - INFO - 🗑️ تم حذف: bad1.txt (فارغ تماماً)
2026-02-03 17:01:35,348 - INFO - ✅ تم تنظيف 1 ملف.
2026-02-03 17:01:35,350 - INFO - فحص الملفات الخام في: data/input_raw
2026-02-03 17:01:35,350 - INFO - 📄 الملف: test_data.csv
2026-02-03 17:01:35,350 - INFO - تم تحليل 6 إدخال من data/input_raw/test_data.csv
2026-02-03 17:01:35,350 - INFO - 📊 عدد الإدخالات: 6
2026-02-03 17:01:35,350 - INFO - 📝 أول 3 عينات:
2026-02-03 17:01:35,350 - INFO -   1: device=130600112764 ts=2024-01-15 08:00:00 temp=5.2
2026-02-03 17:01:35,351 - INFO -   2: device=130600112764 ts=2024-01-15 12:00:00 temp=4.8
2026-02-03 17:01:35,351 - INFO -   3: device=130600112767 ts=2024-01-15 08:00:00 temp=-1.5
2026-02-03 17:01:35,351 - INFO - 📄 الملف: heat_mobile_130600112769.csv
2026-02-03 17:01:35,352 - INFO - تم تحليل 96 إدخال من data/input_raw/heat_mobile_130600112769.csv
2026-02-03 17:01:35,352 - INFO - 📊 عدد الإدخالات: 96
2026-02-03 17:01:35,352 - INFO - 📝 أول 3 عينات:
2026-02-03 17:01:35,352 - INFO -   1: device=130600112769 ts=2026-01-30 12:52:41.975297 temp=11.98
2026-02-03 17:01:35,353 - INFO -   2: device=130600112769 ts=2026-01-30 13:07:41.975297 temp=11.9
2026-02-03 17:01:35,353 - INFO -   3: device=130600112769 ts=2026-01-30 13:22:41.975297 temp=12.72
2026-02-03 17:01:35,353 - INFO - 📄 الملف: freeze_clinic_130600112767.csv
2026-02-03 17:01:35,353 - INFO - تم تحليل 96 إدخال من data/input_raw/freeze_clinic_130600112767.csv
2026-02-03 17:01:35,353 - INFO - 📊 عدد الإدخالات: 96
2026-02-03 17:01:35,354 - INFO - 📝 أول 3 عينات:
2026-02-03 17:01:35,354 - INFO -   1: device=130600112767 ts=2026-01-30 12:52:41.974660 temp=-1.76
2026-02-03 17:01:35,355 - INFO -   2: device=130600112767 ts=2026-01-30 13:07:41.974660 temp=-2.38
2026-02-03 17:01:35,355 - INFO -   3: device=130600112767 ts=2026-01-30 13:22:41.974660 temp=-2.42
2026-02-03 17:01:35,355 - INFO - 📄 الملف: safe_hospital_130600112764.csv
2026-02-03 17:01:35,355 - INFO - تم تحليل 96 إدخال من data/input_raw/safe_hospital_130600112764.csv
2026-02-03 17:01:35,356 - INFO - 📊 عدد الإدخالات: 96
2026-02-03 17:01:35,356 - INFO - 📝 أول 3 عينات:
2026-02-03 17:01:35,357 - INFO -   1: device=130600112764 ts=2026-01-30 12:52:41.973957 temp=4.6
2026-02-03 17:01:35,357 - INFO -   2: device=130600112764 ts=2026-01-30 13:07:41.973957 temp=4.65
2026-02-03 17:01:35,358 - INFO -   3: device=130600112764 ts=2026-01-30 13:22:41.973957 temp=5.29
2026-02-03 17:01:35,359 - INFO - تم ربط 3 إدخال، تم تخطي 1
2026-02-03 17:01:35,363 - INFO - تم ربط 3 إدخال، تم تخطي 1
2026-02-03 17:01:35,364 - INFO - تم ربط 0 إدخال، تم تخطي 2
2026-02-03 17:01:35,365 - INFO - تم ربط 0 إدخال، تم تخطي 0
2026-02-03 17:01:35,366 - INFO - تم ربط 0 إدخال، تم تخطي 4
2026-02-03 17:01:35,369 - INFO - تم تحليل 2 إدخال من /tmp/pytest-of-amer11974/pytest-14/test_parse_valid_csv0/data/test_readings.csv
2026-02-03 17:01:35,372 - WARNING - تنسيق غير معروف في /tmp/pytest-of-amer11974/pytest-14/test_parse_invalid_file0/empty.csv
2026-02-03 17:01:35,372 - INFO - تم تحليل 0 إدخال من /tmp/pytest-of-amer11974/pytest-14/test_parse_invalid_file0/empty.csv
2026-02-03 17:01:35,377 - WARNING - تخطي صف 0 في /tmp/pytest-of-amer11974/pytest-14/test_parse_malformed_rows0/data_malformed/bad_readings.csv: could not convert string to float: 'invalid_temp'
2026-02-03 17:01:35,378 - INFO - تم تحليل 1 إدخال من /tmp/pytest-of-amer11974/pytest-14/test_parse_malformed_rows0/data_malformed/bad_readings.csv
2026-02-03 17:01:35,387 - INFO - 📄 إنشاء تقرير PDF احترافي
2026-02-03 17:01:35,387 - INFO - ==================================================
2026-02-03 17:01:35,387 - ERROR - ❌ ملف التقرير غير موجود: data/output/centers_report.tsv
2026-02-03 17:01:35,387 - INFO - ⚠️  قم بتشغيل النظام أولاً:
2026-02-03 17:01:35,387 - INFO -    python -m scripts.run_ft2_pipeline --legacy
2026-02-03 17:01:35,408 - INFO - 📄 إنشاء تقرير PDF احترافي
2026-02-03 17:01:35,409 - INFO - ==================================================
2026-02-03 17:01:35,409 - INFO - 📊 قراءة البيانات من: data/output/centers_report.tsv
2026-02-03 17:01:35,409 - INFO - 🔄 جاري إنشاء التقرير...
2026-02-03 17:01:35,409 - INFO - 
✅ تم إنشاء التقرير بنجاح!
2026-02-03 17:01:35,409 - INFO - 📍 الموقع: /fake/report.pdf
2026-02-03 17:01:35,435 - INFO - 📂 تم فتح التقرير تلقائياً
2026-02-03 17:01:35,458 - INFO - | Test Scenario             | 5.0°C(1.0h) + 15.0°C(24.0h)                   | 1.0    days | NONE  | NO_DATA                        |
2026-02-03 17:01:38,160 - INFO - Mock data created at: data/output/visual_tests/mock_visual_data.tsv
2026-02-03 17:01:38,160 - INFO - Generating Official Visual Report...
2026-02-03 17:01:38,160 - INFO - Done: /tmp/pytest-of-amer11974/pytest-14/test_verify_visual_reports_run0/data/output/visual_tests/visual_test_official.pdf
2026-02-03 17:01:38,161 - INFO - Generating Technical Visual Report...
2026-02-03 17:01:38,161 - INFO - Done: /tmp/pytest-of-amer11974/pytest-14/test_verify_visual_reports_run0/data/output/visual_tests/visual_test_official.pdf
2026-02-03 17:01:38,161 - INFO - Generating Arabic Visual Report...
2026-02-03 17:01:38,161 - INFO - Done: /tmp/pytest-of-amer11974/pytest-14/test_verify_visual_reports_run0/data/output/visual_tests/visual_test_official.pdf
2026-02-04 01:24:42,897 - INFO - ✅ تم إنشاء تقرير المراكز: /tmp/pytest-of-amer11974/pytest-0/test_centers_report_snapshot0/centers_report.tsv
2026-02-04 01:24:43,006 - INFO - 🧹 تنظيف الملفات التالفة في data/input_ft2
2026-02-04 01:24:43,006 - INFO - 🗑️ تم حذف: bad1.txt (فارغ تماماً)
2026-02-04 01:24:43,006 - INFO - ✅ تم تنظيف 1 ملف.
2026-02-04 01:24:43,008 - INFO - فحص الملفات الخام في: data/input_raw
2026-02-04 01:24:43,008 - INFO - 📄 الملف: test_data.csv
2026-02-04 01:24:43,008 - INFO - تم تحليل 6 إدخال من data/input_raw/test_data.csv
2026-02-04 01:24:43,008 - INFO - 📊 عدد الإدخالات: 6
2026-02-04 01:24:43,008 - INFO - 📝 أول 3 عينات:
2026-02-04 01:24:43,008 - INFO -   1: device=130600112764 ts=2024-01-15 08:00:00 temp=5.2
2026-02-04 01:24:43,009 - INFO -   2: device=130600112764 ts=2024-01-15 12:00:00 temp=4.8
2026-02-04 01:24:43,009 - INFO -   3: device=130600112767 ts=2024-01-15 08:00:00 temp=-1.5
2026-02-04 01:24:43,009 - INFO - 📄 الملف: heat_mobile_130600112769.csv
2026-02-04 01:24:43,010 - INFO - تم تحليل 96 إدخال من data/input_raw/heat_mobile_130600112769.csv
2026-02-04 01:24:43,010 - INFO - 📊 عدد الإدخالات: 96
2026-02-04 01:24:43,010 - INFO - 📝 أول 3 عينات:
2026-02-04 01:24:43,010 - INFO -   1: device=130600112769 ts=2026-01-30 12:52:41.975297 temp=11.98
2026-02-04 01:24:43,010 - INFO -   2: device=130600112769 ts=2026-01-30 13:07:41.975297 temp=11.9
2026-02-04 01:24:43,010 - INFO -   3: device=130600112769 ts=2026-01-30 13:22:41.975297 temp=12.72
2026-02-04 01:24:43,010 - INFO - 📄 الملف: freeze_clinic_130600112767.csv
2026-02-04 01:24:43,011 - INFO - تم تحليل 96 إدخال من data/input_raw/freeze_clinic_130600112767.csv
2026-02-04 01:24:43,011 - INFO - 📊 عدد الإدخالات: 96
2026-02-04 01:24:43,011 - INFO - 📝 أول 3 عينات:
2026-02-04 01:24:43,011 - INFO -   1: device=130600112767 ts=2026-01-30 12:52:41.974660 temp=-1.76
2026-02-04 01:24:43,012 - INFO -   2: device=130600112767 ts=2026-01-30 13:07:41.974660 temp=-2.38
2026-02-04 01:24:43,012 - INFO -   3: device=130600112767 ts=2026-01-30 13:22:41.974660 temp=-2.42
2026-02-04 01:24:43,012 - INFO - 📄 الملف: safe_hospital_130600112764.csv
2026-02-04 01:24:43,013 - INFO - تم تحليل 96 إدخال من data/input_raw/safe_hospital_130600112764.csv
2026-02-04 01:24:43,013 - INFO - 📊 عدد الإدخالات: 96
2026-02-04 01:24:43,013 - INFO - 📝 أول 3 عينات:
2026-02-04 01:24:43,013 - INFO -   1: device=130600112764 ts=2026-01-30 12:52:41.973957 temp=4.6
2026-02-04 01:24:43,013 - INFO -   2: device=130600112764 ts=2026-01-30 13:07:41.973957 temp=4.65
2026-02-04 01:24:43,013 - INFO -   3: device=130600112764 ts=2026-01-30 13:22:41.973957 temp=5.29
2026-02-04 01:24:43,015 - INFO - تم ربط 3 إدخال، تم تخطي 1
2026-02-04 01:24:43,017 - INFO - تم ربط 3 إدخال، تم تخطي 1
2026-02-04 01:24:43,018 - INFO - تم ربط 0 إدخال، تم تخطي 2
2026-02-04 01:24:43,019 - INFO - تم ربط 0 إدخال، تم تخطي 0
2026-02-04 01:24:43,021 - INFO - تم ربط 0 إدخال، تم تخطي 4
2026-02-04 01:24:43,044 - INFO - تم تحليل 2 إدخال من /tmp/pytest-of-amer11974/pytest-0/test_parse_valid_csv0/data/test_readings.csv
2026-02-04 01:24:43,046 - WARNING - تنسيق غير معروف في /tmp/pytest-of-amer11974/pytest-0/test_parse_invalid_file0/empty.csv
2026-02-04 01:24:43,047 - INFO - تم تحليل 0 إدخال من /tmp/pytest-of-amer11974/pytest-0/test_parse_invalid_file0/empty.csv
2026-02-04 01:24:43,051 - WARNING - تخطي صف 0 في /tmp/pytest-of-amer11974/pytest-0/test_parse_malformed_rows0/data_malformed/bad_readings.csv: could not convert string to float: 'invalid_temp'
2026-02-04 01:24:43,052 - INFO - تم تحليل 1 إدخال من /tmp/pytest-of-amer11974/pytest-0/test_parse_malformed_rows0/data_malformed/bad_readings.csv
2026-02-04 01:24:43,057 - INFO - 📄 إنشاء تقرير PDF احترافي
2026-02-04 01:24:43,058 - INFO - ==================================================
2026-02-04 01:24:43,058 - ERROR - ❌ ملف التقرير غير موجود: data/output/centers_report.tsv
2026-02-04 01:24:43,058 - INFO - ⚠️  قم بتشغيل النظام أولاً:
2026-02-04 01:24:43,058 - INFO -    python -m scripts.run_ft2_pipeline --legacy
2026-02-04 01:24:43,278 - INFO - | Test Scenario             | 5.0°C(1.0h) + 15.0°C(24.0h)                   | 1.0    days | NONE  | NO_DATA                        |
2026-02-04 01:31:11,368 - INFO - ✅ تم إنشاء تقرير المراكز: /tmp/pytest-of-amer11974/pytest-1/test_centers_report_snapshot0/centers_report.tsv
2026-02-04 01:31:11,413 - INFO - 🧹 تنظيف الملفات التالفة في data/input_ft2
2026-02-04 01:31:11,423 - INFO - 🗑️ تم حذف: bad1.txt (فارغ تماماً)
2026-02-04 01:31:11,424 - INFO - ✅ تم تنظيف 1 ملف.
2026-02-04 01:31:11,425 - INFO - فحص الملفات الخام في: data/input_raw
2026-02-04 01:31:11,425 - INFO - 📄 الملف: test_data.csv
2026-02-04 01:31:11,425 - INFO - تم تحليل 6 إدخال من data/input_raw/test_data.csv
2026-02-04 01:31:11,425 - INFO - 📊 عدد الإدخالات: 6
2026-02-04 01:31:11,426 - INFO - 📝 أول 3 عينات:
2026-02-04 01:31:11,426 - INFO -   1: device=130600112764 ts=2024-01-15 08:00:00 temp=5.2
2026-02-04 01:31:11,426 - INFO -   2: device=130600112764 ts=2024-01-15 12:00:00 temp=4.8
2026-02-04 01:31:11,426 - INFO -   3: device=130600112767 ts=2024-01-15 08:00:00 temp=-1.5
2026-02-04 01:31:11,426 - INFO - 📄 الملف: heat_mobile_130600112769.csv
2026-02-04 01:31:11,427 - INFO - تم تحليل 96 إدخال من data/input_raw/heat_mobile_130600112769.csv
2026-02-04 01:31:11,427 - INFO - 📊 عدد الإدخالات: 96
2026-02-04 01:31:11,427 - INFO - 📝 أول 3 عينات:
2026-02-04 01:31:11,427 - INFO -   1: device=130600112769 ts=2026-01-30 12:52:41.975297 temp=11.98
2026-02-04 01:31:11,427 - INFO -   2: device=130600112769 ts=2026-01-30 13:07:41.975297 temp=11.9
2026-02-04 01:31:11,427 - INFO -   3: device=130600112769 ts=2026-01-30 13:22:41.975297 temp=12.72
2026-02-04 01:31:11,428 - INFO - 📄 الملف: freeze_clinic_130600112767.csv
2026-02-04 01:31:11,428 - INFO - تم تحليل 96 إدخال من data/input_raw/freeze_clinic_130600112767.csv
2026-02-04 01:31:11,428 - INFO - 📊 عدد الإدخالات: 96
2026-02-04 01:31:11,428 - INFO - 📝 أول 3 عينات:
2026-02-04 01:31:11,428 - INFO -   1: device=130600112767 ts=2026-01-30 12:52:41.974660 temp=-1.76
2026-02-04 01:31:11,429 - INFO -   2: device=130600112767 ts=2026-01-30 13:07:41.974660 temp=-2.38
2026-02-04 01:31:11,429 - INFO -   3: device=130600112767 ts=2026-01-30 13:22:41.974660 temp=-2.42
2026-02-04 01:31:11,429 - INFO - 📄 الملف: safe_hospital_130600112764.csv
2026-02-04 01:31:11,429 - INFO - تم تحليل 96 إدخال من data/input_raw/safe_hospital_130600112764.csv
2026-02-04 01:31:11,429 - INFO - 📊 عدد الإدخالات: 96
2026-02-04 01:31:11,430 - INFO - 📝 أول 3 عينات:
2026-02-04 01:31:11,430 - INFO -   1: device=130600112764 ts=2026-01-30 12:52:41.973957 temp=4.6
2026-02-04 01:31:11,430 - INFO -   2: device=130600112764 ts=2026-01-30 13:07:41.973957 temp=4.65
2026-02-04 01:31:11,430 - INFO -   3: device=130600112764 ts=2026-01-30 13:22:41.973957 temp=5.29
2026-02-04 01:31:11,431 - INFO - تم ربط 3 إدخال، تم تخطي 1
2026-02-04 01:31:11,433 - INFO - تم ربط 3 إدخال، تم تخطي 1
2026-02-04 01:31:11,434 - INFO - تم ربط 0 إدخال، تم تخطي 2
2026-02-04 01:31:11,435 - INFO - تم ربط 0 إدخال، تم تخطي 0
2026-02-04 01:31:11,440 - INFO - تم ربط 0 إدخال، تم تخطي 4
2026-02-04 01:31:11,444 - INFO - تم تحليل 2 إدخال من /tmp/pytest-of-amer11974/pytest-1/test_parse_valid_csv0/data/test_readings.csv
2026-02-04 01:31:11,447 - WARNING - تنسيق غير معروف في /tmp/pytest-of-amer11974/pytest-1/test_parse_invalid_file0/empty.csv
2026-02-04 01:31:11,447 - INFO - تم تحليل 0 إدخال من /tmp/pytest-of-amer11974/pytest-1/test_parse_invalid_file0/empty.csv
2026-02-04 01:31:11,451 - WARNING - تخطي صف 0 في /tmp/pytest-of-amer11974/pytest-1/test_parse_malformed_rows0/data_malformed/bad_readings.csv: could not convert string to float: 'invalid_temp'
2026-02-04 01:31:11,451 - INFO - تم تحليل 1 إدخال من /tmp/pytest-of-amer11974/pytest-1/test_parse_malformed_rows0/data_malformed/bad_readings.csv
2026-02-04 01:31:11,460 - INFO - 📄 إنشاء تقرير PDF احترافي
2026-02-04 01:31:11,460 - INFO - ==================================================
2026-02-04 01:31:11,460 - ERROR - ❌ ملف التقرير غير موجود: data/output/centers_report.tsv
2026-02-04 01:31:11,461 - INFO - ⚠️  قم بتشغيل النظام أولاً:
2026-02-04 01:31:11,463 - INFO -    python -m scripts.run_ft2_pipeline --legacy
2026-02-04 01:31:11,468 - INFO - 📄 إنشاء تقرير PDF احترافي
2026-02-04 01:31:11,468 - INFO - ==================================================
2026-02-04 01:31:11,468 - INFO - 📊 قراءة البيانات من: data/output/centers_report.tsv
2026-02-04 01:31:11,468 - INFO - 🔄 جاري إنشاء التقرير...
2026-02-04 01:31:11,469 - INFO - 
✅ تم إنشاء التقرير بنجاح!
2026-02-04 01:31:11,469 - INFO - 📍 الموقع: /fake/report.pdf
2026-02-04 01:31:13,155 - INFO - 📂 تم فتح التقرير تلقائياً
2026-02-04 01:31:13,189 - INFO - | Test Scenario             | 5.0°C(1.0h) + 15.0°C(24.0h)                   | 1.0    days | NONE  | NO_DATA                        |
2026-02-04 01:31:18,609 - INFO - Mock data created at: data/output/visual_tests/mock_visual_data.tsv
2026-02-04 01:31:18,610 - INFO - ⚠️ رسالة مفقودة: VISUAL_REPORT_OFFICIAL
2026-02-04 01:31:18,610 - INFO - Done: /tmp/pytest-of-amer11974/pytest-1/test_verify_visual_reports_run0/data/output/visual_tests/visual_test_official.pdf
2026-02-04 01:31:18,610 - INFO - ⚠️ رسالة مفقودة: VISUAL_REPORT_TECHNICAL
2026-02-04 01:31:18,610 - INFO - Done: /tmp/pytest-of-amer11974/pytest-1/test_verify_visual_reports_run0/data/output/visual_tests/visual_test_official.pdf
2026-02-04 01:31:18,610 - INFO - ⚠️ رسالة مفقودة: VISUAL_REPORT_ARABIC
2026-02-04 01:31:18,611 - INFO - Done: /tmp/pytest-of-amer11974/pytest-1/test_verify_visual_reports_run0/data/output/visual_tests/visual_test_official.pdf
2026-02-04 02:36:48,687 - INFO - ✅ تم إنشاء تقرير المراكز: /tmp/pytest-of-amer11974/pytest-2/test_centers_report_snapshot0/centers_report.tsv
2026-02-04 02:36:48,761 - INFO - 🧹 تنظيف الملفات التالفة في data/input_ft2
2026-02-04 02:36:48,786 - INFO - 🗑️ تم حذف: bad1.txt (فارغ تماماً)
2026-02-04 02:36:48,786 - INFO - ✅ تم تنظيف 1 ملف.
2026-02-04 02:36:48,787 - INFO - فحص الملفات الخام في: data/input_raw
2026-02-04 02:36:48,788 - INFO - 📄 الملف: test_data.csv
2026-02-04 02:36:48,795 - INFO - تم تحليل 6 إدخال من data/input_raw/test_data.csv
2026-02-04 02:36:48,795 - INFO - 📊 عدد الإدخالات: 6
2026-02-04 02:36:48,795 - INFO - 📝 أول 3 عينات:
2026-02-04 02:36:48,796 - INFO -   1: device=130600112764 ts=2024-01-15 08:00:00 temp=5.2
2026-02-04 02:36:48,796 - INFO -   2: device=130600112764 ts=2024-01-15 12:00:00 temp=4.8
2026-02-04 02:36:48,796 - INFO -   3: device=130600112767 ts=2024-01-15 08:00:00 temp=-1.5
2026-02-04 02:36:48,796 - INFO - 📄 الملف: heat_mobile_130600112769.csv
2026-02-04 02:36:48,811 - INFO - تم تحليل 96 إدخال من data/input_raw/heat_mobile_130600112769.csv
2026-02-04 02:36:48,811 - INFO - 📊 عدد الإدخالات: 96
2026-02-04 02:36:48,811 - INFO - 📝 أول 3 عينات:
2026-02-04 02:36:48,811 - INFO -   1: device=130600112769 ts=2026-01-30 12:52:41.975297 temp=11.98
2026-02-04 02:36:48,812 - INFO -   2: device=130600112769 ts=2026-01-30 13:07:41.975297 temp=11.9
2026-02-04 02:36:48,812 - INFO -   3: device=130600112769 ts=2026-01-30 13:22:41.975297 temp=12.72
2026-02-04 02:36:48,812 - INFO - 📄 الملف: freeze_clinic_130600112767.csv
2026-02-04 02:36:48,813 - INFO - تم تحليل 96 إدخال من data/input_raw/freeze_clinic_130600112767.csv
2026-02-04 02:36:48,813 - INFO - 📊 عدد الإدخالات: 96
2026-02-04 02:36:48,813 - INFO - 📝 أول 3 عينات:
2026-02-04 02:36:48,813 - INFO -   1: device=130600112767 ts=2026-01-30 12:52:41.974660 temp=-1.76
2026-02-04 02:36:48,813 - INFO -   2: device=130600112767 ts=2026-01-30 13:07:41.974660 temp=-2.38
2026-02-04 02:36:48,814 - INFO -   3: device=130600112767 ts=2026-01-30 13:22:41.974660 temp=-2.42
2026-02-04 02:36:48,814 - INFO - 📄 الملف: safe_hospital_130600112764.csv
2026-02-04 02:36:48,815 - INFO - تم تحليل 96 إدخال من data/input_raw/safe_hospital_130600112764.csv
2026-02-04 02:36:48,815 - INFO - 📊 عدد الإدخالات: 96
2026-02-04 02:36:48,815 - INFO - 📝 أول 3 عينات:
2026-02-04 02:36:48,815 - INFO -   1: device=130600112764 ts=2026-01-30 12:52:41.973957 temp=4.6
2026-02-04 02:36:48,815 - INFO -   2: device=130600112764 ts=2026-01-30 13:07:41.973957 temp=4.65
2026-02-04 02:36:48,815 - INFO -   3: device=130600112764 ts=2026-01-30 13:22:41.973957 temp=5.29
2026-02-04 02:36:48,817 - INFO - تم ربط 3 إدخال، تم تخطي 1
2026-02-04 02:36:48,818 - INFO - تم ربط 3 إدخال، تم تخطي 1
2026-02-04 02:36:48,820 - INFO - تم ربط 0 إدخال، تم تخطي 2
2026-02-04 02:36:48,822 - INFO - تم ربط 0 إدخال، تم تخطي 0
2026-02-04 02:36:48,824 - INFO - تم ربط 0 إدخال، تم تخطي 4
2026-02-04 02:36:48,827 - INFO - تم تحليل 2 إدخال من /tmp/pytest-of-amer11974/pytest-2/test_parse_valid_csv0/data/test_readings.csv
2026-02-04 02:36:48,830 - WARNING - تنسيق غير معروف في /tmp/pytest-of-amer11974/pytest-2/test_parse_invalid_file0/empty.csv
2026-02-04 02:36:48,830 - INFO - تم تحليل 0 إدخال من /tmp/pytest-of-amer11974/pytest-2/test_parse_invalid_file0/empty.csv
2026-02-04 02:36:48,833 - WARNING - تخطي صف 0 في /tmp/pytest-of-amer11974/pytest-2/test_parse_malformed_rows0/data_malformed/bad_readings.csv: could not convert string to float: 'invalid_temp'
2026-02-04 02:36:48,833 - INFO - تم تحليل 1 إدخال من /tmp/pytest-of-amer11974/pytest-2/test_parse_malformed_rows0/data_malformed/bad_readings.csv
2026-02-04 02:36:48,841 - INFO - 📄 إنشاء تقرير PDF احترافي
2026-02-04 02:36:48,841 - INFO - ==================================================
2026-02-04 02:36:48,841 - ERROR - ❌ ملف التقرير غير موجود: data/output/centers_report.tsv
2026-02-04 02:36:48,841 - INFO - ⚠️  قم بتشغيل النظام أولاً:
2026-02-04 02:36:48,841 - INFO -    python -m scripts.run_ft2_pipeline --legacy
2026-02-04 02:36:48,849 - INFO - 📄 إنشاء تقرير PDF احترافي
2026-02-04 02:36:48,849 - INFO - ==================================================
2026-02-04 02:36:48,850 - INFO - 📊 قراءة البيانات من: data/output/centers_report.tsv
2026-02-04 02:36:48,850 - INFO - 🔄 جاري إنشاء التقرير...
2026-02-04 02:36:48,851 - INFO - 
✅ تم إنشاء التقرير بنجاح!
2026-02-04 02:36:48,851 - INFO - 📍 الموقع: /fake/report.pdf
2026-02-04 02:36:49,035 - INFO - 📂 تم فتح التقرير تلقائياً
2026-02-04 02:36:49,109 - INFO - | Test Scenario             | 5.0°C(1.0h) + 15.0°C(24.0h)                   | 1.0    days | NONE  | NO_DATA                        |
2026-02-04 02:36:53,845 - INFO - Mock data created at: data/output/visual_tests/mock_visual_data.tsv
2026-02-04 02:36:53,846 - INFO - ⚠️ رسالة مفقودة: VISUAL_REPORT_OFFICIAL
2026-02-04 02:36:53,846 - INFO - Done: /tmp/pytest-of-amer11974/pytest-2/test_verify_visual_reports_run0/data/output/visual_tests/visual_test_official.pdf
2026-02-04 02:36:53,846 - INFO - ⚠️ رسالة مفقودة: VISUAL_REPORT_TECHNICAL
2026-02-04 02:36:53,846 - INFO - Done: /tmp/pytest-of-amer11974/pytest-2/test_verify_visual_reports_run0/data/output/visual_tests/visual_test_official.pdf
2026-02-04 02:36:53,846 - INFO - ⚠️ رسالة مفقودة: VISUAL_REPORT_ARABIC
2026-02-04 02:36:53,846 - INFO - Done: /tmp/pytest-of-amer11974/pytest-2/test_verify_visual_reports_run0/data/output/visual_tests/visual_test_official.pdf
2026-02-04 02:55:01,879 - INFO - ✅ تم إنشاء تقرير المراكز: /tmp/pytest-of-amer11974/pytest-3/test_centers_report_snapshot0/centers_report.tsv
2026-02-04 02:55:01,904 - INFO - 🧹 تنظيف الملفات التالفة في data/input_ft2
2026-02-04 02:55:01,906 - INFO - 🗑️ تم حذف: bad1.txt (فارغ تماماً)
2026-02-04 02:55:01,906 - INFO - ✅ تم تنظيف 1 ملف.
2026-02-04 02:55:01,913 - INFO - فحص الملفات الخام في: data/input_raw
2026-02-04 02:55:01,913 - INFO - 📄 الملف: test_data.csv
2026-02-04 02:55:01,914 - INFO - تم تحليل 6 إدخال من data/input_raw/test_data.csv
2026-02-04 02:55:01,914 - INFO - 📊 عدد الإدخالات: 6
2026-02-04 02:55:01,915 - INFO - 📝 أول 3 عينات:
2026-02-04 02:55:01,915 - INFO -   1: device=130600112764 ts=2024-01-15 08:00:00 temp=5.2
2026-02-04 02:55:01,915 - INFO -   2: device=130600112764 ts=2024-01-15 12:00:00 temp=4.8
2026-02-04 02:55:01,915 - INFO -   3: device=130600112767 ts=2024-01-15 08:00:00 temp=-1.5
2026-02-04 02:55:01,915 - INFO - 📄 الملف: heat_mobile_130600112769.csv
2026-02-04 02:55:01,915 - INFO - تم تحليل 96 إدخال من data/input_raw/heat_mobile_130600112769.csv
2026-02-04 02:55:01,916 - INFO - 📊 عدد الإدخالات: 96
2026-02-04 02:55:01,916 - INFO - 📝 أول 3 عينات:
2026-02-04 02:55:01,916 - INFO -   1: device=130600112769 ts=2026-01-30 12:52:41.975297 temp=11.98
2026-02-04 02:55:01,916 - INFO -   2: device=130600112769 ts=2026-01-30 13:07:41.975297 temp=11.9
2026-02-04 02:55:01,916 - INFO -   3: device=130600112769 ts=2026-01-30 13:22:41.975297 temp=12.72
2026-02-04 02:55:01,916 - INFO - 📄 الملف: freeze_clinic_130600112767.csv
2026-02-04 02:55:01,917 - INFO - تم تحليل 96 إدخال من data/input_raw/freeze_clinic_130600112767.csv
2026-02-04 02:55:01,917 - INFO - 📊 عدد الإدخالات: 96
2026-02-04 02:55:01,917 - INFO - 📝 أول 3 عينات:
2026-02-04 02:55:01,917 - INFO -   1: device=130600112767 ts=2026-01-30 12:52:41.974660 temp=-1.76
2026-02-04 02:55:01,917 - INFO -   2: device=130600112767 ts=2026-01-30 13:07:41.974660 temp=-2.38
2026-02-04 02:55:01,917 - INFO -   3: device=130600112767 ts=2026-01-30 13:22:41.974660 temp=-2.42
2026-02-04 02:55:01,917 - INFO - 📄 الملف: safe_hospital_130600112764.csv
2026-02-04 02:55:01,918 - INFO - تم تحليل 96 إدخال من data/input_raw/safe_hospital_130600112764.csv
2026-02-04 02:55:01,918 - INFO - 📊 عدد الإدخالات: 96
2026-02-04 02:55:01,918 - INFO - 📝 أول 3 عينات:
2026-02-04 02:55:01,918 - INFO -   1: device=130600112764 ts=2026-01-30 12:52:41.973957 temp=4.6
2026-02-04 02:55:01,918 - INFO -   2: device=130600112764 ts=2026-01-30 13:07:41.973957 temp=4.65
2026-02-04 02:55:01,918 - INFO -   3: device=130600112764 ts=2026-01-30 13:22:41.973957 temp=5.29
2026-02-04 02:55:01,920 - INFO - تم ربط 3 إدخال، تم تخطي 1
2026-02-04 02:55:01,921 - INFO - تم ربط 3 إدخال، تم تخطي 1
2026-02-04 02:55:01,922 - INFO - تم ربط 0 إدخال، تم تخطي 2
2026-02-04 02:55:01,932 - INFO - تم ربط 0 إدخال، تم تخطي 0
2026-02-04 02:55:01,935 - INFO - تم ربط 0 إدخال، تم تخطي 4
2026-02-04 02:55:01,939 - INFO - تم تحليل 2 إدخال من /tmp/pytest-of-amer11974/pytest-3/test_parse_valid_csv0/data/test_readings.csv
2026-02-04 02:55:01,941 - WARNING - تنسيق غير معروف في /tmp/pytest-of-amer11974/pytest-3/test_parse_invalid_file0/empty.csv
2026-02-04 02:55:01,941 - INFO - تم تحليل 0 إدخال من /tmp/pytest-of-amer11974/pytest-3/test_parse_invalid_file0/empty.csv
2026-02-04 02:55:01,945 - WARNING - تخطي صف 0 في /tmp/pytest-of-amer11974/pytest-3/test_parse_malformed_rows0/data_malformed/bad_readings.csv: could not convert string to float: 'invalid_temp'
2026-02-04 02:55:01,945 - INFO - تم تحليل 1 إدخال من /tmp/pytest-of-amer11974/pytest-3/test_parse_malformed_rows0/data_malformed/bad_readings.csv
2026-02-04 02:55:01,959 - INFO - 📄 إنشاء تقرير PDF احترافي
2026-02-04 02:55:01,960 - INFO - ==================================================
2026-02-04 02:55:01,960 - ERROR - ❌ ملف التقرير غير موجود: data/output/centers_report.tsv
2026-02-04 02:55:01,960 - INFO - ⚠️  قم بتشغيل النظام أولاً:
2026-02-04 02:55:01,960 - INFO -    python -m scripts.run_ft2_pipeline --legacy
2026-02-04 02:55:01,973 - INFO - 📄 إنشاء تقرير PDF احترافي
2026-02-04 02:55:01,973 - INFO - ==================================================
2026-02-04 02:55:01,973 - INFO - 📊 قراءة البيانات من: data/output/centers_report.tsv
2026-02-04 02:55:01,975 - INFO - 🔄 جاري إنشاء التقرير...
2026-02-04 02:55:01,975 - INFO - 
✅ تم إنشاء التقرير بنجاح!
2026-02-04 02:55:01,976 - INFO - 📍 الموقع: /fake/report.pdf
2026-02-04 02:55:02,009 - INFO - 📂 تم فتح التقرير تلقائياً
2026-02-04 02:55:02,034 - INFO - | Test Scenario             | 5.0°C(1.0h) + 15.0°C(24.0h)                   | 1.0    days | NONE  | NO_DATA                        |
2026-02-04 02:55:04,663 - INFO - Mock data created at: data/output/visual_tests/mock_visual_data.tsv
2026-02-04 02:55:04,663 - INFO - ⚠️ رسالة مفقودة: VISUAL_REPORT_OFFICIAL
2026-02-04 02:55:04,664 - INFO - Done: /tmp/pytest-of-amer11974/pytest-3/test_verify_visual_reports_run0/data/output/visual_tests/visual_test_official.pdf
2026-02-04 02:55:04,664 - INFO - ⚠️ رسالة مفقودة: VISUAL_REPORT_TECHNICAL
2026-02-04 02:55:04,664 - INFO - Done: /tmp/pytest-of-amer11974/pytest-3/test_verify_visual_reports_run0/data/output/visual_tests/visual_test_official.pdf
2026-02-04 02:55:04,664 - INFO - ⚠️ رسالة مفقودة: VISUAL_REPORT_ARABIC
2026-02-04 02:55:04,664 - INFO - Done: /tmp/pytest-of-amer11974/pytest-3/test_verify_visual_reports_run0/data/output/visual_tests/visual_test_official.pdf
2026-02-04 22:07:41,572 - INFO - ✅ تم إنشاء تقرير المراكز: /tmp/pytest-of-amer11974/pytest-0/test_centers_report_snapshot0/centers_report.tsv
2026-02-04 22:07:41,710 - INFO - 🧹 تنظيف الملفات التالفة في data/input_ft2
2026-02-04 22:07:41,746 - INFO - 🗑️ تم حذف: bad1.txt (فارغ تماماً)
2026-02-04 22:07:41,746 - INFO - ✅ تم تنظيف 1 ملف.
2026-02-04 22:07:41,747 - INFO - فحص الملفات الخام في: data/input_raw
2026-02-04 22:07:41,748 - INFO - 📄 الملف: test_data.csv
2026-02-04 22:07:41,748 - INFO - تم تحليل 6 إدخال من data/input_raw/test_data.csv
2026-02-04 22:07:41,748 - INFO - 📊 عدد الإدخالات: 6
2026-02-04 22:07:41,749 - INFO - 📝 أول 3 عينات:
2026-02-04 22:07:41,749 - INFO -   1: device=130600112764 ts=2024-01-15 08:00:00 temp=5.2
2026-02-04 22:07:41,749 - INFO -   2: device=130600112764 ts=2024-01-15 12:00:00 temp=4.8
2026-02-04 22:07:41,749 - INFO -   3: device=130600112767 ts=2024-01-15 08:00:00 temp=-1.5
2026-02-04 22:07:41,749 - INFO - 📄 الملف: heat_mobile_130600112769.csv
2026-02-04 22:07:41,765 - INFO - تم تحليل 96 إدخال من data/input_raw/heat_mobile_130600112769.csv
2026-02-04 22:07:41,765 - INFO - 📊 عدد الإدخالات: 96
2026-02-04 22:07:41,765 - INFO - 📝 أول 3 عينات:
2026-02-04 22:07:41,765 - INFO -   1: device=130600112769 ts=2026-01-30 12:52:41.975297 temp=11.98
2026-02-04 22:07:41,765 - INFO -   2: device=130600112769 ts=2026-01-30 13:07:41.975297 temp=11.9
2026-02-04 22:07:41,766 - INFO -   3: device=130600112769 ts=2026-01-30 13:22:41.975297 temp=12.72
2026-02-04 22:07:41,766 - INFO - 📄 الملف: freeze_clinic_130600112767.csv
2026-02-04 22:07:41,766 - INFO - تم تحليل 96 إدخال من data/input_raw/freeze_clinic_130600112767.csv
2026-02-04 22:07:41,767 - INFO - 📊 عدد الإدخالات: 96
2026-02-04 22:07:41,767 - INFO - 📝 أول 3 عينات:
2026-02-04 22:07:41,767 - INFO -   1: device=130600112767 ts=2026-01-30 12:52:41.974660 temp=-1.76
2026-02-04 22:07:41,767 - INFO -   2: device=130600112767 ts=2026-01-30 13:07:41.974660 temp=-2.38
2026-02-04 22:07:41,767 - INFO -   3: device=130600112767 ts=2026-01-30 13:22:41.974660 temp=-2.42
2026-02-04 22:07:41,767 - INFO - 📄 الملف: safe_hospital_130600112764.csv
2026-02-04 22:07:41,768 - INFO - تم تحليل 96 إدخال من data/input_raw/safe_hospital_130600112764.csv
2026-02-04 22:07:41,768 - INFO - 📊 عدد الإدخالات: 96
2026-02-04 22:07:41,768 - INFO - 📝 أول 3 عينات:
2026-02-04 22:07:41,769 - INFO -   1: device=130600112764 ts=2026-01-30 12:52:41.973957 temp=4.6
2026-02-04 22:07:41,769 - INFO -   2: device=130600112764 ts=2026-01-30 13:07:41.973957 temp=4.65
2026-02-04 22:07:41,769 - INFO -   3: device=130600112764 ts=2026-01-30 13:22:41.973957 temp=5.29
2026-02-04 22:07:41,771 - INFO - تم ربط 3 إدخال، تم تخطي 1
2026-02-04 22:07:41,772 - INFO - تم ربط 3 إدخال، تم تخطي 1
2026-02-04 22:07:41,773 - INFO - تم ربط 0 إدخال، تم تخطي 2
2026-02-04 22:07:41,775 - INFO - تم ربط 0 إدخال، تم تخطي 0
2026-02-04 22:07:41,778 - INFO - تم ربط 0 إدخال، تم تخطي 4
2026-02-04 22:07:41,781 - INFO - تم تحليل 2 إدخال من /tmp/pytest-of-amer11974/pytest-0/test_parse_valid_csv0/data/test_readings.csv
2026-02-04 22:07:41,783 - WARNING - تنسيق غير معروف في /tmp/pytest-of-amer11974/pytest-0/test_parse_invalid_file0/empty.csv
2026-02-04 22:07:41,783 - INFO - تم تحليل 0 إدخال من /tmp/pytest-of-amer11974/pytest-0/test_parse_invalid_file0/empty.csv
2026-02-04 22:07:41,800 - WARNING - تخطي صف 0 في /tmp/pytest-of-amer11974/pytest-0/test_parse_malformed_rows0/data_malformed/bad_readings.csv: could not convert string to float: 'invalid_temp'
2026-02-04 22:07:41,800 - INFO - تم تحليل 1 إدخال من /tmp/pytest-of-amer11974/pytest-0/test_parse_malformed_rows0/data_malformed/bad_readings.csv
2026-02-04 22:07:41,807 - INFO - 📄 إنشاء تقرير PDF احترافي
2026-02-04 22:07:41,807 - INFO - ==================================================
2026-02-04 22:07:41,807 - ERROR - ❌ ملف التقرير غير موجود: data/output/centers_report.tsv
2026-02-04 22:07:41,807 - INFO - ⚠️  قم بتشغيل النظام أولاً:
2026-02-04 22:07:41,807 - INFO -    python -m scripts.run_ft2_pipeline --legacy
2026-02-04 22:07:41,870 - INFO - 📄 إنشاء تقرير PDF احترافي
2026-02-04 22:07:41,870 - INFO - ==================================================
2026-02-04 22:07:41,870 - INFO - 📊 قراءة البيانات من: data/output/centers_report.tsv
2026-02-04 22:07:41,871 - INFO - 🔄 جاري إنشاء التقرير...
2026-02-04 22:07:41,871 - INFO - 
✅ تم إنشاء التقرير بنجاح!
2026-02-04 22:07:41,871 - INFO - 📍 الموقع: /fake/report.pdf
2026-02-04 22:07:46,265 - INFO - 📂 تم فتح التقرير تلقائياً
2026-02-04 22:07:46,457 - INFO - | Test Scenario             | 5.0°C(1.0h) + 15.0°C(24.0h)                   | 1.0    days | NONE  | NO_DATA                        |
2026-02-04 22:14:10,400 - INFO - ✅ تم إنشاء تقرير المراكز: /tmp/pytest-of-amer11974/pytest-1/test_centers_report_snapshot0/centers_report.tsv
2026-02-04 22:14:10,431 - INFO - 🧹 تنظيف الملفات التالفة في data/input_ft2
2026-02-04 22:14:10,432 - INFO - 🗑️ تم حذف: bad1.txt (فارغ تماماً)
2026-02-04 22:14:10,432 - INFO - ✅ تم تنظيف 1 ملف.
2026-02-04 22:14:10,433 - INFO - فحص الملفات الخام في: data/input_raw
2026-02-04 22:14:10,434 - INFO - 📄 الملف: test_data.csv
2026-02-04 22:14:10,434 - INFO - تم تحليل 6 إدخال من data/input_raw/test_data.csv
2026-02-04 22:14:10,434 - INFO - 📊 عدد الإدخالات: 6
2026-02-04 22:14:10,435 - INFO - 📝 أول 3 عينات:
2026-02-04 22:14:10,435 - INFO -   1: device=130600112764 ts=2024-01-15 08:00:00 temp=5.2
2026-02-04 22:14:10,435 - INFO -   2: device=130600112764 ts=2024-01-15 12:00:00 temp=4.8
2026-02-04 22:14:10,435 - INFO -   3: device=130600112767 ts=2024-01-15 08:00:00 temp=-1.5
2026-02-04 22:14:10,435 - INFO - 📄 الملف: heat_mobile_130600112769.csv
2026-02-04 22:14:10,435 - INFO - تم تحليل 96 إدخال من data/input_raw/heat_mobile_130600112769.csv
2026-02-04 22:14:10,436 - INFO - 📊 عدد الإدخالات: 96
2026-02-04 22:14:10,436 - INFO - 📝 أول 3 عينات:
2026-02-04 22:14:10,436 - INFO -   1: device=130600112769 ts=2026-01-30 12:52:41.975297 temp=11.98
2026-02-04 22:14:10,436 - INFO -   2: device=130600112769 ts=2026-01-30 13:07:41.975297 temp=11.9
2026-02-04 22:14:10,436 - INFO -   3: device=130600112769 ts=2026-01-30 13:22:41.975297 temp=12.72
2026-02-04 22:14:10,436 - INFO - 📄 الملف: freeze_clinic_130600112767.csv
2026-02-04 22:14:10,437 - INFO - تم تحليل 96 إدخال من data/input_raw/freeze_clinic_130600112767.csv
2026-02-04 22:14:10,438 - INFO - 📊 عدد الإدخالات: 96
2026-02-04 22:14:10,438 - INFO - 📝 أول 3 عينات:
2026-02-04 22:14:10,438 - INFO -   1: device=130600112767 ts=2026-01-30 12:52:41.974660 temp=-1.76
2026-02-04 22:14:10,438 - INFO -   2: device=130600112767 ts=2026-01-30 13:07:41.974660 temp=-2.38
2026-02-04 22:14:10,438 - INFO -   3: device=130600112767 ts=2026-01-30 13:22:41.974660 temp=-2.42
2026-02-04 22:14:10,439 - INFO - 📄 الملف: safe_hospital_130600112764.csv
2026-02-04 22:14:10,440 - INFO - تم تحليل 96 إدخال من data/input_raw/safe_hospital_130600112764.csv
2026-02-04 22:14:10,440 - INFO - 📊 عدد الإدخالات: 96
2026-02-04 22:14:10,440 - INFO - 📝 أول 3 عينات:
2026-02-04 22:14:10,440 - INFO -   1: device=130600112764 ts=2026-01-30 12:52:41.973957 temp=4.6
2026-02-04 22:14:10,441 - INFO -   2: device=130600112764 ts=2026-01-30 13:07:41.973957 temp=4.65
2026-02-04 22:14:10,441 - INFO -   3: device=130600112764 ts=2026-01-30 13:22:41.973957 temp=5.29
2026-02-04 22:14:10,446 - INFO - تم ربط 3 إدخال، تم تخطي 1
2026-02-04 22:14:10,448 - INFO - تم ربط 3 إدخال، تم تخطي 1
2026-02-04 22:14:10,449 - INFO - تم ربط 0 إدخال، تم تخطي 2
2026-02-04 22:14:10,451 - INFO - تم ربط 0 إدخال، تم تخطي 0
2026-02-04 22:14:10,452 - INFO - تم ربط 0 إدخال، تم تخطي 4
2026-02-04 22:14:10,456 - INFO - تم تحليل 2 إدخال من /tmp/pytest-of-amer11974/pytest-1/test_parse_valid_csv0/data/test_readings.csv
2026-02-04 22:14:10,498 - WARNING - تنسيق غير معروف في /tmp/pytest-of-amer11974/pytest-1/test_parse_invalid_file0/empty.csv
2026-02-04 22:14:10,498 - INFO - تم تحليل 0 إدخال من /tmp/pytest-of-amer11974/pytest-1/test_parse_invalid_file0/empty.csv
2026-02-04 22:14:10,502 - WARNING - تخطي صف 0 في /tmp/pytest-of-amer11974/pytest-1/test_parse_malformed_rows0/data_malformed/bad_readings.csv: could not convert string to float: 'invalid_temp'
2026-02-04 22:14:10,502 - INFO - تم تحليل 1 إدخال من /tmp/pytest-of-amer11974/pytest-1/test_parse_malformed_rows0/data_malformed/bad_readings.csv
2026-02-04 22:14:10,508 - INFO - 📄 إنشاء تقرير PDF احترافي
2026-02-04 22:14:10,508 - INFO - ==================================================
2026-02-04 22:14:10,508 - ERROR - ❌ ملف التقرير غير موجود: data/output/centers_report.tsv
2026-02-04 22:14:10,508 - INFO - ⚠️  قم بتشغيل النظام أولاً:
2026-02-04 22:14:10,508 - INFO -    python -m scripts.run_ft2_pipeline --legacy
2026-02-04 22:14:10,514 - INFO - 📄 إنشاء تقرير PDF احترافي
2026-02-04 22:14:10,515 - INFO - ==================================================
2026-02-04 22:14:10,515 - INFO - 📊 قراءة البيانات من: data/output/centers_report.tsv
2026-02-04 22:14:10,515 - INFO - 🔄 جاري إنشاء التقرير...
2026-02-04 22:14:10,515 - INFO - 
✅ تم إنشاء التقرير بنجاح!
2026-02-04 22:14:10,515 - INFO - 📍 الموقع: /fake/report.pdf
2026-02-04 22:14:10,683 - INFO - 📂 تم فتح التقرير تلقائياً
2026-02-04 22:14:10,745 - INFO - | Test Scenario             | 5.0°C(1.0h) + 15.0°C(24.0h)                   | 1.0    days | NONE  | NO_DATA                        |
2026-02-04 22:36:20,374 - INFO - Mock data created at: data/output/visual_tests/mock_visual_data.tsv
2026-02-04 22:36:20,375 - INFO - ⚠️ رسالة مفقودة: VISUAL_REPORT_OFFICIAL
2026-02-04 22:36:20,375 - INFO - Done: /tmp/pytest-of-amer11974/pytest-3/test_verify_visual_reports_run0/data/output/visual_tests/visual_test_official.pdf
2026-02-04 22:36:20,375 - INFO - ⚠️ رسالة مفقودة: VISUAL_REPORT_TECHNICAL
2026-02-04 22:36:20,375 - INFO - Done: /tmp/pytest-of-amer11974/pytest-3/test_verify_visual_reports_run0/data/output/visual_tests/visual_test_official.pdf
2026-02-04 22:36:20,376 - INFO - ⚠️ رسالة مفقودة: VISUAL_REPORT_ARABIC
2026-02-04 22:36:20,376 - INFO - Done: /tmp/pytest-of-amer11974/pytest-3/test_verify_visual_reports_run0/data/output/visual_tests/visual_test_official.pdf
2026-02-04 22:36:39,856 - INFO - Mock data created at: data/output/visual_tests/mock_visual_data.tsv
2026-02-04 22:36:39,857 - INFO - ⚠️ رسالة مفقودة: VISUAL_REPORT_OFFICIAL
2026-02-04 22:36:39,857 - INFO - Done: /tmp/pytest-of-amer11974/pytest-4/test_verify_visual_reports_run0/data/output/visual_tests/visual_test_official.pdf
2026-02-04 22:36:39,857 - INFO - ⚠️ رسالة مفقودة: VISUAL_REPORT_TECHNICAL
2026-02-04 22:36:39,857 - INFO - Done: /tmp/pytest-of-amer11974/pytest-4/test_verify_visual_reports_run0/data/output/visual_tests/visual_test_official.pdf
2026-02-04 22:36:39,858 - INFO - ⚠️ رسالة مفقودة: VISUAL_REPORT_ARABIC
2026-02-04 22:36:39,858 - INFO - Done: /tmp/pytest-of-amer11974/pytest-4/test_verify_visual_reports_run0/data/output/visual_tests/visual_test_official.pdf
2026-02-04 22:36:47,908 - INFO - ✅ تم إنشاء تقرير المراكز: /tmp/pytest-of-amer11974/pytest-5/test_centers_report_snapshot0/centers_report.tsv
2026-02-04 22:36:47,931 - INFO - 🧹 تنظيف الملفات التالفة في data/input_ft2
2026-02-04 22:36:47,932 - INFO - 🗑️ تم حذف: bad1.txt (فارغ تماماً)
2026-02-04 22:36:47,932 - INFO - ✅ تم تنظيف 1 ملف.
2026-02-04 22:36:47,934 - INFO - فحص الملفات الخام في: data/input_raw
2026-02-04 22:36:47,934 - INFO - 📄 الملف: test_data.csv
2026-02-04 22:36:47,934 - INFO - تم تحليل 6 إدخال من data/input_raw/test_data.csv
2026-02-04 22:36:47,935 - INFO - 📊 عدد الإدخالات: 6
2026-02-04 22:36:47,935 - INFO - 📝 أول 3 عينات:
2026-02-04 22:36:47,935 - INFO -   1: device=130600112764 ts=2024-01-15 08:00:00 temp=5.2
2026-02-04 22:36:47,935 - INFO -   2: device=130600112764 ts=2024-01-15 12:00:00 temp=4.8
2026-02-04 22:36:47,935 - INFO -   3: device=130600112767 ts=2024-01-15 08:00:00 temp=-1.5
2026-02-04 22:36:47,935 - INFO - 📄 الملف: heat_mobile_130600112769.csv
2026-02-04 22:36:47,936 - INFO - تم تحليل 96 إدخال من data/input_raw/heat_mobile_130600112769.csv
2026-02-04 22:36:47,937 - INFO - 📊 عدد الإدخالات: 96
2026-02-04 22:36:47,937 - INFO - 📝 أول 3 عينات:
2026-02-04 22:36:47,937 - INFO -   1: device=130600112769 ts=2026-01-30 12:52:41.975297 temp=11.98
2026-02-04 22:36:47,937 - INFO -   2: device=130600112769 ts=2026-01-30 13:07:41.975297 temp=11.9
2026-02-04 22:36:47,937 - INFO -   3: device=130600112769 ts=2026-01-30 13:22:41.975297 temp=12.72
2026-02-04 22:36:47,937 - INFO - 📄 الملف: freeze_clinic_130600112767.csv
2026-02-04 22:36:47,941 - INFO - تم تحليل 96 إدخال من data/input_raw/freeze_clinic_130600112767.csv
2026-02-04 22:36:47,941 - INFO - 📊 عدد الإدخالات: 96
2026-02-04 22:36:47,941 - INFO - 📝 أول 3 عينات:
2026-02-04 22:36:47,942 - INFO -   1: device=130600112767 ts=2026-01-30 12:52:41.974660 temp=-1.76
2026-02-04 22:36:47,942 - INFO -   2: device=130600112767 ts=2026-01-30 13:07:41.974660 temp=-2.38
2026-02-04 22:36:47,942 - INFO -   3: device=130600112767 ts=2026-01-30 13:22:41.974660 temp=-2.42
2026-02-04 22:36:47,942 - INFO - 📄 الملف: safe_hospital_130600112764.csv
2026-02-04 22:36:47,943 - INFO - تم تحليل 96 إدخال من data/input_raw/safe_hospital_130600112764.csv
2026-02-04 22:36:47,943 - INFO - 📊 عدد الإدخالات: 96
2026-02-04 22:36:47,943 - INFO - 📝 أول 3 عينات:
2026-02-04 22:36:47,943 - INFO -   1: device=130600112764 ts=2026-01-30 12:52:41.973957 temp=4.6
2026-02-04 22:36:47,943 - INFO -   2: device=130600112764 ts=2026-01-30 13:07:41.973957 temp=4.65
2026-02-04 22:36:47,943 - INFO -   3: device=130600112764 ts=2026-01-30 13:22:41.973957 temp=5.29
2026-02-04 22:36:47,945 - INFO - تم ربط 3 إدخال، تم تخطي 1
2026-02-04 22:36:47,947 - INFO - تم ربط 3 إدخال، تم تخطي 1
2026-02-04 22:36:47,948 - INFO - تم ربط 0 إدخال، تم تخطي 2
2026-02-04 22:36:47,950 - INFO - تم ربط 0 إدخال، تم تخطي 0
2026-02-04 22:36:47,951 - INFO - تم ربط 0 إدخال، تم تخطي 4
2026-02-04 22:36:47,954 - INFO - تم تحليل 2 إدخال من /tmp/pytest-of-amer11974/pytest-5/test_parse_valid_csv0/data/test_readings.csv
2026-02-04 22:36:47,961 - WARNING - تنسيق غير معروف في /tmp/pytest-of-amer11974/pytest-5/test_parse_invalid_file0/empty.csv
2026-02-04 22:36:47,961 - INFO - تم تحليل 0 إدخال من /tmp/pytest-of-amer11974/pytest-5/test_parse_invalid_file0/empty.csv
2026-02-04 22:36:47,964 - WARNING - تخطي صف 0 في /tmp/pytest-of-amer11974/pytest-5/test_parse_malformed_rows0/data_malformed/bad_readings.csv: could not convert string to float: 'invalid_temp'
2026-02-04 22:36:47,965 - INFO - تم تحليل 1 إدخال من /tmp/pytest-of-amer11974/pytest-5/test_parse_malformed_rows0/data_malformed/bad_readings.csv
2026-02-04 22:36:47,973 - INFO - 📄 إنشاء تقرير PDF احترافي
2026-02-04 22:36:47,973 - INFO - ==================================================
2026-02-04 22:36:47,973 - ERROR - ❌ ملف التقرير غير موجود: data/output/centers_report.tsv
2026-02-04 22:36:47,973 - INFO - ⚠️  قم بتشغيل النظام أولاً:
2026-02-04 22:36:47,973 - INFO -    python -m scripts.run_ft2_pipeline --legacy
2026-02-04 22:36:47,980 - INFO - 📄 إنشاء تقرير PDF احترافي
2026-02-04 22:36:47,980 - INFO - ==================================================
2026-02-04 22:36:47,980 - INFO - 📊 قراءة البيانات من: data/output/centers_report.tsv
2026-02-04 22:36:47,980 - INFO - 🔄 جاري إنشاء التقرير...
2026-02-04 22:36:47,980 - INFO - 
✅ تم إنشاء التقرير بنجاح!
2026-02-04 22:36:47,981 - INFO - 📍 الموقع: /fake/report.pdf
2026-02-04 22:36:48,024 - INFO - 📂 تم فتح التقرير تلقائياً
2026-02-04 22:36:48,053 - INFO - | Test Scenario             | 5.0°C(1.0h) + 15.0°C(24.0h)                   | 1.0    days | NONE  | NO_DATA                        |
2026-02-04 22:36:48,071 - INFO - Mock data created at: data/output/visual_tests/mock_visual_data.tsv
2026-02-04 22:36:48,071 - INFO - ⚠️ رسالة مفقودة: VISUAL_REPORT_OFFICIAL
2026-02-04 22:36:48,072 - INFO - Done: /tmp/pytest-of-amer11974/pytest-5/test_verify_visual_reports_run0/data/output/visual_tests/visual_test_official.pdf
2026-02-04 22:36:48,072 - INFO - ⚠️ رسالة مفقودة: VISUAL_REPORT_TECHNICAL
2026-02-04 22:36:48,072 - INFO - Done: /tmp/pytest-of-amer11974/pytest-5/test_verify_visual_reports_run0/data/output/visual_tests/visual_test_official.pdf
2026-02-04 22:36:48,072 - INFO - ⚠️ رسالة مفقودة: VISUAL_REPORT_ARABIC
2026-02-04 22:36:48,072 - INFO - Done: /tmp/pytest-of-amer11974/pytest-5/test_verify_visual_reports_run0/data/output/visual_tests/visual_test_official.pdf
2026-02-05 00:04:46,091 - INFO - ✅ تم إنشاء تقرير المراكز: /tmp/pytest-of-amer11974/pytest-6/test_centers_report_snapshot0/centers_report.tsv
2026-02-05 00:04:46,106 - INFO - 🧹 تنظيف الملفات التالفة في data/input_ft2
2026-02-05 00:04:46,139 - INFO - 🗑️ تم حذف: bad1.txt (فارغ تماماً)
2026-02-05 00:04:46,139 - INFO - ✅ تم تنظيف 1 ملف.
2026-02-05 00:04:46,140 - INFO - فحص الملفات الخام في: data/input_raw
2026-02-05 00:04:46,141 - INFO - 📄 الملف: test_data.csv
2026-02-05 00:04:46,151 - INFO - تم تحليل 6 إدخال من data/input_raw/test_data.csv
2026-02-05 00:04:46,151 - INFO - 📊 عدد الإدخالات: 6
2026-02-05 00:04:46,151 - INFO - 📝 أول 3 عينات:
2026-02-05 00:04:46,151 - INFO -   1: device=130600112764 ts=2024-01-15 08:00:00 temp=5.2
2026-02-05 00:04:46,151 - INFO -   2: device=130600112764 ts=2024-01-15 12:00:00 temp=4.8
2026-02-05 00:04:46,152 - INFO -   3: device=130600112767 ts=2024-01-15 08:00:00 temp=-1.5
2026-02-05 00:04:46,152 - INFO - 📄 الملف: heat_mobile_130600112769.csv
2026-02-05 00:04:46,165 - INFO - تم تحليل 96 إدخال من data/input_raw/heat_mobile_130600112769.csv
2026-02-05 00:04:46,165 - INFO - 📊 عدد الإدخالات: 96
2026-02-05 00:04:46,166 - INFO - 📝 أول 3 عينات:
2026-02-05 00:04:46,166 - INFO -   1: device=130600112769 ts=2026-01-30 12:52:41.975297 temp=11.98
2026-02-05 00:04:46,166 - INFO -   2: device=130600112769 ts=2026-01-30 13:07:41.975297 temp=11.9
2026-02-05 00:04:46,166 - INFO -   3: device=130600112769 ts=2026-01-30 13:22:41.975297 temp=12.72
2026-02-05 00:04:46,166 - INFO - 📄 الملف: freeze_clinic_130600112767.csv
2026-02-05 00:04:46,199 - INFO - تم تحليل 96 إدخال من data/input_raw/freeze_clinic_130600112767.csv
2026-02-05 00:04:46,199 - INFO - 📊 عدد الإدخالات: 96
2026-02-05 00:04:46,199 - INFO - 📝 أول 3 عينات:
2026-02-05 00:04:46,199 - INFO -   1: device=130600112767 ts=2026-01-30 12:52:41.974660 temp=-1.76
2026-02-05 00:04:46,199 - INFO -   2: device=130600112767 ts=2026-01-30 13:07:41.974660 temp=-2.38
2026-02-05 00:04:46,200 - INFO -   3: device=130600112767 ts=2026-01-30 13:22:41.974660 temp=-2.42
2026-02-05 00:04:46,200 - INFO - 📄 الملف: safe_hospital_130600112764.csv
2026-02-05 00:04:46,221 - INFO - تم تحليل 96 إدخال من data/input_raw/safe_hospital_130600112764.csv
2026-02-05 00:04:46,221 - INFO - 📊 عدد الإدخالات: 96
2026-02-05 00:04:46,221 - INFO - 📝 أول 3 عينات:
2026-02-05 00:04:46,221 - INFO -   1: device=130600112764 ts=2026-01-30 12:52:41.973957 temp=4.6
2026-02-05 00:04:46,221 - INFO -   2: device=130600112764 ts=2026-01-30 13:07:41.973957 temp=4.65
2026-02-05 00:04:46,222 - INFO -   3: device=130600112764 ts=2026-01-30 13:22:41.973957 temp=5.29
2026-02-05 00:04:46,223 - INFO - تم ربط 3 إدخال، تم تخطي 1
2026-02-05 00:04:46,224 - INFO - تم ربط 3 إدخال، تم تخطي 1
2026-02-05 00:04:46,225 - INFO - تم ربط 0 إدخال، تم تخطي 2
2026-02-05 00:04:46,226 - INFO - تم ربط 0 إدخال، تم تخطي 0
2026-02-05 00:04:46,227 - INFO - تم ربط 0 إدخال، تم تخطي 4
2026-02-05 00:04:46,230 - INFO - تم تحليل 2 إدخال من /tmp/pytest-of-amer11974/pytest-6/test_parse_valid_csv0/data/test_readings.csv
2026-02-05 00:04:46,232 - WARNING - تنسيق غير معروف في /tmp/pytest-of-amer11974/pytest-6/test_parse_invalid_file0/empty.csv
2026-02-05 00:04:46,232 - INFO - تم تحليل 0 إدخال من /tmp/pytest-of-amer11974/pytest-6/test_parse_invalid_file0/empty.csv
2026-02-05 00:04:46,234 - WARNING - تخطي صف 0 في /tmp/pytest-of-amer11974/pytest-6/test_parse_malformed_rows0/data_malformed/bad_readings.csv: could not convert string to float: 'invalid_temp'
2026-02-05 00:04:46,234 - INFO - تم تحليل 1 إدخال من /tmp/pytest-of-amer11974/pytest-6/test_parse_malformed_rows0/data_malformed/bad_readings.csv
2026-02-05 00:04:46,239 - INFO - 📄 إنشاء تقرير PDF احترافي
2026-02-05 00:04:46,239 - INFO - ==================================================
2026-02-05 00:04:46,239 - ERROR - ❌ ملف التقرير غير موجود: data/output/centers_report.tsv
2026-02-05 00:04:46,239 - INFO - ⚠️  قم بتشغيل النظام أولاً:
2026-02-05 00:04:46,239 - INFO -    python -m scripts.run_ft2_pipeline --legacy
2026-02-05 00:04:46,243 - INFO - 📄 إنشاء تقرير PDF احترافي
2026-02-05 00:04:46,243 - INFO - ==================================================
2026-02-05 00:04:46,243 - INFO - 📊 قراءة البيانات من: data/output/centers_report.tsv
2026-02-05 00:04:46,244 - INFO - 🔄 جاري إنشاء التقرير...
2026-02-05 00:04:46,244 - INFO - 
✅ تم إنشاء التقرير بنجاح!
2026-02-05 00:04:46,244 - INFO - 📍 الموقع: /fake/report.pdf
2026-02-05 00:04:47,815 - INFO - 📂 تم فتح التقرير تلقائياً
2026-02-05 00:04:48,069 - INFO - | Test Scenario             | 5.0°C(1.0h) + 15.0°C(24.0h)                   | 1.0    days | NONE  | NO_DATA                        |
2026-02-05 00:04:48,130 - INFO - Mock data created at: data/output/visual_tests/mock_visual_data.tsv
2026-02-05 00:04:48,131 - INFO - ⚠️ رسالة مفقودة: VISUAL_REPORT_OFFICIAL
2026-02-05 00:04:48,131 - INFO - Done: /tmp/pytest-of-amer11974/pytest-6/test_verify_visual_reports_run0/data/output/visual_tests/visual_test_official.pdf
2026-02-05 00:04:48,131 - INFO - ⚠️ رسالة مفقودة: VISUAL_REPORT_TECHNICAL
2026-02-05 00:04:48,132 - INFO - Done: /tmp/pytest-of-amer11974/pytest-6/test_verify_visual_reports_run0/data/output/visual_tests/visual_test_official.pdf
2026-02-05 00:04:48,132 - INFO - ⚠️ رسالة مفقودة: VISUAL_REPORT_ARABIC
2026-02-05 00:04:48,132 - INFO - Done: /tmp/pytest-of-amer11974/pytest-6/test_verify_visual_reports_run0/data/output/visual_tests/visual_test_official.pdf
2026-02-05 02:10:31,838 - INFO - ✅ تم إنشاء تقرير المراكز: /tmp/pytest-of-amer11974/pytest-7/test_centers_report_snapshot0/centers_report.tsv
2026-02-05 02:10:31,995 - INFO - 🧹 تنظيف الملفات التالفة في data/input_ft2
2026-02-05 02:10:32,461 - INFO - 🗑️ تم حذف: bad1.txt (فارغ تماماً)
2026-02-05 02:10:32,461 - INFO - ✅ تم تنظيف 1 ملف.
2026-02-05 02:10:32,634 - INFO - فحص الملفات الخام في: data/input_raw
2026-02-05 02:10:32,634 - INFO - 📄 الملف: test_data.csv
2026-02-05 02:10:32,714 - INFO - تم تحليل 6 إدخال من data/input_raw/test_data.csv
2026-02-05 02:10:32,714 - INFO - 📊 عدد الإدخالات: 6
2026-02-05 02:10:32,715 - INFO - 📝 أول 3 عينات:
2026-02-05 02:10:32,715 - INFO -   1: device=130600112764 ts=2024-01-15 08:00:00 temp=5.2
2026-02-05 02:10:32,715 - INFO -   2: device=130600112764 ts=2024-01-15 12:00:00 temp=4.8
2026-02-05 02:10:32,715 - INFO -   3: device=130600112767 ts=2024-01-15 08:00:00 temp=-1.5
2026-02-05 02:10:32,715 - INFO - 📄 الملف: heat_mobile_130600112769.csv
2026-02-05 02:10:32,748 - INFO - تم تحليل 96 إدخال من data/input_raw/heat_mobile_130600112769.csv
2026-02-05 02:10:32,749 - INFO - 📊 عدد الإدخالات: 96
2026-02-05 02:10:32,749 - INFO - 📝 أول 3 عينات:
2026-02-05 02:10:32,749 - INFO -   1: device=130600112769 ts=2026-01-30 12:52:41.975297 temp=11.98
2026-02-05 02:10:32,749 - INFO -   2: device=130600112769 ts=2026-01-30 13:07:41.975297 temp=11.9
2026-02-05 02:10:32,749 - INFO -   3: device=130600112769 ts=2026-01-30 13:22:41.975297 temp=12.72
2026-02-05 02:10:32,749 - INFO - 📄 الملف: freeze_clinic_130600112767.csv
2026-02-05 02:10:32,764 - INFO - تم تحليل 96 إدخال من data/input_raw/freeze_clinic_130600112767.csv
2026-02-05 02:10:32,764 - INFO - 📊 عدد الإدخالات: 96
2026-02-05 02:10:32,765 - INFO - 📝 أول 3 عينات:
2026-02-05 02:10:32,765 - INFO -   1: device=130600112767 ts=2026-01-30 12:52:41.974660 temp=-1.76
2026-02-05 02:10:32,765 - INFO -   2: device=130600112767 ts=2026-01-30 13:07:41.974660 temp=-2.38
2026-02-05 02:10:32,765 - INFO -   3: device=130600112767 ts=2026-01-30 13:22:41.974660 temp=-2.42
2026-02-05 02:10:32,765 - INFO - 📄 الملف: safe_hospital_130600112764.csv
2026-02-05 02:10:32,777 - INFO - تم تحليل 96 إدخال من data/input_raw/safe_hospital_130600112764.csv
2026-02-05 02:10:32,777 - INFO - 📊 عدد الإدخالات: 96
2026-02-05 02:10:32,777 - INFO - 📝 أول 3 عينات:
2026-02-05 02:10:32,778 - INFO -   1: device=130600112764 ts=2026-01-30 12:52:41.973957 temp=4.6
2026-02-05 02:10:32,778 - INFO -   2: device=130600112764 ts=2026-01-30 13:07:41.973957 temp=4.65
2026-02-05 02:10:32,778 - INFO -   3: device=130600112764 ts=2026-01-30 13:22:41.973957 temp=5.29
2026-02-05 02:10:32,780 - INFO - تم ربط 3 إدخال، تم تخطي 1
2026-02-05 02:10:32,781 - INFO - تم ربط 3 إدخال، تم تخطي 1
2026-02-05 02:10:32,782 - INFO - تم ربط 0 إدخال، تم تخطي 2
2026-02-05 02:10:32,783 - INFO - تم ربط 0 إدخال، تم تخطي 0
2026-02-05 02:10:32,784 - INFO - تم ربط 0 إدخال، تم تخطي 4
2026-02-05 02:10:32,789 - INFO - تم تحليل 2 إدخال من /tmp/pytest-of-amer11974/pytest-7/test_parse_valid_csv0/data/test_readings.csv
2026-02-05 02:10:32,792 - WARNING - تنسيق غير معروف في /tmp/pytest-of-amer11974/pytest-7/test_parse_invalid_file0/empty.csv
2026-02-05 02:10:32,792 - INFO - تم تحليل 0 إدخال من /tmp/pytest-of-amer11974/pytest-7/test_parse_invalid_file0/empty.csv
2026-02-05 02:10:32,798 - WARNING - تخطي صف 0 في /tmp/pytest-of-amer11974/pytest-7/test_parse_malformed_rows0/data_malformed/bad_readings.csv: could not convert string to float: 'invalid_temp'
2026-02-05 02:10:32,799 - INFO - تم تحليل 1 إدخال من /tmp/pytest-of-amer11974/pytest-7/test_parse_malformed_rows0/data_malformed/bad_readings.csv
2026-02-05 02:10:32,806 - INFO - 📄 إنشاء تقرير PDF احترافي
2026-02-05 02:10:32,807 - INFO - ==================================================
2026-02-05 02:10:32,807 - ERROR - ❌ ملف التقرير غير موجود: data/output/centers_report.tsv
2026-02-05 02:10:32,807 - INFO - ⚠️  قم بتشغيل النظام أولاً:
2026-02-05 02:10:32,807 - INFO -    python -m scripts.run_ft2_pipeline --legacy
2026-02-05 02:10:32,825 - INFO - 📄 إنشاء تقرير PDF احترافي
2026-02-05 02:10:32,825 - INFO - ==================================================
2026-02-05 02:10:32,826 - INFO - 📊 قراءة البيانات من: data/output/centers_report.tsv
2026-02-05 02:10:32,826 - INFO - 🔄 جاري إنشاء التقرير...
2026-02-05 02:10:32,826 - INFO - 
✅ تم إنشاء التقرير بنجاح!
2026-02-05 02:10:32,826 - INFO - 📍 الموقع: /fake/report.pdf
2026-02-05 02:10:34,404 - INFO - 📂 تم فتح التقرير تلقائياً
2026-02-05 02:10:34,690 - INFO - | Test Scenario             | 5.0°C(1.0h) + 15.0°C(24.0h)                   | 1.0    days | NONE  | NO_DATA                        |
2026-02-05 02:10:34,699 - INFO - Mock data created at: data/output/visual_tests/mock_visual_data.tsv
2026-02-05 02:10:34,699 - INFO - ⚠️ رسالة مفقودة: VISUAL_REPORT_OFFICIAL
2026-02-05 02:10:34,699 - INFO - Done: /tmp/pytest-of-amer11974/pytest-7/test_verify_visual_reports_run0/data/output/visual_tests/visual_test_official.pdf
2026-02-05 02:10:34,700 - INFO - ⚠️ رسالة مفقودة: VISUAL_REPORT_TECHNICAL
2026-02-05 02:10:34,700 - INFO - Done: /tmp/pytest-of-amer11974/pytest-7/test_verify_visual_reports_run0/data/output/visual_tests/visual_test_official.pdf
2026-02-05 02:10:34,700 - INFO - ⚠️ رسالة مفقودة: VISUAL_REPORT_ARABIC
2026-02-05 02:10:34,701 - INFO - Done: /tmp/pytest-of-amer11974/pytest-7/test_verify_visual_reports_run0/data/output/visual_tests/visual_test_official.pdf
2026-02-05 02:50:38,870 - INFO - ✅ تم إنشاء تقرير المراكز: /tmp/pytest-of-amer11974/pytest-8/test_centers_report_snapshot0/centers_report.tsv
2026-02-05 02:50:38,886 - INFO - 🧹 تنظيف الملفات التالفة في data/input_ft2
2026-02-05 02:50:38,887 - INFO - 🗑️ تم حذف: bad1.txt (فارغ تماماً)
2026-02-05 02:50:38,888 - INFO - ✅ تم تنظيف 1 ملف.
2026-02-05 02:50:38,889 - INFO - فحص الملفات الخام في: data/input_raw
2026-02-05 02:50:38,890 - INFO - 📄 الملف: test_data.csv
2026-02-05 02:50:38,890 - INFO - تم تحليل 6 إدخال من data/input_raw/test_data.csv
2026-02-05 02:50:38,891 - INFO - 📊 عدد الإدخالات: 6
2026-02-05 02:50:38,892 - INFO - 📝 أول 3 عينات:
2026-02-05 02:50:38,892 - INFO -   1: device=130600112764 ts=2024-01-15 08:00:00 temp=5.2
2026-02-05 02:50:38,893 - INFO -   2: device=130600112764 ts=2024-01-15 12:00:00 temp=4.8
2026-02-05 02:50:38,893 - INFO -   3: device=130600112767 ts=2024-01-15 08:00:00 temp=-1.5
2026-02-05 02:50:38,893 - INFO - 📄 الملف: heat_mobile_130600112769.csv
2026-02-05 02:50:38,894 - INFO - تم تحليل 96 إدخال من data/input_raw/heat_mobile_130600112769.csv
2026-02-05 02:50:38,894 - INFO - 📊 عدد الإدخالات: 96
2026-02-05 02:50:38,894 - INFO - 📝 أول 3 عينات:
2026-02-05 02:50:38,894 - INFO -   1: device=130600112769 ts=2026-01-30 12:52:41.975297 temp=11.98
2026-02-05 02:50:38,895 - INFO -   2: device=130600112769 ts=2026-01-30 13:07:41.975297 temp=11.9
2026-02-05 02:50:38,895 - INFO -   3: device=130600112769 ts=2026-01-30 13:22:41.975297 temp=12.72
2026-02-05 02:50:38,895 - INFO - 📄 الملف: freeze_clinic_130600112767.csv
2026-02-05 02:50:38,896 - INFO - تم تحليل 96 إدخال من data/input_raw/freeze_clinic_130600112767.csv
2026-02-05 02:50:38,898 - INFO - 📊 عدد الإدخالات: 96
2026-02-05 02:50:38,898 - INFO - 📝 أول 3 عينات:
2026-02-05 02:50:38,898 - INFO -   1: device=130600112767 ts=2026-01-30 12:52:41.974660 temp=-1.76
2026-02-05 02:50:38,898 - INFO -   2: device=130600112767 ts=2026-01-30 13:07:41.974660 temp=-2.38
2026-02-05 02:50:38,898 - INFO -   3: device=130600112767 ts=2026-01-30 13:22:41.974660 temp=-2.42
2026-02-05 02:50:38,898 - INFO - 📄 الملف: safe_hospital_130600112764.csv
2026-02-05 02:50:38,900 - INFO - تم تحليل 96 إدخال من data/input_raw/safe_hospital_130600112764.csv
2026-02-05 02:50:38,900 - INFO - 📊 عدد الإدخالات: 96
2026-02-05 02:50:38,900 - INFO - 📝 أول 3 عينات:
2026-02-05 02:50:38,900 - INFO -   1: device=130600112764 ts=2026-01-30 12:52:41.973957 temp=4.6
2026-02-05 02:50:38,901 - INFO -   2: device=130600112764 ts=2026-01-30 13:07:41.973957 temp=4.65
2026-02-05 02:50:38,901 - INFO -   3: device=130600112764 ts=2026-01-30 13:22:41.973957 temp=5.29
2026-02-05 02:50:38,903 - INFO - تم ربط 3 إدخال، تم تخطي 1
2026-02-05 02:50:38,907 - INFO - تم ربط 3 إدخال، تم تخطي 1
2026-02-05 02:50:38,914 - INFO - تم ربط 0 إدخال، تم تخطي 2
2026-02-05 02:50:38,918 - INFO - تم ربط 0 إدخال، تم تخطي 0
2026-02-05 02:50:38,920 - INFO - تم ربط 0 إدخال، تم تخطي 4
2026-02-05 02:50:38,925 - INFO - تم تحليل 2 إدخال من /tmp/pytest-of-amer11974/pytest-8/test_parse_valid_csv0/data/test_readings.csv
2026-02-05 02:50:38,928 - WARNING - تنسيق غير معروف في /tmp/pytest-of-amer11974/pytest-8/test_parse_invalid_file0/empty.csv
2026-02-05 02:50:38,928 - INFO - تم تحليل 0 إدخال من /tmp/pytest-of-amer11974/pytest-8/test_parse_invalid_file0/empty.csv
2026-02-05 02:50:38,932 - WARNING - تخطي صف 0 في /tmp/pytest-of-amer11974/pytest-8/test_parse_malformed_rows0/data_malformed/bad_readings.csv: could not convert string to float: 'invalid_temp'
2026-02-05 02:50:38,933 - INFO - تم تحليل 1 إدخال من /tmp/pytest-of-amer11974/pytest-8/test_parse_malformed_rows0/data_malformed/bad_readings.csv
2026-02-05 02:50:38,947 - INFO - 📄 إنشاء تقرير PDF احترافي
2026-02-05 02:50:38,948 - INFO - ==================================================
2026-02-05 02:50:38,948 - ERROR - ❌ ملف التقرير غير موجود: data/output/centers_report.tsv
2026-02-05 02:50:38,948 - INFO - ⚠️  قم بتشغيل النظام أولاً:
2026-02-05 02:50:38,948 - INFO -    python -m scripts.run_ft2_pipeline --legacy
2026-02-05 02:50:38,956 - INFO - 📄 إنشاء تقرير PDF احترافي
2026-02-05 02:50:38,957 - INFO - ==================================================
2026-02-05 02:50:38,957 - INFO - 📊 قراءة البيانات من: data/output/centers_report.tsv
2026-02-05 02:50:38,957 - INFO - 🔄 جاري إنشاء التقرير...
2026-02-05 02:50:38,957 - INFO - 
✅ تم إنشاء التقرير بنجاح!
2026-02-05 02:50:38,957 - INFO - 📍 الموقع: /fake/report.pdf
2026-02-05 02:50:39,007 - INFO - 📂 تم فتح التقرير تلقائياً
2026-02-05 02:50:39,034 - INFO - | Test Scenario             | 5.0°C(1.0h) + 15.0°C(24.0h)                   | 1.0    days | NONE  | NO_DATA                        |
2026-02-05 02:50:39,054 - INFO - Mock data created at: data/output/visual_tests/mock_visual_data.tsv
2026-02-05 02:50:39,055 - INFO - ⚠️ رسالة مفقودة: VISUAL_REPORT_OFFICIAL
2026-02-05 02:50:39,055 - INFO - Done: /tmp/pytest-of-amer11974/pytest-8/test_verify_visual_reports_run0/data/output/visual_tests/visual_test_official.pdf
2026-02-05 02:50:39,055 - INFO - ⚠️ رسالة مفقودة: VISUAL_REPORT_TECHNICAL
2026-02-05 02:50:39,055 - INFO - Done: /tmp/pytest-of-amer11974/pytest-8/test_verify_visual_reports_run0/data/output/visual_tests/visual_test_official.pdf
2026-02-05 02:50:39,055 - INFO - ⚠️ رسالة مفقودة: VISUAL_REPORT_ARABIC
2026-02-05 02:50:39,055 - INFO - Done: /tmp/pytest-of-amer11974/pytest-8/test_verify_visual_reports_run0/data/output/visual_tests/visual_test_official.pdf
2026-02-05 02:51:54,200 - INFO - ✅ تم إنشاء تقرير المراكز: /tmp/pytest-of-amer11974/pytest-9/test_centers_report_snapshot0/centers_report.tsv
2026-02-05 02:51:54,223 - INFO - 🧹 تنظيف الملفات التالفة في data/input_ft2
2026-02-05 02:51:54,225 - INFO - 🗑️ تم حذف: bad1.txt (فارغ تماماً)
2026-02-05 02:51:54,225 - INFO - ✅ تم تنظيف 1 ملف.
2026-02-05 02:51:54,226 - INFO - فحص الملفات الخام في: data/input_raw
2026-02-05 02:51:54,227 - INFO - 📄 الملف: test_data.csv
2026-02-05 02:51:54,231 - INFO - تم تحليل 6 إدخال من data/input_raw/test_data.csv
2026-02-05 02:51:54,232 - INFO - 📊 عدد الإدخالات: 6
2026-02-05 02:51:54,232 - INFO - 📝 أول 3 عينات:
2026-02-05 02:51:54,232 - INFO -   1: device=130600112764 ts=2024-01-15 08:00:00 temp=5.2
2026-02-05 02:51:54,232 - INFO -   2: device=130600112764 ts=2024-01-15 12:00:00 temp=4.8
2026-02-05 02:51:54,232 - INFO -   3: device=130600112767 ts=2024-01-15 08:00:00 temp=-1.5
2026-02-05 02:51:54,232 - INFO - 📄 الملف: heat_mobile_130600112769.csv
2026-02-05 02:51:54,234 - INFO - تم تحليل 96 إدخال من data/input_raw/heat_mobile_130600112769.csv
2026-02-05 02:51:54,234 - INFO - 📊 عدد الإدخالات: 96
2026-02-05 02:51:54,234 - INFO - 📝 أول 3 عينات:
2026-02-05 02:51:54,234 - INFO -   1: device=130600112769 ts=2026-01-30 12:52:41.975297 temp=11.98
2026-02-05 02:51:54,235 - INFO -   2: device=130600112769 ts=2026-01-30 13:07:41.975297 temp=11.9
2026-02-05 02:51:54,235 - INFO -   3: device=130600112769 ts=2026-01-30 13:22:41.975297 temp=12.72
2026-02-05 02:51:54,235 - INFO - 📄 الملف: freeze_clinic_130600112767.csv
2026-02-05 02:51:54,235 - INFO - تم تحليل 96 إدخال من data/input_raw/freeze_clinic_130600112767.csv
2026-02-05 02:51:54,236 - INFO - 📊 عدد الإدخالات: 96
2026-02-05 02:51:54,236 - INFO - 📝 أول 3 عينات:
2026-02-05 02:51:54,236 - INFO -   1: device=130600112767 ts=2026-01-30 12:52:41.974660 temp=-1.76
2026-02-05 02:51:54,236 - INFO -   2: device=130600112767 ts=2026-01-30 13:07:41.974660 temp=-2.38
2026-02-05 02:51:54,236 - INFO -   3: device=130600112767 ts=2026-01-30 13:22:41.974660 temp=-2.42
2026-02-05 02:51:54,236 - INFO - 📄 الملف: safe_hospital_130600112764.csv
2026-02-05 02:51:54,238 - INFO - تم تحليل 96 إدخال من data/input_raw/safe_hospital_130600112764.csv
2026-02-05 02:51:54,239 - INFO - 📊 عدد الإدخالات: 96
2026-02-05 02:51:54,239 - INFO - 📝 أول 3 عينات:
2026-02-05 02:51:54,239 - INFO -   1: device=130600112764 ts=2026-01-30 12:52:41.973957 temp=4.6
2026-02-05 02:51:54,239 - INFO -   2: device=130600112764 ts=2026-01-30 13:07:41.973957 temp=4.65
2026-02-05 02:51:54,239 - INFO -   3: device=130600112764 ts=2026-01-30 13:22:41.973957 temp=5.29
2026-02-05 02:51:54,241 - INFO - تم ربط 3 إدخال، تم تخطي 1
2026-02-05 02:51:54,243 - INFO - تم ربط 3 إدخال، تم تخطي 1
2026-02-05 02:51:54,247 - INFO - تم ربط 0 إدخال، تم تخطي 2
2026-02-05 02:51:54,249 - INFO - تم ربط 0 إدخال، تم تخطي 0
2026-02-05 02:51:54,251 - INFO - تم ربط 0 إدخال، تم تخطي 4
2026-02-05 02:51:54,255 - INFO - تم تحليل 2 إدخال من /tmp/pytest-of-amer11974/pytest-9/test_parse_valid_csv0/data/test_readings.csv
2026-02-05 02:51:54,259 - WARNING - تنسيق غير معروف في /tmp/pytest-of-amer11974/pytest-9/test_parse_invalid_file0/empty.csv
2026-02-05 02:51:54,259 - INFO - تم تحليل 0 إدخال من /tmp/pytest-of-amer11974/pytest-9/test_parse_invalid_file0/empty.csv
2026-02-05 02:51:54,267 - WARNING - تخطي صف 0 في /tmp/pytest-of-amer11974/pytest-9/test_parse_malformed_rows0/data_malformed/bad_readings.csv: could not convert string to float: 'invalid_temp'
2026-02-05 02:51:54,267 - INFO - تم تحليل 1 إدخال من /tmp/pytest-of-amer11974/pytest-9/test_parse_malformed_rows0/data_malformed/bad_readings.csv
2026-02-05 02:51:54,274 - INFO - 📄 إنشاء تقرير PDF احترافي
2026-02-05 02:51:54,275 - INFO - ==================================================
2026-02-05 02:51:54,275 - ERROR - ❌ ملف التقرير غير موجود: data/output/centers_report.tsv
2026-02-05 02:51:54,275 - INFO - ⚠️  قم بتشغيل النظام أولاً:
2026-02-05 02:51:54,275 - INFO -    python -m scripts.run_ft2_pipeline --legacy
2026-02-05 02:51:54,291 - INFO - 📄 إنشاء تقرير PDF احترافي
2026-02-05 02:51:54,292 - INFO - ==================================================
2026-02-05 02:51:54,292 - INFO - 📊 قراءة البيانات من: data/output/centers_report.tsv
2026-02-05 02:51:54,292 - INFO - 🔄 جاري إنشاء التقرير...
2026-02-05 02:51:54,292 - INFO - 
✅ تم إنشاء التقرير بنجاح!
2026-02-05 02:51:54,292 - INFO - 📍 الموقع: /fake/report.pdf
2026-02-05 02:51:54,326 - INFO - 📂 تم فتح التقرير تلقائياً
2026-02-05 02:51:54,352 - INFO - | Test Scenario             | 5.0°C(1.0h) + 15.0°C(24.0h)                   | 1.0    days | NONE  | NO_DATA                        |
2026-02-05 02:51:54,369 - INFO - Mock data created at: data/output/visual_tests/mock_visual_data.tsv
2026-02-05 02:51:54,369 - INFO - ⚠️ رسالة مفقودة: VISUAL_REPORT_OFFICIAL
2026-02-05 02:51:54,373 - INFO - Done: /tmp/pytest-of-amer11974/pytest-9/test_verify_visual_reports_run0/data/output/visual_tests/visual_test_official.pdf
2026-02-05 02:51:54,373 - INFO - ⚠️ رسالة مفقودة: VISUAL_REPORT_TECHNICAL
2026-02-05 02:51:54,373 - INFO - Done: /tmp/pytest-of-amer11974/pytest-9/test_verify_visual_reports_run0/data/output/visual_tests/visual_test_official.pdf
2026-02-05 02:51:54,373 - INFO - ⚠️ رسالة مفقودة: VISUAL_REPORT_ARABIC
2026-02-05 02:51:54,373 - INFO - Done: /tmp/pytest-of-amer11974/pytest-9/test_verify_visual_reports_run0/data/output/visual_tests/visual_test_official.pdf
2026-02-05 02:56:32,735 - INFO - ✅ تم إنشاء تقرير المراكز: /tmp/pytest-of-amer11974/pytest-10/test_centers_report_snapshot0/centers_report.tsv
2026-02-05 02:56:32,757 - INFO - 🧹 تنظيف الملفات التالفة في data/input_ft2
2026-02-05 02:56:32,758 - INFO - 🗑️ تم حذف: bad1.txt (فارغ تماماً)
2026-02-05 02:56:32,759 - INFO - ✅ تم تنظيف 1 ملف.
2026-02-05 02:56:32,760 - INFO - فحص الملفات الخام في: data/input_raw
2026-02-05 02:56:32,761 - INFO - 📄 الملف: test_data.csv
2026-02-05 02:56:32,761 - INFO - تم تحليل 6 إدخال من data/input_raw/test_data.csv
2026-02-05 02:56:32,761 - INFO - 📊 عدد الإدخالات: 6
2026-02-05 02:56:32,762 - INFO - 📝 أول 3 عينات:
2026-02-05 02:56:32,762 - INFO -   1: device=130600112764 ts=2024-01-15 08:00:00 temp=5.2
2026-02-05 02:56:32,762 - INFO -   2: device=130600112764 ts=2024-01-15 12:00:00 temp=4.8
2026-02-05 02:56:32,762 - INFO -   3: device=130600112767 ts=2024-01-15 08:00:00 temp=-1.5
2026-02-05 02:56:32,762 - INFO - 📄 الملف: heat_mobile_130600112769.csv
2026-02-05 02:56:32,764 - INFO - تم تحليل 96 إدخال من data/input_raw/heat_mobile_130600112769.csv
2026-02-05 02:56:32,765 - INFO - 📊 عدد الإدخالات: 96
2026-02-05 02:56:32,765 - INFO - 📝 أول 3 عينات:
2026-02-05 02:56:32,765 - INFO -   1: device=130600112769 ts=2026-01-30 12:52:41.975297 temp=11.98
2026-02-05 02:56:32,765 - INFO -   2: device=130600112769 ts=2026-01-30 13:07:41.975297 temp=11.9
2026-02-05 02:56:32,765 - INFO -   3: device=130600112769 ts=2026-01-30 13:22:41.975297 temp=12.72
2026-02-05 02:56:32,765 - INFO - 📄 الملف: freeze_clinic_130600112767.csv
2026-02-05 02:56:32,766 - INFO - تم تحليل 96 إدخال من data/input_raw/freeze_clinic_130600112767.csv
2026-02-05 02:56:32,766 - INFO - 📊 عدد الإدخالات: 96
2026-02-05 02:56:32,766 - INFO - 📝 أول 3 عينات:
2026-02-05 02:56:32,767 - INFO -   1: device=130600112767 ts=2026-01-30 12:52:41.974660 temp=-1.76
2026-02-05 02:56:32,767 - INFO -   2: device=130600112767 ts=2026-01-30 13:07:41.974660 temp=-2.38
2026-02-05 02:56:32,767 - INFO -   3: device=130600112767 ts=2026-01-30 13:22:41.974660 temp=-2.42
2026-02-05 02:56:32,767 - INFO - 📄 الملف: safe_hospital_130600112764.csv
2026-02-05 02:56:32,768 - INFO - تم تحليل 96 إدخال من data/input_raw/safe_hospital_130600112764.csv
2026-02-05 02:56:32,768 - INFO - 📊 عدد الإدخالات: 96
2026-02-05 02:56:32,768 - INFO - 📝 أول 3 عينات:
2026-02-05 02:56:32,768 - INFO -   1: device=130600112764 ts=2026-01-30 12:52:41.973957 temp=4.6
2026-02-05 02:56:32,768 - INFO -   2: device=130600112764 ts=2026-01-30 13:07:41.973957 temp=4.65
2026-02-05 02:56:32,768 - INFO -   3: device=130600112764 ts=2026-01-30 13:22:41.973957 temp=5.29
2026-02-05 02:56:32,770 - INFO - تم ربط 3 إدخال، تم تخطي 1
2026-02-05 02:56:32,773 - INFO - تم ربط 3 إدخال، تم تخطي 1
2026-02-05 02:56:32,775 - INFO - تم ربط 0 إدخال، تم تخطي 2
2026-02-05 02:56:32,779 - INFO - تم ربط 0 إدخال، تم تخطي 0
2026-02-05 02:56:32,781 - INFO - تم ربط 0 إدخال، تم تخطي 4
2026-02-05 02:56:32,784 - INFO - تم تحليل 2 إدخال من /tmp/pytest-of-amer11974/pytest-10/test_parse_valid_csv0/data/test_readings.csv
2026-02-05 02:56:32,787 - WARNING - تنسيق غير معروف في /tmp/pytest-of-amer11974/pytest-10/test_parse_invalid_file0/empty.csv
2026-02-05 02:56:32,787 - INFO - تم تحليل 0 إدخال من /tmp/pytest-of-amer11974/pytest-10/test_parse_invalid_file0/empty.csv
2026-02-05 02:56:32,793 - WARNING - تخطي صف 0 في /tmp/pytest-of-amer11974/pytest-10/test_parse_malformed_rows0/data_malformed/bad_readings.csv: could not convert string to float: 'invalid_temp'
2026-02-05 02:56:32,794 - INFO - تم تحليل 1 إدخال من /tmp/pytest-of-amer11974/pytest-10/test_parse_malformed_rows0/data_malformed/bad_readings.csv
2026-02-05 02:56:32,802 - INFO - 📄 إنشاء تقرير PDF احترافي
2026-02-05 02:56:32,802 - INFO - ==================================================
2026-02-05 02:56:32,802 - ERROR - ❌ ملف التقرير غير موجود: data/output/centers_report.tsv
2026-02-05 02:56:32,802 - INFO - ⚠️  قم بتشغيل النظام أولاً:
2026-02-05 02:56:32,802 - INFO -    python -m scripts.run_ft2_pipeline --legacy
2026-02-05 02:56:32,809 - INFO - 📄 إنشاء تقرير PDF احترافي
2026-02-05 02:56:32,809 - INFO - ==================================================
2026-02-05 02:56:32,810 - INFO - 📊 قراءة البيانات من: data/output/centers_report.tsv
2026-02-05 02:56:32,810 - INFO - 🔄 جاري إنشاء التقرير...
2026-02-05 02:56:32,811 - INFO - 
✅ تم إنشاء التقرير بنجاح!
2026-02-05 02:56:32,812 - INFO - 📍 الموقع: /fake/report.pdf
2026-02-05 02:56:32,840 - INFO - 📂 تم فتح التقرير تلقائياً
2026-02-05 02:56:32,869 - INFO - | Test Scenario             | 5.0°C(1.0h) + 15.0°C(24.0h)                   | 1.0    days | NONE  | NO_DATA                        |
2026-02-05 02:56:32,884 - INFO - Mock data created at: data/output/visual_tests/mock_visual_data.tsv
2026-02-05 02:56:32,885 - INFO - ⚠️ رسالة مفقودة: VISUAL_REPORT_OFFICIAL
2026-02-05 02:56:32,885 - INFO - Done: /tmp/pytest-of-amer11974/pytest-10/test_verify_visual_reports_run0/data/output/visual_tests/visual_test_official.pdf
2026-02-05 02:56:32,885 - INFO - ⚠️ رسالة مفقودة: VISUAL_REPORT_TECHNICAL
2026-02-05 02:56:32,885 - INFO - Done: /tmp/pytest-of-amer11974/pytest-10/test_verify_visual_reports_run0/data/output/visual_tests/visual_test_official.pdf
2026-02-05 02:56:32,885 - INFO - ⚠️ رسالة مفقودة: VISUAL_REPORT_ARABIC
2026-02-05 02:56:32,885 - INFO - Done: /tmp/pytest-of-amer11974/pytest-10/test_verify_visual_reports_run0/data/output/visual_tests/visual_test_official.pdf
2026-02-05 03:05:16,435 - INFO - ✅ تم إنشاء تقرير المراكز: /tmp/pytest-of-amer11974/pytest-11/test_centers_report_snapshot0/centers_report.tsv
2026-02-05 03:05:16,532 - INFO - 🧹 تنظيف الملفات التالفة في data/input_ft2
2026-02-05 03:05:16,533 - INFO - 🗑️ تم حذف: bad1.txt (فارغ تماماً)
2026-02-05 03:05:16,533 - INFO - ✅ تم تنظيف 1 ملف.
2026-02-05 03:05:16,534 - INFO - فحص الملفات الخام في: data/input_raw
2026-02-05 03:05:16,535 - INFO - 📄 الملف: test_data.csv
2026-02-05 03:05:16,535 - INFO - تم تحليل 6 إدخال من data/input_raw/test_data.csv
2026-02-05 03:05:16,536 - INFO - 📊 عدد الإدخالات: 6
2026-02-05 03:05:16,536 - INFO - 📝 أول 3 عينات:
2026-02-05 03:05:16,536 - INFO -   1: device=130600112764 ts=2024-01-15 08:00:00 temp=5.2
2026-02-05 03:05:16,536 - INFO -   2: device=130600112764 ts=2024-01-15 12:00:00 temp=4.8
2026-02-05 03:05:16,536 - INFO -   3: device=130600112767 ts=2024-01-15 08:00:00 temp=-1.5
2026-02-05 03:05:16,536 - INFO - 📄 الملف: heat_mobile_130600112769.csv
2026-02-05 03:05:16,537 - INFO - تم تحليل 96 إدخال من data/input_raw/heat_mobile_130600112769.csv
2026-02-05 03:05:16,537 - INFO - 📊 عدد الإدخالات: 96
2026-02-05 03:05:16,537 - INFO - 📝 أول 3 عينات:
2026-02-05 03:05:16,537 - INFO -   1: device=130600112769 ts=2026-01-30 12:52:41.975297 temp=11.98
2026-02-05 03:05:16,537 - INFO -   2: device=130600112769 ts=2026-01-30 13:07:41.975297 temp=11.9
2026-02-05 03:05:16,537 - INFO -   3: device=130600112769 ts=2026-01-30 13:22:41.975297 temp=12.72
2026-02-05 03:05:16,537 - INFO - 📄 الملف: freeze_clinic_130600112767.csv
2026-02-05 03:05:16,538 - INFO - تم تحليل 96 إدخال من data/input_raw/freeze_clinic_130600112767.csv
2026-02-05 03:05:16,538 - INFO - 📊 عدد الإدخالات: 96
2026-02-05 03:05:16,538 - INFO - 📝 أول 3 عينات:
2026-02-05 03:05:16,538 - INFO -   1: device=130600112767 ts=2026-01-30 12:52:41.974660 temp=-1.76
2026-02-05 03:05:16,538 - INFO -   2: device=130600112767 ts=2026-01-30 13:07:41.974660 temp=-2.38
2026-02-05 03:05:16,538 - INFO -   3: device=130600112767 ts=2026-01-30 13:22:41.974660 temp=-2.42
2026-02-05 03:05:16,539 - INFO - 📄 الملف: safe_hospital_130600112764.csv
2026-02-05 03:05:16,539 - INFO - تم تحليل 96 إدخال من data/input_raw/safe_hospital_130600112764.csv
2026-02-05 03:05:16,539 - INFO - 📊 عدد الإدخالات: 96
2026-02-05 03:05:16,539 - INFO - 📝 أول 3 عينات:
2026-02-05 03:05:16,539 - INFO -   1: device=130600112764 ts=2026-01-30 12:52:41.973957 temp=4.6
2026-02-05 03:05:16,539 - INFO -   2: device=130600112764 ts=2026-01-30 13:07:41.973957 temp=4.65
2026-02-05 03:05:16,539 - INFO -   3: device=130600112764 ts=2026-01-30 13:22:41.973957 temp=5.29
2026-02-05 03:05:16,543 - INFO - تم ربط 3 إدخال، تم تخطي 1
2026-02-05 03:05:16,546 - INFO - تم ربط 3 إدخال، تم تخطي 1
2026-02-05 03:05:16,551 - INFO - تم ربط 0 إدخال، تم تخطي 2
2026-02-05 03:05:16,552 - INFO - تم ربط 0 إدخال، تم تخطي 0
2026-02-05 03:05:16,553 - INFO - تم ربط 0 إدخال، تم تخطي 4
2026-02-05 03:05:16,556 - INFO - تم تحليل 2 إدخال من /tmp/pytest-of-amer11974/pytest-11/test_parse_valid_csv0/data/test_readings.csv
2026-02-05 03:05:16,560 - WARNING - تنسيق غير معروف في /tmp/pytest-of-amer11974/pytest-11/test_parse_invalid_file0/empty.csv
2026-02-05 03:05:16,560 - INFO - تم تحليل 0 إدخال من /tmp/pytest-of-amer11974/pytest-11/test_parse_invalid_file0/empty.csv
2026-02-05 03:05:16,565 - WARNING - تخطي صف 0 في /tmp/pytest-of-amer11974/pytest-11/test_parse_malformed_rows0/data_malformed/bad_readings.csv: could not convert string to float: 'invalid_temp'
2026-02-05 03:05:16,566 - INFO - تم تحليل 1 إدخال من /tmp/pytest-of-amer11974/pytest-11/test_parse_malformed_rows0/data_malformed/bad_readings.csv
2026-02-05 03:05:16,572 - INFO - 📄 إنشاء تقرير PDF احترافي
2026-02-05 03:05:16,572 - INFO - ==================================================
2026-02-05 03:05:16,572 - ERROR - ❌ ملف التقرير غير موجود: data/output/centers_report.tsv
2026-02-05 03:05:16,572 - INFO - ⚠️  قم بتشغيل النظام أولاً:
2026-02-05 03:05:16,572 - INFO -    python -m scripts.run_ft2_pipeline --legacy
2026-02-05 03:05:16,642 - INFO - 📄 إنشاء تقرير PDF احترافي
2026-02-05 03:05:16,642 - INFO - ==================================================
2026-02-05 03:05:16,643 - INFO - 📊 قراءة البيانات من: data/output/centers_report.tsv
2026-02-05 03:05:16,643 - INFO - 🔄 جاري إنشاء التقرير...
2026-02-05 03:05:16,643 - INFO - 
✅ تم إنشاء التقرير بنجاح!
2026-02-05 03:05:16,643 - INFO - 📍 الموقع: /fake/report.pdf
2026-02-05 03:05:16,718 - INFO - 📂 تم فتح التقرير تلقائياً
2026-02-05 03:05:16,766 - INFO - | Test Scenario             | 5.0°C(1.0h) + 15.0°C(24.0h)                   | 1.0    days | NONE  | NO_DATA                        |
2026-02-05 03:05:16,819 - INFO - Mock data created at: data/output/visual_tests/mock_visual_data.tsv
2026-02-05 03:05:16,820 - INFO - ⚠️ رسالة مفقودة: VISUAL_REPORT_OFFICIAL
2026-02-05 03:05:16,820 - INFO - Done: /tmp/pytest-of-amer11974/pytest-11/test_verify_visual_reports_run0/data/output/visual_tests/visual_test_official.pdf
2026-02-05 03:05:16,820 - INFO - ⚠️ رسالة مفقودة: VISUAL_REPORT_TECHNICAL
2026-02-05 03:05:16,820 - INFO - Done: /tmp/pytest-of-amer11974/pytest-11/test_verify_visual_reports_run0/data/output/visual_tests/visual_test_official.pdf
2026-02-05 03:05:16,820 - INFO - ⚠️ رسالة مفقودة: VISUAL_REPORT_ARABIC
2026-02-05 03:05:16,820 - INFO - Done: /tmp/pytest-of-amer11974/pytest-11/test_verify_visual_reports_run0/data/output/visual_tests/visual_test_official.pdf
2026-02-05 03:13:56,245 - INFO - ✅ تم إنشاء تقرير المراكز: /tmp/pytest-of-amer11974/pytest-12/test_centers_report_snapshot0/centers_report.tsv
2026-02-05 03:13:56,281 - INFO - 🧹 تنظيف الملفات التالفة في data/input_ft2
2026-02-05 03:13:56,282 - INFO - 🗑️ تم حذف: bad1.txt (فارغ تماماً)
2026-02-05 03:13:56,282 - INFO - ✅ تم تنظيف 1 ملف.
2026-02-05 03:13:56,284 - INFO - فحص الملفات الخام في: data/input_raw
2026-02-05 03:13:56,284 - INFO - 📄 الملف: test_data.csv
2026-02-05 03:13:56,285 - INFO - تم تحليل 6 إدخال من data/input_raw/test_data.csv
2026-02-05 03:13:56,285 - INFO - 📊 عدد الإدخالات: 6
2026-02-05 03:13:56,285 - INFO - 📝 أول 3 عينات:
2026-02-05 03:13:56,285 - INFO -   1: device=130600112764 ts=2024-01-15 08:00:00 temp=5.2
2026-02-05 03:13:56,286 - INFO -   2: device=130600112764 ts=2024-01-15 12:00:00 temp=4.8
2026-02-05 03:13:56,286 - INFO -   3: device=130600112767 ts=2024-01-15 08:00:00 temp=-1.5
2026-02-05 03:13:56,286 - INFO - 📄 الملف: heat_mobile_130600112769.csv
2026-02-05 03:13:56,286 - INFO - تم تحليل 96 إدخال من data/input_raw/heat_mobile_130600112769.csv
2026-02-05 03:13:56,286 - INFO - 📊 عدد الإدخالات: 96
2026-02-05 03:13:56,286 - INFO - 📝 أول 3 عينات:
2026-02-05 03:13:56,287 - INFO -   1: device=130600112769 ts=2026-01-30 12:52:41.975297 temp=11.98
2026-02-05 03:13:56,287 - INFO -   2: device=130600112769 ts=2026-01-30 13:07:41.975297 temp=11.9
2026-02-05 03:13:56,287 - INFO -   3: device=130600112769 ts=2026-01-30 13:22:41.975297 temp=12.72
2026-02-05 03:13:56,287 - INFO - 📄 الملف: freeze_clinic_130600112767.csv
2026-02-05 03:13:56,290 - INFO - تم تحليل 96 إدخال من data/input_raw/freeze_clinic_130600112767.csv
2026-02-05 03:13:56,290 - INFO - 📊 عدد الإدخالات: 96
2026-02-05 03:13:56,290 - INFO - 📝 أول 3 عينات:
2026-02-05 03:13:56,290 - INFO -   1: device=130600112767 ts=2026-01-30 12:52:41.974660 temp=-1.76
2026-02-05 03:13:56,290 - INFO -   2: device=130600112767 ts=2026-01-30 13:07:41.974660 temp=-2.38
2026-02-05 03:13:56,291 - INFO -   3: device=130600112767 ts=2026-01-30 13:22:41.974660 temp=-2.42
2026-02-05 03:13:56,291 - INFO - 📄 الملف: safe_hospital_130600112764.csv
2026-02-05 03:13:56,291 - INFO - تم تحليل 96 إدخال من data/input_raw/safe_hospital_130600112764.csv
2026-02-05 03:13:56,293 - INFO - 📊 عدد الإدخالات: 96
2026-02-05 03:13:56,293 - INFO - 📝 أول 3 عينات:
2026-02-05 03:13:56,294 - INFO -   1: device=130600112764 ts=2026-01-30 12:52:41.973957 temp=4.6
2026-02-05 03:13:56,294 - INFO -   2: device=130600112764 ts=2026-01-30 13:07:41.973957 temp=4.65
2026-02-05 03:13:56,297 - INFO -   3: device=130600112764 ts=2026-01-30 13:22:41.973957 temp=5.29
2026-02-05 03:13:56,299 - INFO - تم ربط 3 إدخال، تم تخطي 1
2026-02-05 03:13:56,300 - INFO - تم ربط 3 إدخال، تم تخطي 1
2026-02-05 03:13:56,301 - INFO - تم ربط 0 إدخال، تم تخطي 2
2026-02-05 03:13:56,303 - INFO - تم ربط 0 إدخال، تم تخطي 0
2026-02-05 03:13:56,304 - INFO - تم ربط 0 إدخال، تم تخطي 4
2026-02-05 03:13:56,308 - INFO - تم تحليل 2 إدخال من /tmp/pytest-of-amer11974/pytest-12/test_parse_valid_csv0/data/test_readings.csv
2026-02-05 03:13:56,345 - WARNING - تنسيق غير معروف في /tmp/pytest-of-amer11974/pytest-12/test_parse_invalid_file0/empty.csv
2026-02-05 03:13:56,346 - INFO - تم تحليل 0 إدخال من /tmp/pytest-of-amer11974/pytest-12/test_parse_invalid_file0/empty.csv
2026-02-05 03:13:56,349 - WARNING - تخطي صف 0 في /tmp/pytest-of-amer11974/pytest-12/test_parse_malformed_rows0/data_malformed/bad_readings.csv: could not convert string to float: 'invalid_temp'
2026-02-05 03:13:56,349 - INFO - تم تحليل 1 إدخال من /tmp/pytest-of-amer11974/pytest-12/test_parse_malformed_rows0/data_malformed/bad_readings.csv
2026-02-05 03:13:56,361 - INFO - 📄 إنشاء تقرير PDF احترافي
2026-02-05 03:13:56,361 - INFO - ==================================================
2026-02-05 03:13:56,361 - ERROR - ❌ ملف التقرير غير موجود: data/output/centers_report.tsv
2026-02-05 03:13:56,362 - INFO - ⚠️  قم بتشغيل النظام أولاً:
2026-02-05 03:13:56,362 - INFO -    python -m scripts.run_ft2_pipeline --legacy
2026-02-05 03:13:56,368 - INFO - 📄 إنشاء تقرير PDF احترافي
2026-02-05 03:13:56,368 - INFO - ==================================================
2026-02-05 03:13:56,370 - INFO - 📊 قراءة البيانات من: data/output/centers_report.tsv
2026-02-05 03:13:56,372 - INFO - 🔄 جاري إنشاء التقرير...
2026-02-05 03:13:56,373 - INFO - 
✅ تم إنشاء التقرير بنجاح!
2026-02-05 03:13:56,373 - INFO - 📍 الموقع: /fake/report.pdf
2026-02-05 03:13:56,402 - INFO - 📂 تم فتح التقرير تلقائياً
2026-02-05 03:13:56,427 - INFO - | Test Scenario             | 5.0°C(1.0h) + 15.0°C(24.0h)                   | 1.0    days | NONE  | NO_DATA                        |
2026-02-05 03:13:56,435 - INFO - Mock data created at: data/output/visual_tests/mock_visual_data.tsv
2026-02-05 03:13:56,436 - INFO - ⚠️ رسالة مفقودة: VISUAL_REPORT_OFFICIAL
2026-02-05 03:13:56,436 - INFO - Done: /tmp/pytest-of-amer11974/pytest-12/test_verify_visual_reports_run0/data/output/visual_tests/visual_test_official.pdf
2026-02-05 03:13:56,436 - INFO - ⚠️ رسالة مفقودة: VISUAL_REPORT_TECHNICAL
2026-02-05 03:13:56,436 - INFO - Done: /tmp/pytest-of-amer11974/pytest-12/test_verify_visual_reports_run0/data/output/visual_tests/visual_test_official.pdf
2026-02-05 03:13:56,436 - INFO - ⚠️ رسالة مفقودة: VISUAL_REPORT_ARABIC
2026-02-05 03:13:56,436 - INFO - Done: /tmp/pytest-of-amer11974/pytest-12/test_verify_visual_reports_run0/data/output/visual_tests/visual_test_official.pdf
2026-02-05 03:18:59,157 - INFO - ✅ تم إنشاء تقرير المراكز: /tmp/pytest-of-amer11974/pytest-13/test_centers_report_snapshot0/centers_report.tsv
2026-02-05 03:18:59,340 - INFO - 🧹 تنظيف الملفات التالفة في data/input_ft2
2026-02-05 03:18:59,340 - INFO - 🗑️ تم حذف: bad1.txt (فارغ تماماً)
2026-02-05 03:18:59,341 - INFO - ✅ تم تنظيف 1 ملف.
2026-02-05 03:18:59,342 - INFO - فحص الملفات الخام في: data/input_raw
2026-02-05 03:18:59,342 - INFO - 📄 الملف: test_data.csv
2026-02-05 03:18:59,343 - INFO - تم تحليل 6 إدخال من data/input_raw/test_data.csv
2026-02-05 03:18:59,343 - INFO - 📊 عدد الإدخالات: 6
2026-02-05 03:18:59,343 - INFO - 📝 أول 3 عينات:
2026-02-05 03:18:59,343 - INFO -   1: device=130600112764 ts=2024-01-15 08:00:00 temp=5.2
2026-02-05 03:18:59,343 - INFO -   2: device=130600112764 ts=2024-01-15 12:00:00 temp=4.8
2026-02-05 03:18:59,344 - INFO -   3: device=130600112767 ts=2024-01-15 08:00:00 temp=-1.5
2026-02-05 03:18:59,344 - INFO - 📄 الملف: heat_mobile_130600112769.csv
2026-02-05 03:18:59,344 - INFO - تم تحليل 96 إدخال من data/input_raw/heat_mobile_130600112769.csv
2026-02-05 03:18:59,344 - INFO - 📊 عدد الإدخالات: 96
2026-02-05 03:18:59,344 - INFO - 📝 أول 3 عينات:
2026-02-05 03:18:59,345 - INFO -   1: device=130600112769 ts=2026-01-30 12:52:41.975297 temp=11.98
2026-02-05 03:18:59,345 - INFO -   2: device=130600112769 ts=2026-01-30 13:07:41.975297 temp=11.9
2026-02-05 03:18:59,345 - INFO -   3: device=130600112769 ts=2026-01-30 13:22:41.975297 temp=12.72
2026-02-05 03:18:59,345 - INFO - 📄 الملف: freeze_clinic_130600112767.csv
2026-02-05 03:18:59,346 - INFO - تم تحليل 96 إدخال من data/input_raw/freeze_clinic_130600112767.csv
2026-02-05 03:18:59,346 - INFO - 📊 عدد الإدخالات: 96
2026-02-05 03:18:59,346 - INFO - 📝 أول 3 عينات:
2026-02-05 03:18:59,346 - INFO -   1: device=130600112767 ts=2026-01-30 12:52:41.974660 temp=-1.76
2026-02-05 03:18:59,346 - INFO -   2: device=130600112767 ts=2026-01-30 13:07:41.974660 temp=-2.38
2026-02-05 03:18:59,346 - INFO -   3: device=130600112767 ts=2026-01-30 13:22:41.974660 temp=-2.42
2026-02-05 03:18:59,346 - INFO - 📄 الملف: safe_hospital_130600112764.csv
2026-02-05 03:18:59,347 - INFO - تم تحليل 96 إدخال من data/input_raw/safe_hospital_130600112764.csv
2026-02-05 03:18:59,347 - INFO - 📊 عدد الإدخالات: 96
2026-02-05 03:18:59,347 - INFO - 📝 أول 3 عينات:
2026-02-05 03:18:59,347 - INFO -   1: device=130600112764 ts=2026-01-30 12:52:41.973957 temp=4.6
2026-02-05 03:18:59,347 - INFO -   2: device=130600112764 ts=2026-01-30 13:07:41.973957 temp=4.65
2026-02-05 03:18:59,347 - INFO -   3: device=130600112764 ts=2026-01-30 13:22:41.973957 temp=5.29
2026-02-05 03:18:59,349 - INFO - تم ربط 3 إدخال، تم تخطي 1
2026-02-05 03:18:59,351 - INFO - تم ربط 3 إدخال، تم تخطي 1
2026-02-05 03:18:59,352 - INFO - تم ربط 0 إدخال، تم تخطي 2
2026-02-05 03:18:59,355 - INFO - تم ربط 0 إدخال، تم تخطي 0
2026-02-05 03:18:59,357 - INFO - تم ربط 0 إدخال، تم تخطي 4
2026-02-05 03:18:59,384 - INFO - تم تحليل 2 إدخال من /tmp/pytest-of-amer11974/pytest-13/test_parse_valid_csv0/data/test_readings.csv
2026-02-05 03:18:59,429 - WARNING - تنسيق غير معروف في /tmp/pytest-of-amer11974/pytest-13/test_parse_invalid_file0/empty.csv
2026-02-05 03:18:59,429 - INFO - تم تحليل 0 إدخال من /tmp/pytest-of-amer11974/pytest-13/test_parse_invalid_file0/empty.csv
2026-02-05 03:18:59,466 - WARNING - تخطي صف 0 في /tmp/pytest-of-amer11974/pytest-13/test_parse_malformed_rows0/data_malformed/bad_readings.csv: could not convert string to float: 'invalid_temp'
2026-02-05 03:18:59,467 - INFO - تم تحليل 1 إدخال من /tmp/pytest-of-amer11974/pytest-13/test_parse_malformed_rows0/data_malformed/bad_readings.csv
2026-02-05 03:18:59,472 - INFO - 📄 إنشاء تقرير PDF احترافي
2026-02-05 03:18:59,472 - INFO - ==================================================
2026-02-05 03:18:59,472 - ERROR - ❌ ملف التقرير غير موجود: data/output/centers_report.tsv
2026-02-05 03:18:59,472 - INFO - ⚠️  قم بتشغيل النظام أولاً:
2026-02-05 03:18:59,472 - INFO -    python -m scripts.run_ft2_pipeline --legacy
2026-02-05 03:18:59,513 - INFO - 📄 إنشاء تقرير PDF احترافي
2026-02-05 03:18:59,513 - INFO - ==================================================
2026-02-05 03:18:59,514 - INFO - 📊 قراءة البيانات من: data/output/centers_report.tsv
2026-02-05 03:18:59,514 - INFO - 🔄 جاري إنشاء التقرير...
2026-02-05 03:18:59,514 - INFO - 
✅ تم إنشاء التقرير بنجاح!
2026-02-05 03:18:59,514 - INFO - 📍 الموقع: /fake/report.pdf
2026-02-05 03:18:59,542 - INFO - 📂 تم فتح التقرير تلقائياً
2026-02-05 03:18:59,568 - INFO - | Test Scenario             | 5.0°C(1.0h) + 15.0°C(24.0h)                   | 1.0    days | NONE  | NO_DATA                        |
2026-02-05 03:18:58,880 - INFO - Mock data created at: data/output/visual_tests/mock_visual_data.tsv
2026-02-05 03:18:58,881 - INFO - ⚠️ رسالة مفقودة: VISUAL_REPORT_OFFICIAL
2026-02-05 03:18:58,881 - INFO - Done: /tmp/pytest-of-amer11974/pytest-13/test_verify_visual_reports_run0/data/output/visual_tests/visual_test_official.pdf
2026-02-05 03:18:58,882 - INFO - ⚠️ رسالة مفقودة: VISUAL_REPORT_TECHNICAL
2026-02-05 03:18:58,882 - INFO - Done: /tmp/pytest-of-amer11974/pytest-13/test_verify_visual_reports_run0/data/output/visual_tests/visual_test_official.pdf
2026-02-05 03:18:58,882 - INFO - ⚠️ رسالة مفقودة: VISUAL_REPORT_ARABIC
2026-02-05 03:18:58,883 - INFO - Done: /tmp/pytest-of-amer11974/pytest-13/test_verify_visual_reports_run0/data/output/visual_tests/visual_test_official.pdf
2026-02-06 00:59:09,163 - INFO - ✅ تم إنشاء تقرير المراكز: /tmp/pytest-of-amer11974/pytest-0/test_centers_report_snapshot0/centers_report.tsv
2026-02-06 00:59:09,208 - INFO - 🧹 تنظيف الملفات التالفة في data/input_ft2
2026-02-06 00:59:09,287 - INFO - 🗑️ تم حذف: bad1.txt (فارغ تماماً)
2026-02-06 00:59:09,287 - INFO - ✅ تم تنظيف 1 ملف.
2026-02-06 00:59:09,288 - INFO - فحص الملفات الخام في: data/input_raw
2026-02-06 00:59:09,289 - INFO - 📄 الملف: test_data.csv
2026-02-06 00:59:09,364 - INFO - تم تحليل 6 إدخال من data/input_raw/test_data.csv
2026-02-06 00:59:09,364 - INFO - 📊 عدد الإدخالات: 6
2026-02-06 00:59:09,365 - INFO - 📝 أول 3 عينات:
2026-02-06 00:59:09,365 - INFO -   1: device=130600112764 ts=2024-01-15 08:00:00 temp=5.2
2026-02-06 00:59:09,365 - INFO -   2: device=130600112764 ts=2024-01-15 12:00:00 temp=4.8
2026-02-06 00:59:09,366 - INFO -   3: device=130600112767 ts=2024-01-15 08:00:00 temp=-1.5
2026-02-06 00:59:09,366 - INFO - 📄 الملف: heat_mobile_130600112769.csv
2026-02-06 00:59:09,444 - INFO - تم تحليل 96 إدخال من data/input_raw/heat_mobile_130600112769.csv
2026-02-06 00:59:09,444 - INFO - 📊 عدد الإدخالات: 96
2026-02-06 00:59:09,445 - INFO - 📝 أول 3 عينات:
2026-02-06 00:59:09,446 - INFO -   1: device=130600112769 ts=2026-01-30 12:52:41.975297 temp=11.98
2026-02-06 00:59:09,446 - INFO -   2: device=130600112769 ts=2026-01-30 13:07:41.975297 temp=11.9
2026-02-06 00:59:09,447 - INFO -   3: device=130600112769 ts=2026-01-30 13:22:41.975297 temp=12.72
2026-02-06 00:59:09,447 - INFO - 📄 الملف: freeze_clinic_130600112767.csv
2026-02-06 00:59:09,455 - INFO - تم تحليل 96 إدخال من data/input_raw/freeze_clinic_130600112767.csv
2026-02-06 00:59:09,456 - INFO - 📊 عدد الإدخالات: 96
2026-02-06 00:59:09,456 - INFO - 📝 أول 3 عينات:
2026-02-06 00:59:09,457 - INFO -   1: device=130600112767 ts=2026-01-30 12:52:41.974660 temp=-1.76
2026-02-06 00:59:09,458 - INFO -   2: device=130600112767 ts=2026-01-30 13:07:41.974660 temp=-2.38
2026-02-06 00:59:09,458 - INFO -   3: device=130600112767 ts=2026-01-30 13:22:41.974660 temp=-2.42
2026-02-06 00:59:09,459 - INFO - 📄 الملف: safe_hospital_130600112764.csv
2026-02-06 00:59:09,490 - INFO - تم تحليل 96 إدخال من data/input_raw/safe_hospital_130600112764.csv
2026-02-06 00:59:09,491 - INFO - 📊 عدد الإدخالات: 96
2026-02-06 00:59:09,492 - INFO - 📝 أول 3 عينات:
2026-02-06 00:59:09,493 - INFO -   1: device=130600112764 ts=2026-01-30 12:52:41.973957 temp=4.6
2026-02-06 00:59:09,493 - INFO -   2: device=130600112764 ts=2026-01-30 13:07:41.973957 temp=4.65
2026-02-06 00:59:09,494 - INFO -   3: device=130600112764 ts=2026-01-30 13:22:41.973957 temp=5.29
2026-02-06 00:59:09,500 - INFO - تم ربط 3 إدخال، تم تخطي 1
2026-02-06 00:59:09,505 - INFO - تم ربط 3 إدخال، تم تخطي 1
2026-02-06 00:59:09,507 - INFO - تم ربط 0 إدخال، تم تخطي 2
2026-02-06 00:59:09,510 - INFO - تم ربط 0 إدخال، تم تخطي 0
2026-02-06 00:59:09,512 - INFO - تم ربط 0 إدخال، تم تخطي 4
2026-02-06 00:59:09,522 - INFO - تم تحليل 2 إدخال من /tmp/pytest-of-amer11974/pytest-0/test_parse_valid_csv0/data/test_readings.csv
2026-02-06 00:59:09,527 - WARNING - تنسيق غير معروف في /tmp/pytest-of-amer11974/pytest-0/test_parse_invalid_file0/empty.csv
2026-02-06 00:59:09,527 - INFO - تم تحليل 0 إدخال من /tmp/pytest-of-amer11974/pytest-0/test_parse_invalid_file0/empty.csv
2026-02-06 00:59:09,533 - WARNING - تخطي صف 0 في /tmp/pytest-of-amer11974/pytest-0/test_parse_malformed_rows0/data_malformed/bad_readings.csv: could not convert string to float: 'invalid_temp'
2026-02-06 00:59:09,534 - INFO - تم تحليل 1 إدخال من /tmp/pytest-of-amer11974/pytest-0/test_parse_malformed_rows0/data_malformed/bad_readings.csv
2026-02-06 00:59:09,542 - INFO - 📄 إنشاء تقرير PDF احترافي
2026-02-06 00:59:09,542 - INFO - ==================================================
2026-02-06 00:59:09,542 - ERROR - ❌ ملف التقرير غير موجود: data/output/centers_report.tsv
2026-02-06 00:59:09,543 - INFO - ⚠️  قم بتشغيل النظام أولاً:
2026-02-06 00:59:09,543 - INFO -    python -m scripts.run_ft2_pipeline --legacy
2026-02-06 00:59:09,571 - INFO - 📄 إنشاء تقرير PDF احترافي
2026-02-06 00:59:09,571 - INFO - ==================================================
2026-02-06 00:59:09,571 - INFO - 📊 قراءة البيانات من: data/output/centers_report.tsv
2026-02-06 00:59:09,571 - INFO - 🔄 جاري إنشاء التقرير...
2026-02-06 00:59:09,572 - INFO - 
✅ تم إنشاء التقرير بنجاح!
2026-02-06 00:59:09,572 - INFO - 📍 الموقع: /fake/report.pdf
2026-02-06 00:59:11,234 - INFO - 📂 تم فتح التقرير تلقائياً
2026-02-06 00:59:11,291 - INFO - | Test Scenario             | 5.0°C(1.0h) + 15.0°C(24.0h)                   | 1.0    days | NONE  | NO_DATA                        |
2026-02-06 00:59:11,300 - INFO - Mock data created at: data/output/visual_tests/mock_visual_data.tsv
2026-02-06 00:59:11,300 - INFO - ⚠️ رسالة مفقودة: VISUAL_REPORT_OFFICIAL
2026-02-06 00:59:11,300 - INFO - Done: /tmp/pytest-of-amer11974/pytest-0/test_verify_visual_reports_run0/data/output/visual_tests/visual_test_official.pdf
2026-02-06 00:59:11,300 - INFO - ⚠️ رسالة مفقودة: VISUAL_REPORT_TECHNICAL
2026-02-06 00:59:11,301 - INFO - Done: /tmp/pytest-of-amer11974/pytest-0/test_verify_visual_reports_run0/data/output/visual_tests/visual_test_official.pdf
2026-02-06 00:59:11,301 - INFO - ⚠️ رسالة مفقودة: VISUAL_REPORT_ARABIC
2026-02-06 00:59:11,301 - INFO - Done: /tmp/pytest-of-amer11974/pytest-0/test_verify_visual_reports_run0/data/output/visual_tests/visual_test_official.pdf
2026-02-06 01:25:08,995 - WARNING - تنسيق غير معروف في data/input_ft2/safe_hospital_130600112764.txt
2026-02-06 01:25:09,007 - INFO - تم تحليل 0 إدخال من data/input_ft2/safe_hospital_130600112764.txt
2026-02-06 01:25:09,051 - WARNING - تنسيق غير معروف في data/input_ft2/130600112764_202201241939.txt
2026-02-06 01:25:09,051 - INFO - تم تحليل 0 إدخال من data/input_ft2/130600112764_202201241939.txt
2026-02-06 01:25:09,111 - WARNING - تنسيق غير معروف في data/input_ft2/heat_mobile_130600112769.txt
2026-02-06 01:25:09,111 - INFO - تم تحليل 0 إدخال من data/input_ft2/heat_mobile_130600112769.txt
2026-02-06 01:25:09,130 - WARNING - تنسيق غير معروف في data/input_ft2/freeze_clinic_130600112767.txt
2026-02-06 01:25:09,130 - INFO - تم تحليل 0 إدخال من data/input_ft2/freeze_clinic_130600112767.txt
2026-02-06 01:25:09,130 - WARNING - تنسيق غير معروف في data/input_ft2/test_001.txt
2026-02-06 01:25:09,131 - INFO - تم تحليل 0 إدخال من data/input_ft2/test_001.txt
2026-02-06 01:31:48,602 - INFO - ✅ تم إنشاء تقرير المراكز: /tmp/pytest-of-amer11974/pytest-1/test_centers_report_snapshot0/centers_report.tsv
2026-02-06 01:31:48,642 - INFO - 🧹 تنظيف الملفات التالفة في data/input_ft2
2026-02-06 01:31:48,643 - INFO - 🗑️ تم حذف: bad1.txt (فارغ تماماً)
2026-02-06 01:31:48,644 - INFO - 🗑️ تم حذف: test_001.txt (فارغ تماماً)
2026-02-06 01:31:48,646 - INFO - ✅ تم تنظيف 2 ملف.
2026-02-06 01:31:48,648 - INFO - فحص الملفات الخام في: data/input_raw
2026-02-06 01:31:48,648 - INFO - 📄 الملف: test_data.csv
2026-02-06 01:31:48,675 - INFO - تم تحليل 6 إدخال من data/input_raw/test_data.csv
2026-02-06 01:31:48,675 - INFO - 📊 عدد الإدخالات: 6
2026-02-06 01:31:48,675 - INFO - 📝 أول 3 عينات:
2026-02-06 01:31:48,676 - INFO -   1: device=130600112764 ts=2024-01-15 08:00:00 temp=5.2
2026-02-06 01:31:48,676 - INFO -   2: device=130600112764 ts=2024-01-15 12:00:00 temp=4.8
2026-02-06 01:31:48,676 - INFO -   3: device=130600112767 ts=2024-01-15 08:00:00 temp=-1.5
2026-02-06 01:31:48,676 - INFO - 📄 الملف: heat_mobile_130600112769.csv
2026-02-06 01:31:48,720 - INFO - تم تحليل 96 إدخال من data/input_raw/heat_mobile_130600112769.csv
2026-02-06 01:31:48,721 - INFO - 📊 عدد الإدخالات: 96
2026-02-06 01:31:48,722 - INFO - 📝 أول 3 عينات:
2026-02-06 01:31:48,722 - INFO -   1: device=130600112769 ts=2026-01-30 12:52:41.975297 temp=11.98
2026-02-06 01:31:48,723 - INFO -   2: device=130600112769 ts=2026-01-30 13:07:41.975297 temp=11.9
2026-02-06 01:31:48,724 - INFO -   3: device=130600112769 ts=2026-01-30 13:22:41.975297 temp=12.72
2026-02-06 01:31:48,725 - INFO - 📄 الملف: freeze_clinic_130600112767.csv
2026-02-06 01:31:48,784 - INFO - تم تحليل 96 إدخال من data/input_raw/freeze_clinic_130600112767.csv
2026-02-06 01:31:48,785 - INFO - 📊 عدد الإدخالات: 96
2026-02-06 01:31:48,785 - INFO - 📝 أول 3 عينات:
2026-02-06 01:31:48,786 - INFO -   1: device=130600112767 ts=2026-01-30 12:52:41.974660 temp=-1.76
2026-02-06 01:31:48,786 - INFO -   2: device=130600112767 ts=2026-01-30 13:07:41.974660 temp=-2.38
2026-02-06 01:31:48,787 - INFO -   3: device=130600112767 ts=2026-01-30 13:22:41.974660 temp=-2.42
2026-02-06 01:31:48,788 - INFO - 📄 الملف: safe_hospital_130600112764.csv
2026-02-06 01:31:48,807 - INFO - تم تحليل 96 إدخال من data/input_raw/safe_hospital_130600112764.csv
2026-02-06 01:31:48,808 - INFO - 📊 عدد الإدخالات: 96
2026-02-06 01:31:48,808 - INFO - 📝 أول 3 عينات:
2026-02-06 01:31:48,809 - INFO -   1: device=130600112764 ts=2026-01-30 12:52:41.973957 temp=4.6
2026-02-06 01:31:48,809 - INFO -   2: device=130600112764 ts=2026-01-30 13:07:41.973957 temp=4.65
2026-02-06 01:31:48,809 - INFO -   3: device=130600112764 ts=2026-01-30 13:22:41.973957 temp=5.29
2026-02-06 01:31:48,816 - INFO - تم ربط 3 إدخال، تم تخطي 1
2026-02-06 01:31:48,821 - INFO - تم ربط 3 إدخال، تم تخطي 1
2026-02-06 01:31:48,825 - INFO - تم ربط 0 إدخال، تم تخطي 2
2026-02-06 01:31:48,827 - INFO - تم ربط 0 إدخال، تم تخطي 0
2026-02-06 01:31:48,829 - INFO - تم ربط 0 إدخال، تم تخطي 4
2026-02-06 01:31:48,834 - INFO - تم تحليل 2 إدخال من /tmp/pytest-of-amer11974/pytest-1/test_parse_valid_csv0/data/test_readings.csv
2026-02-06 01:31:48,841 - WARNING - تنسيق غير معروف في /tmp/pytest-of-amer11974/pytest-1/test_parse_invalid_file0/empty.csv
2026-02-06 01:31:48,841 - INFO - تم تحليل 0 إدخال من /tmp/pytest-of-amer11974/pytest-1/test_parse_invalid_file0/empty.csv
2026-02-06 01:31:48,852 - WARNING - تخطي صف 0 في /tmp/pytest-of-amer11974/pytest-1/test_parse_malformed_rows0/data_malformed/bad_readings.csv: could not convert string to float: 'invalid_temp'
2026-02-06 01:31:48,852 - INFO - تم تحليل 1 إدخال من /tmp/pytest-of-amer11974/pytest-1/test_parse_malformed_rows0/data_malformed/bad_readings.csv
2026-02-06 01:31:48,858 - INFO - 📄 إنشاء تقرير PDF احترافي
2026-02-06 01:31:48,859 - INFO - ==================================================
2026-02-06 01:31:48,859 - ERROR - ❌ ملف التقرير غير موجود: data/output/centers_report.tsv
2026-02-06 01:31:48,859 - INFO - ⚠️  قم بتشغيل النظام أولاً:
2026-02-06 01:31:48,859 - INFO -    python -m scripts.run_ft2_pipeline --legacy
2026-02-06 01:31:48,871 - INFO - 📄 إنشاء تقرير PDF احترافي
2026-02-06 01:31:48,872 - INFO - ==================================================
2026-02-06 01:31:48,872 - INFO - 📊 قراءة البيانات من: data/output/centers_report.tsv
2026-02-06 01:31:48,872 - INFO - 🔄 جاري إنشاء التقرير...
2026-02-06 01:31:48,872 - INFO - 
✅ تم إنشاء التقرير بنجاح!
2026-02-06 01:31:48,872 - INFO - 📍 الموقع: /fake/report.pdf
2026-02-06 01:31:49,360 - INFO - 📂 تم فتح التقرير تلقائياً
2026-02-06 01:31:49,419 - INFO - | Test Scenario             | 5.0°C(1.0h) + 15.0°C(24.0h)                   | 1.0    days | NONE  | NO_DATA                        |
2026-02-06 01:31:49,433 - INFO - Mock data created at: data/output/visual_tests/mock_visual_data.tsv
2026-02-06 01:31:49,434 - INFO - ⚠️ رسالة مفقودة: VISUAL_REPORT_OFFICIAL
2026-02-06 01:31:49,434 - INFO - Done: /tmp/pytest-of-amer11974/pytest-1/test_verify_visual_reports_run0/data/output/visual_tests/visual_test_official.pdf
2026-02-06 01:31:49,434 - INFO - ⚠️ رسالة مفقودة: VISUAL_REPORT_TECHNICAL
2026-02-06 01:31:49,434 - INFO - Done: /tmp/pytest-of-amer11974/pytest-1/test_verify_visual_reports_run0/data/output/visual_tests/visual_test_official.pdf
2026-02-06 01:31:49,434 - INFO - ⚠️ رسالة مفقودة: VISUAL_REPORT_ARABIC
2026-02-06 01:31:49,434 - INFO - Done: /tmp/pytest-of-amer11974/pytest-1/test_verify_visual_reports_run0/data/output/visual_tests/visual_test_official.pdf
2026-02-06 01:50:07,316 - WARNING - تنسيق غير معروف في data/input_ft2/safe_hospital_130600112764.txt
2026-02-06 01:50:07,317 - INFO - تم تحليل 0 إدخال من data/input_ft2/safe_hospital_130600112764.txt
2026-02-06 01:50:07,317 - WARNING - تنسيق غير معروف في data/input_ft2/130600112764_202201241939.txt
2026-02-06 01:50:07,317 - INFO - تم تحليل 0 إدخال من data/input_ft2/130600112764_202201241939.txt
2026-02-06 01:50:07,317 - WARNING - تنسيق غير معروف في data/input_ft2/heat_mobile_130600112769.txt
2026-02-06 01:50:07,317 - INFO - تم تحليل 0 إدخال من data/input_ft2/heat_mobile_130600112769.txt
2026-02-06 01:50:07,318 - WARNING - تنسيق غير معروف في data/input_ft2/freeze_clinic_130600112767.txt
2026-02-06 01:50:07,318 - INFO - تم تحليل 0 إدخال من data/input_ft2/freeze_clinic_130600112767.txt
2026-02-06 01:50:30,464 - INFO - ✅ تم إنشاء تقرير المراكز: /tmp/pytest-of-amer11974/pytest-2/test_centers_report_snapshot0/centers_report.tsv
2026-02-06 01:50:30,488 - INFO - 🧹 تنظيف الملفات التالفة في data/input_ft2
2026-02-06 01:50:30,489 - INFO - 🗑️ تم حذف: bad1.txt (فارغ تماماً)
2026-02-06 01:50:30,489 - INFO - ✅ تم تنظيف 1 ملف.
2026-02-06 01:50:30,491 - INFO - فحص الملفات الخام في: data/input_raw
2026-02-06 01:50:30,492 - INFO - 📄 الملف: test_data.csv
2026-02-06 01:50:30,492 - INFO - تم تحليل 6 إدخال من data/input_raw/test_data.csv
2026-02-06 01:50:30,492 - INFO - 📊 عدد الإدخالات: 6
2026-02-06 01:50:30,493 - INFO - 📝 أول 3 عينات:
2026-02-06 01:50:30,493 - INFO -   1: device=130600112764 ts=2024-01-15 08:00:00 temp=5.2
2026-02-06 01:50:30,493 - INFO -   2: device=130600112764 ts=2024-01-15 12:00:00 temp=4.8
2026-02-06 01:50:30,493 - INFO -   3: device=130600112767 ts=2024-01-15 08:00:00 temp=-1.5
2026-02-06 01:50:30,493 - INFO - 📄 الملف: heat_mobile_130600112769.csv
2026-02-06 01:50:30,494 - INFO - تم تحليل 96 إدخال من data/input_raw/heat_mobile_130600112769.csv
2026-02-06 01:50:30,494 - INFO - 📊 عدد الإدخالات: 96
2026-02-06 01:50:30,494 - INFO - 📝 أول 3 عينات:
2026-02-06 01:50:30,494 - INFO -   1: device=130600112769 ts=2026-01-30 12:52:41.975297 temp=11.98
2026-02-06 01:50:30,494 - INFO -   2: device=130600112769 ts=2026-01-30 13:07:41.975297 temp=11.9
2026-02-06 01:50:30,495 - INFO -   3: device=130600112769 ts=2026-01-30 13:22:41.975297 temp=12.72
2026-02-06 01:50:30,495 - INFO - 📄 الملف: freeze_clinic_130600112767.csv
2026-02-06 01:50:30,495 - INFO - تم تحليل 96 إدخال من data/input_raw/freeze_clinic_130600112767.csv
2026-02-06 01:50:30,495 - INFO - 📊 عدد الإدخالات: 96
2026-02-06 01:50:30,496 - INFO - 📝 أول 3 عينات:
2026-02-06 01:50:30,496 - INFO -   1: device=130600112767 ts=2026-01-30 12:52:41.974660 temp=-1.76
2026-02-06 01:50:30,496 - INFO -   2: device=130600112767 ts=2026-01-30 13:07:41.974660 temp=-2.38
2026-02-06 01:50:30,496 - INFO -   3: device=130600112767 ts=2026-01-30 13:22:41.974660 temp=-2.42
2026-02-06 01:50:30,496 - INFO - 📄 الملف: safe_hospital_130600112764.csv
2026-02-06 01:50:30,497 - INFO - تم تحليل 96 إدخال من data/input_raw/safe_hospital_130600112764.csv
2026-02-06 01:50:30,497 - INFO - 📊 عدد الإدخالات: 96
2026-02-06 01:50:30,500 - INFO - 📝 أول 3 عينات:
2026-02-06 01:50:30,500 - INFO -   1: device=130600112764 ts=2026-01-30 12:52:41.973957 temp=4.6
2026-02-06 01:50:30,500 - INFO -   2: device=130600112764 ts=2026-01-30 13:07:41.973957 temp=4.65
2026-02-06 01:50:30,500 - INFO -   3: device=130600112764 ts=2026-01-30 13:22:41.973957 temp=5.29
2026-02-06 01:50:30,503 - INFO - تم ربط 3 إدخال، تم تخطي 1
2026-02-06 01:50:30,505 - INFO - تم ربط 3 إدخال، تم تخطي 1
2026-02-06 01:50:30,507 - INFO - تم ربط 0 إدخال، تم تخطي 2
2026-02-06 01:50:30,509 - INFO - تم ربط 0 إدخال، تم تخطي 0
2026-02-06 01:50:30,511 - INFO - تم ربط 0 إدخال، تم تخطي 4
2026-02-06 01:50:30,515 - INFO - تم تحليل 2 إدخال من /tmp/pytest-of-amer11974/pytest-2/test_parse_valid_csv0/data/test_readings.csv
2026-02-06 01:50:30,518 - WARNING - تنسيق غير معروف في /tmp/pytest-of-amer11974/pytest-2/test_parse_invalid_file0/empty.csv
2026-02-06 01:50:30,519 - INFO - تم تحليل 0 إدخال من /tmp/pytest-of-amer11974/pytest-2/test_parse_invalid_file0/empty.csv
2026-02-06 01:50:30,522 - WARNING - تخطي صف 0 في /tmp/pytest-of-amer11974/pytest-2/test_parse_malformed_rows0/data_malformed/bad_readings.csv: could not convert string to float: 'invalid_temp'
2026-02-06 01:50:30,522 - INFO - تم تحليل 1 إدخال من /tmp/pytest-of-amer11974/pytest-2/test_parse_malformed_rows0/data_malformed/bad_readings.csv
2026-02-06 01:50:30,533 - INFO - 📄 إنشاء تقرير PDF احترافي
2026-02-06 01:50:30,533 - INFO - ==================================================
2026-02-06 01:50:30,533 - ERROR - ❌ ملف التقرير غير موجود: data/output/centers_report.tsv
2026-02-06 01:50:30,533 - INFO - ⚠️  قم بتشغيل النظام أولاً:
2026-02-06 01:50:30,533 - INFO -    python -m scripts.run_ft2_pipeline --legacy
2026-02-06 01:50:30,542 - INFO - 📄 إنشاء تقرير PDF احترافي
2026-02-06 01:50:30,543 - INFO - ==================================================
2026-02-06 01:50:30,543 - INFO - 📊 قراءة البيانات من: data/output/centers_report.tsv
2026-02-06 01:50:30,543 - INFO - 🔄 جاري إنشاء التقرير...
2026-02-06 01:50:30,543 - INFO - 
✅ تم إنشاء التقرير بنجاح!
2026-02-06 01:50:30,543 - INFO - 📍 الموقع: /fake/report.pdf
2026-02-06 01:50:30,576 - INFO - 📂 تم فتح التقرير تلقائياً
2026-02-06 01:50:30,604 - INFO - | Test Scenario             | 5.0°C(1.0h) + 15.0°C(24.0h)                   | 1.0    days | NONE  | NO_DATA                        |
2026-02-06 01:50:30,617 - INFO - Mock data created at: data/output/visual_tests/mock_visual_data.tsv
2026-02-06 01:50:30,618 - INFO - ⚠️ رسالة مفقودة: VISUAL_REPORT_OFFICIAL
2026-02-06 01:50:30,620 - INFO - Done: /tmp/pytest-of-amer11974/pytest-2/test_verify_visual_reports_run0/data/output/visual_tests/visual_test_official.pdf
2026-02-06 01:50:30,620 - INFO - ⚠️ رسالة مفقودة: VISUAL_REPORT_TECHNICAL
2026-02-06 01:50:30,621 - INFO - Done: /tmp/pytest-of-amer11974/pytest-2/test_verify_visual_reports_run0/data/output/visual_tests/visual_test_official.pdf
2026-02-06 01:50:30,621 - INFO - ⚠️ رسالة مفقودة: VISUAL_REPORT_ARABIC
2026-02-06 01:50:30,621 - INFO - Done: /tmp/pytest-of-amer11974/pytest-2/test_verify_visual_reports_run0/data/output/visual_tests/visual_test_official.pdf
2026-02-06 12:15:35,584 - INFO - ✅ تم إنشاء تقرير المراكز: /tmp/pytest-of-amer11974/pytest-0/test_centers_report_snapshot0/centers_report.tsv
2026-02-06 12:15:35,632 - INFO - 🧹 تنظيف الملفات التالفة في data/input_ft2
2026-02-06 12:15:35,664 - INFO - 🗑️ تم حذف: bad1.txt (فارغ تماماً)
2026-02-06 12:15:35,664 - INFO - ✅ تم تنظيف 1 ملف.
2026-02-06 12:15:35,665 - INFO - فحص الملفات الخام في: data/input_raw
2026-02-06 12:15:35,676 - INFO - 📄 الملف: test_data.csv
2026-02-06 12:15:35,686 - INFO - تم تحليل 6 إدخال من data/input_raw/test_data.csv
2026-02-06 12:15:35,686 - INFO - 📊 عدد الإدخالات: 6
2026-02-06 12:15:35,686 - INFO - 📝 أول 3 عينات:
2026-02-06 12:15:35,687 - INFO -   1: device=130600112764 ts=2024-01-15 08:00:00 temp=5.2
2026-02-06 12:15:35,687 - INFO -   2: device=130600112764 ts=2024-01-15 12:00:00 temp=4.8
2026-02-06 12:15:35,687 - INFO -   3: device=130600112767 ts=2024-01-15 08:00:00 temp=-1.5
2026-02-06 12:15:35,687 - INFO - 📄 الملف: heat_mobile_130600112769.csv
2026-02-06 12:15:35,702 - INFO - تم تحليل 96 إدخال من data/input_raw/heat_mobile_130600112769.csv
2026-02-06 12:15:35,702 - INFO - 📊 عدد الإدخالات: 96
2026-02-06 12:15:35,703 - INFO - 📝 أول 3 عينات:
2026-02-06 12:15:35,703 - INFO -   1: device=130600112769 ts=2026-01-30 12:52:41.975297 temp=11.98
2026-02-06 12:15:35,703 - INFO -   2: device=130600112769 ts=2026-01-30 13:07:41.975297 temp=11.9
2026-02-06 12:15:35,703 - INFO -   3: device=130600112769 ts=2026-01-30 13:22:41.975297 temp=12.72
2026-02-06 12:15:35,703 - INFO - 📄 الملف: freeze_clinic_130600112767.csv
2026-02-06 12:15:35,704 - INFO - تم تحليل 96 إدخال من data/input_raw/freeze_clinic_130600112767.csv
2026-02-06 12:15:35,704 - INFO - 📊 عدد الإدخالات: 96
2026-02-06 12:15:35,704 - INFO - 📝 أول 3 عينات:
2026-02-06 12:15:35,704 - INFO -   1: device=130600112767 ts=2026-01-30 12:52:41.974660 temp=-1.76
2026-02-06 12:15:35,704 - INFO -   2: device=130600112767 ts=2026-01-30 13:07:41.974660 temp=-2.38
2026-02-06 12:15:35,704 - INFO -   3: device=130600112767 ts=2026-01-30 13:22:41.974660 temp=-2.42
2026-02-06 12:15:35,705 - INFO - 📄 الملف: safe_hospital_130600112764.csv
2026-02-06 12:15:35,706 - INFO - تم تحليل 96 إدخال من data/input_raw/safe_hospital_130600112764.csv
2026-02-06 12:15:35,706 - INFO - 📊 عدد الإدخالات: 96
2026-02-06 12:15:35,706 - INFO - 📝 أول 3 عينات:
2026-02-06 12:15:35,706 - INFO -   1: device=130600112764 ts=2026-01-30 12:52:41.973957 temp=4.6
2026-02-06 12:15:35,706 - INFO -   2: device=130600112764 ts=2026-01-30 13:07:41.973957 temp=4.65
2026-02-06 12:15:35,706 - INFO -   3: device=130600112764 ts=2026-01-30 13:22:41.973957 temp=5.29
2026-02-06 12:15:35,707 - INFO - تم ربط 3 إدخال، تم تخطي 1
2026-02-06 12:15:35,709 - INFO - تم ربط 3 إدخال، تم تخطي 1
2026-02-06 12:15:35,710 - INFO - تم ربط 0 إدخال، تم تخطي 2
2026-02-06 12:15:35,711 - INFO - تم ربط 0 إدخال، تم تخطي 0
2026-02-06 12:15:35,711 - INFO - تم ربط 0 إدخال، تم تخطي 4
2026-02-06 12:15:35,715 - INFO - تم تحليل 2 إدخال من /tmp/pytest-of-amer11974/pytest-0/test_parse_valid_csv0/data/test_readings.csv
2026-02-06 12:15:35,717 - WARNING - تنسيق غير معروف في /tmp/pytest-of-amer11974/pytest-0/test_parse_invalid_file0/empty.csv
2026-02-06 12:15:35,718 - INFO - تم تحليل 0 إدخال من /tmp/pytest-of-amer11974/pytest-0/test_parse_invalid_file0/empty.csv
2026-02-06 12:15:35,723 - WARNING - تخطي صف 0 في /tmp/pytest-of-amer11974/pytest-0/test_parse_malformed_rows0/data_malformed/bad_readings.csv: could not convert string to float: 'invalid_temp'
2026-02-06 12:15:35,723 - INFO - تم تحليل 1 إدخال من /tmp/pytest-of-amer11974/pytest-0/test_parse_malformed_rows0/data_malformed/bad_readings.csv
2026-02-06 12:15:35,729 - INFO - 📄 إنشاء تقرير PDF احترافي
2026-02-06 12:15:35,730 - INFO - ==================================================
2026-02-06 12:15:35,730 - ERROR - ❌ ملف التقرير غير موجود: data/output/centers_report.tsv
2026-02-06 12:15:35,730 - INFO - ⚠️  قم بتشغيل النظام أولاً:
2026-02-06 12:15:35,730 - INFO -    python -m scripts.run_ft2_pipeline --legacy
2026-02-06 12:15:35,736 - INFO - 📄 إنشاء تقرير PDF احترافي
2026-02-06 12:15:35,737 - INFO - ==================================================
2026-02-06 12:15:35,737 - INFO - 📊 قراءة البيانات من: data/output/centers_report.tsv
2026-02-06 12:15:35,737 - INFO - 🔄 جاري إنشاء التقرير...
2026-02-06 12:15:35,738 - INFO - 
✅ تم إنشاء التقرير بنجاح!
2026-02-06 12:15:35,738 - INFO - 📍 الموقع: /fake/report.pdf
2026-02-06 12:15:36,145 - INFO - 📂 تم فتح التقرير تلقائياً
2026-02-06 12:15:36,174 - INFO - | Test Scenario             | 5.0°C(1.0h) + 15.0°C(24.0h)                   | 1.0    days | NONE  | NO_DATA                        |
2026-02-06 12:15:36,187 - INFO - Mock data created at: data/output/visual_tests/mock_visual_data.tsv
2026-02-06 12:15:36,187 - INFO - ⚠️ رسالة مفقودة: VISUAL_REPORT_OFFICIAL
2026-02-06 12:15:36,188 - INFO - Done: /tmp/pytest-of-amer11974/pytest-0/test_verify_visual_reports_run0/data/output/visual_tests/visual_test_official.pdf
2026-02-06 12:15:36,188 - INFO - ⚠️ رسالة مفقودة: VISUAL_REPORT_TECHNICAL
2026-02-06 12:15:36,188 - INFO - Done: /tmp/pytest-of-amer11974/pytest-0/test_verify_visual_reports_run0/data/output/visual_tests/visual_test_official.pdf
2026-02-06 12:15:36,188 - INFO - ⚠️ رسالة مفقودة: VISUAL_REPORT_ARABIC
2026-02-06 12:15:36,188 - INFO - Done: /tmp/pytest-of-amer11974/pytest-0/test_verify_visual_reports_run0/data/output/visual_tests/visual_test_official.pdf
2026-02-06 12:22:16,664 - INFO - ✅ تم إنشاء تقرير المراكز: /tmp/pytest-of-amer11974/pytest-1/test_centers_report_snapshot0/centers_report.tsv
2026-02-06 12:22:16,717 - INFO - 🧹 تنظيف الملفات التالفة في data/input_ft2
2026-02-06 12:22:16,775 - INFO - 🗑️ تم حذف: bad1.txt (فارغ تماماً)
2026-02-06 12:22:16,775 - INFO - ✅ تم تنظيف 1 ملف.
2026-02-06 12:22:16,777 - INFO - فحص الملفات الخام في: data/input_raw
2026-02-06 12:22:16,807 - INFO - 📄 الملف: test_data.csv
2026-02-06 12:22:16,826 - INFO - تم تحليل 6 إدخال من data/input_raw/test_data.csv
2026-02-06 12:22:16,826 - INFO - 📊 عدد الإدخالات: 6
2026-02-06 12:22:16,826 - INFO - 📝 أول 3 عينات:
2026-02-06 12:22:16,827 - INFO -   1: device=130600112764 ts=2024-01-15 08:00:00 temp=5.2
2026-02-06 12:22:16,827 - INFO -   2: device=130600112764 ts=2024-01-15 12:00:00 temp=4.8
2026-02-06 12:22:16,827 - INFO -   3: device=130600112767 ts=2024-01-15 08:00:00 temp=-1.5
2026-02-06 12:22:16,827 - INFO - 📄 الملف: heat_mobile_130600112769.csv
2026-02-06 12:22:16,888 - INFO - تم تحليل 96 إدخال من data/input_raw/heat_mobile_130600112769.csv
2026-02-06 12:22:16,888 - INFO - 📊 عدد الإدخالات: 96
2026-02-06 12:22:16,889 - INFO - 📝 أول 3 عينات:
2026-02-06 12:22:16,889 - INFO -   1: device=130600112769 ts=2026-01-30 12:52:41.975297 temp=11.98
2026-02-06 12:22:16,889 - INFO -   2: device=130600112769 ts=2026-01-30 13:07:41.975297 temp=11.9
2026-02-06 12:22:16,889 - INFO -   3: device=130600112769 ts=2026-01-30 13:22:41.975297 temp=12.72
2026-02-06 12:22:16,890 - INFO - 📄 الملف: freeze_clinic_130600112767.csv
2026-02-06 12:22:16,897 - INFO - تم تحليل 96 إدخال من data/input_raw/freeze_clinic_130600112767.csv
2026-02-06 12:22:16,897 - INFO - 📊 عدد الإدخالات: 96
2026-02-06 12:22:16,898 - INFO - 📝 أول 3 عينات:
2026-02-06 12:22:16,898 - INFO -   1: device=130600112767 ts=2026-01-30 12:52:41.974660 temp=-1.76
2026-02-06 12:22:16,898 - INFO -   2: device=130600112767 ts=2026-01-30 13:07:41.974660 temp=-2.38
2026-02-06 12:22:16,898 - INFO -   3: device=130600112767 ts=2026-01-30 13:22:41.974660 temp=-2.42
2026-02-06 12:22:16,899 - INFO - 📄 الملف: safe_hospital_130600112764.csv
2026-02-06 12:22:16,900 - INFO - تم تحليل 96 إدخال من data/input_raw/safe_hospital_130600112764.csv
2026-02-06 12:22:16,901 - INFO - 📊 عدد الإدخالات: 96
2026-02-06 12:22:16,901 - INFO - 📝 أول 3 عينات:
2026-02-06 12:22:16,901 - INFO -   1: device=130600112764 ts=2026-01-30 12:52:41.973957 temp=4.6
2026-02-06 12:22:16,901 - INFO -   2: device=130600112764 ts=2026-01-30 13:07:41.973957 temp=4.65
2026-02-06 12:22:16,902 - INFO -   3: device=130600112764 ts=2026-01-30 13:22:41.973957 temp=5.29
2026-02-06 12:22:16,905 - INFO - تم ربط 3 إدخال، تم تخطي 1
2026-02-06 12:22:16,907 - INFO - تم ربط 3 إدخال، تم تخطي 1
2026-02-06 12:22:16,910 - INFO - تم ربط 0 إدخال، تم تخطي 2
2026-02-06 12:22:16,912 - INFO - تم ربط 0 إدخال، تم تخطي 0
2026-02-06 12:22:16,914 - INFO - تم ربط 0 إدخال، تم تخطي 4
2026-02-06 12:22:16,919 - INFO - تم تحليل 2 إدخال من /tmp/pytest-of-amer11974/pytest-1/test_parse_valid_csv0/data/test_readings.csv
2026-02-06 12:22:16,924 - WARNING - تنسيق غير معروف في /tmp/pytest-of-amer11974/pytest-1/test_parse_invalid_file0/empty.csv
2026-02-06 12:22:16,924 - INFO - تم تحليل 0 إدخال من /tmp/pytest-of-amer11974/pytest-1/test_parse_invalid_file0/empty.csv
2026-02-06 12:22:16,931 - WARNING - تخطي صف 0 في /tmp/pytest-of-amer11974/pytest-1/test_parse_malformed_rows0/data_malformed/bad_readings.csv: could not convert string to float: 'invalid_temp'
2026-02-06 12:22:16,932 - INFO - تم تحليل 1 إدخال من /tmp/pytest-of-amer11974/pytest-1/test_parse_malformed_rows0/data_malformed/bad_readings.csv
2026-02-06 12:22:16,937 - INFO - 📄 إنشاء تقرير PDF احترافي
2026-02-06 12:22:16,937 - INFO - ==================================================
2026-02-06 12:22:16,937 - ERROR - ❌ ملف التقرير غير موجود: data/output/centers_report.tsv
2026-02-06 12:22:16,937 - INFO - ⚠️  قم بتشغيل النظام أولاً:
2026-02-06 12:22:16,937 - INFO -    python -m scripts.run_ft2_pipeline --legacy
2026-02-06 12:22:16,942 - INFO - 📄 إنشاء تقرير PDF احترافي
2026-02-06 12:22:16,943 - INFO - ==================================================
2026-02-06 12:22:16,943 - INFO - 📊 قراءة البيانات من: data/output/centers_report.tsv
2026-02-06 12:22:16,943 - INFO - 🔄 جاري إنشاء التقرير...
2026-02-06 12:22:16,943 - INFO - 
✅ تم إنشاء التقرير بنجاح!
2026-02-06 12:22:16,943 - INFO - 📍 الموقع: /fake/report.pdf
2026-02-06 12:22:17,116 - INFO - 📂 تم فتح التقرير تلقائياً
2026-02-06 12:22:17,174 - INFO - | Test Scenario             | 5.0°C(1.0h) + 15.0°C(24.0h)                   | 1.0    days | NONE  | NO_DATA                        |
2026-02-06 12:22:17,185 - INFO - Mock data created at: data/output/visual_tests/mock_visual_data.tsv
2026-02-06 12:22:17,185 - INFO - ⚠️ رسالة مفقودة: VISUAL_REPORT_OFFICIAL
2026-02-06 12:22:17,185 - INFO - Done: /tmp/pytest-of-amer11974/pytest-1/test_verify_visual_reports_run0/data/output/visual_tests/visual_test_official.pdf
2026-02-06 12:22:17,185 - INFO - ⚠️ رسالة مفقودة: VISUAL_REPORT_TECHNICAL
2026-02-06 12:22:17,185 - INFO - Done: /tmp/pytest-of-amer11974/pytest-1/test_verify_visual_reports_run0/data/output/visual_tests/visual_test_official.pdf
2026-02-06 12:22:17,186 - INFO - ⚠️ رسالة مفقودة: VISUAL_REPORT_ARABIC
2026-02-06 12:22:17,186 - INFO - Done: /tmp/pytest-of-amer11974/pytest-1/test_verify_visual_reports_run0/data/output/visual_tests/visual_test_official.pdf
2026-02-06 12:34:22,368 - INFO - ✅ تم إنشاء تقرير المراكز: /tmp/pytest-of-amer11974/pytest-2/test_centers_report_snapshot0/centers_report.tsv
2026-02-06 12:34:22,415 - INFO - 🧹 تنظيف الملفات التالفة في data/input_ft2
2026-02-06 12:34:22,446 - INFO - 🗑️ تم حذف: bad1.txt (فارغ تماماً)
2026-02-06 12:34:22,447 - INFO - ✅ تم تنظيف 1 ملف.
2026-02-06 12:34:22,448 - INFO - فحص الملفات الخام في: data/input_raw
2026-02-06 12:34:22,459 - INFO - 📄 الملف: test_data.csv
2026-02-06 12:34:22,469 - INFO - تم تحليل 6 إدخال من data/input_raw/test_data.csv
2026-02-06 12:34:22,469 - INFO - 📊 عدد الإدخالات: 6
2026-02-06 12:34:22,469 - INFO - 📝 أول 3 عينات:
2026-02-06 12:34:22,469 - INFO -   1: device=130600112764 ts=2024-01-15 08:00:00 temp=5.2
2026-02-06 12:34:22,470 - INFO -   2: device=130600112764 ts=2024-01-15 12:00:00 temp=4.8
2026-02-06 12:34:22,470 - INFO -   3: device=130600112767 ts=2024-01-15 08:00:00 temp=-1.5
2026-02-06 12:34:22,470 - INFO - 📄 الملف: heat_mobile_130600112769.csv
2026-02-06 12:34:22,485 - INFO - تم تحليل 96 إدخال من data/input_raw/heat_mobile_130600112769.csv
2026-02-06 12:34:22,485 - INFO - 📊 عدد الإدخالات: 96
2026-02-06 12:34:22,485 - INFO - 📝 أول 3 عينات:
2026-02-06 12:34:22,485 - INFO -   1: device=130600112769 ts=2026-01-30 12:52:41.975297 temp=11.98
2026-02-06 12:34:22,486 - INFO -   2: device=130600112769 ts=2026-01-30 13:07:41.975297 temp=11.9
2026-02-06 12:34:22,486 - INFO -   3: device=130600112769 ts=2026-01-30 13:22:41.975297 temp=12.72
2026-02-06 12:34:22,486 - INFO - 📄 الملف: freeze_clinic_130600112767.csv
2026-02-06 12:34:22,487 - INFO - تم تحليل 96 إدخال من data/input_raw/freeze_clinic_130600112767.csv
2026-02-06 12:34:22,487 - INFO - 📊 عدد الإدخالات: 96
2026-02-06 12:34:22,487 - INFO - 📝 أول 3 عينات:
2026-02-06 12:34:22,487 - INFO -   1: device=130600112767 ts=2026-01-30 12:52:41.974660 temp=-1.76
2026-02-06 12:34:22,487 - INFO -   2: device=130600112767 ts=2026-01-30 13:07:41.974660 temp=-2.38
2026-02-06 12:34:22,487 - INFO -   3: device=130600112767 ts=2026-01-30 13:22:41.974660 temp=-2.42
2026-02-06 12:34:22,487 - INFO - 📄 الملف: safe_hospital_130600112764.csv
2026-02-06 12:34:22,488 - INFO - تم تحليل 96 إدخال من data/input_raw/safe_hospital_130600112764.csv
2026-02-06 12:34:22,489 - INFO - 📊 عدد الإدخالات: 96
2026-02-06 12:34:22,489 - INFO - 📝 أول 3 عينات:
2026-02-06 12:34:22,489 - INFO -   1: device=130600112764 ts=2026-01-30 12:52:41.973957 temp=4.6
2026-02-06 12:34:22,489 - INFO -   2: device=130600112764 ts=2026-01-30 13:07:41.973957 temp=4.65
2026-02-06 12:34:22,489 - INFO -   3: device=130600112764 ts=2026-01-30 13:22:41.973957 temp=5.29
2026-02-06 12:34:22,491 - INFO - تم ربط 3 إدخال، تم تخطي 1
2026-02-06 12:34:22,492 - INFO - تم ربط 3 إدخال، تم تخطي 1
2026-02-06 12:34:22,493 - INFO - تم ربط 0 إدخال، تم تخطي 2
2026-02-06 12:34:22,494 - INFO - تم ربط 0 إدخال، تم تخطي 0
2026-02-06 12:34:22,495 - INFO - تم ربط 0 إدخال، تم تخطي 4
2026-02-06 12:34:22,499 - INFO - تم تحليل 2 إدخال من /tmp/pytest-of-amer11974/pytest-2/test_parse_valid_csv0/data/test_readings.csv
2026-02-06 12:34:22,502 - WARNING - تنسيق غير معروف في /tmp/pytest-of-amer11974/pytest-2/test_parse_invalid_file0/empty.csv
2026-02-06 12:34:22,502 - INFO - تم تحليل 0 إدخال من /tmp/pytest-of-amer11974/pytest-2/test_parse_invalid_file0/empty.csv
2026-02-06 12:34:22,505 - WARNING - تخطي صف 0 في /tmp/pytest-of-amer11974/pytest-2/test_parse_malformed_rows0/data_malformed/bad_readings.csv: could not convert string to float: 'invalid_temp'
2026-02-06 12:34:22,505 - INFO - تم تحليل 1 إدخال من /tmp/pytest-of-amer11974/pytest-2/test_parse_malformed_rows0/data_malformed/bad_readings.csv
2026-02-06 12:34:22,510 - INFO - 📄 إنشاء تقرير PDF احترافي
2026-02-06 12:34:22,510 - INFO - ==================================================
2026-02-06 12:34:22,510 - ERROR - ❌ ملف التقرير غير موجود: data/output/centers_report.tsv
2026-02-06 12:34:22,510 - INFO - ⚠️  قم بتشغيل النظام أولاً:
2026-02-06 12:34:22,510 - INFO -    python -m scripts.run_ft2_pipeline --legacy
2026-02-06 12:34:22,515 - INFO - 📄 إنشاء تقرير PDF احترافي
2026-02-06 12:34:22,516 - INFO - ==================================================
2026-02-06 12:34:22,516 - INFO - 📊 قراءة البيانات من: data/output/centers_report.tsv
2026-02-06 12:34:22,516 - INFO - 🔄 جاري إنشاء التقرير...
2026-02-06 12:34:22,516 - INFO - 
✅ تم إنشاء التقرير بنجاح!
2026-02-06 12:34:22,516 - INFO - 📍 الموقع: /fake/report.pdf
2026-02-06 12:34:22,805 - INFO - 📂 تم فتح التقرير تلقائياً
2026-02-06 12:34:22,858 - INFO - | Test Scenario             | 5.0°C(1.0h) + 15.0°C(24.0h)                   | 1.0    days | NONE  | NO_DATA                        |
2026-02-06 12:34:22,869 - INFO - Mock data created at: data/output/visual_tests/mock_visual_data.tsv
2026-02-06 12:34:22,870 - INFO - ⚠️ رسالة مفقودة: VISUAL_REPORT_OFFICIAL
2026-02-06 12:34:22,870 - INFO - Done: /tmp/pytest-of-amer11974/pytest-2/test_verify_visual_reports_run0/data/output/visual_tests/visual_test_official.pdf
2026-02-06 12:34:22,870 - INFO - ⚠️ رسالة مفقودة: VISUAL_REPORT_TECHNICAL
2026-02-06 12:34:22,870 - INFO - Done: /tmp/pytest-of-amer11974/pytest-2/test_verify_visual_reports_run0/data/output/visual_tests/visual_test_official.pdf
2026-02-06 12:34:22,870 - INFO - ⚠️ رسالة مفقودة: VISUAL_REPORT_ARABIC
2026-02-06 12:34:22,871 - INFO - Done: /tmp/pytest-of-amer11974/pytest-2/test_verify_visual_reports_run0/data/output/visual_tests/visual_test_official.pdf
2026-02-06 15:29:13,547 - INFO - ✅ تم إنشاء تقرير المراكز: /tmp/pytest-of-amer11974/pytest-3/test_centers_report_snapshot0/centers_report.tsv
2026-02-06 15:29:13,574 - INFO - 🧹 تنظيف الملفات التالفة في data/input_ft2
2026-02-06 15:29:13,634 - INFO - 🗑️ تم حذف: bad1.txt (فارغ تماماً)
2026-02-06 15:29:13,634 - INFO - ✅ تم تنظيف 1 ملف.
2026-02-06 15:29:13,636 - INFO - فحص الملفات الخام في: data/input_raw
2026-02-06 15:29:13,636 - INFO - 📄 الملف: test_data.csv
2026-02-06 15:29:13,646 - INFO - تم تحليل 6 إدخال من data/input_raw/test_data.csv
2026-02-06 15:29:13,647 - INFO - 📊 عدد الإدخالات: 6
2026-02-06 15:29:13,647 - INFO - 📝 أول 3 عينات:
2026-02-06 15:29:13,647 - INFO -   1: device=130600112764 ts=2024-01-15 08:00:00 temp=5.2
2026-02-06 15:29:13,647 - INFO -   2: device=130600112764 ts=2024-01-15 12:00:00 temp=4.8
2026-02-06 15:29:13,647 - INFO -   3: device=130600112767 ts=2024-01-15 08:00:00 temp=-1.5
2026-02-06 15:29:13,647 - INFO - 📄 الملف: heat_mobile_130600112769.csv
2026-02-06 15:29:13,662 - INFO - تم تحليل 96 إدخال من data/input_raw/heat_mobile_130600112769.csv
2026-02-06 15:29:13,662 - INFO - 📊 عدد الإدخالات: 96
2026-02-06 15:29:13,663 - INFO - 📝 أول 3 عينات:
2026-02-06 15:29:13,663 - INFO -   1: device=130600112769 ts=2026-01-30 12:52:41.975297 temp=11.98
2026-02-06 15:29:13,663 - INFO -   2: device=130600112769 ts=2026-01-30 13:07:41.975297 temp=11.9
2026-02-06 15:29:13,663 - INFO -   3: device=130600112769 ts=2026-01-30 13:22:41.975297 temp=12.72
2026-02-06 15:29:13,663 - INFO - 📄 الملف: freeze_clinic_130600112767.csv
2026-02-06 15:29:13,664 - INFO - تم تحليل 96 إدخال من data/input_raw/freeze_clinic_130600112767.csv
2026-02-06 15:29:13,665 - INFO - 📊 عدد الإدخالات: 96
2026-02-06 15:29:13,665 - INFO - 📝 أول 3 عينات:
2026-02-06 15:29:13,665 - INFO -   1: device=130600112767 ts=2026-01-30 12:52:41.974660 temp=-1.76
2026-02-06 15:29:13,665 - INFO -   2: device=130600112767 ts=2026-01-30 13:07:41.974660 temp=-2.38
2026-02-06 15:29:13,665 - INFO -   3: device=130600112767 ts=2026-01-30 13:22:41.974660 temp=-2.42
2026-02-06 15:29:13,665 - INFO - 📄 الملف: safe_hospital_130600112764.csv
2026-02-06 15:29:13,666 - INFO - تم تحليل 96 إدخال من data/input_raw/safe_hospital_130600112764.csv
2026-02-06 15:29:13,667 - INFO - 📊 عدد الإدخالات: 96
2026-02-06 15:29:13,667 - INFO - 📝 أول 3 عينات:
2026-02-06 15:29:13,667 - INFO -   1: device=130600112764 ts=2026-01-30 12:52:41.973957 temp=4.6
2026-02-06 15:29:13,667 - INFO -   2: device=130600112764 ts=2026-01-30 13:07:41.973957 temp=4.65
2026-02-06 15:29:13,667 - INFO -   3: device=130600112764 ts=2026-01-30 13:22:41.973957 temp=5.29
2026-02-06 15:29:13,669 - INFO - تم ربط 3 إدخال، تم تخطي 1
2026-02-06 15:29:13,670 - INFO - تم ربط 3 إدخال، تم تخطي 1
2026-02-06 15:29:13,671 - INFO - تم ربط 0 إدخال، تم تخطي 2
2026-02-06 15:29:13,672 - INFO - تم ربط 0 إدخال، تم تخطي 0
2026-02-06 15:29:13,673 - INFO - تم ربط 0 إدخال، تم تخطي 4
2026-02-06 15:29:13,676 - INFO - تم تحليل 2 إدخال من /tmp/pytest-of-amer11974/pytest-3/test_parse_valid_csv0/data/test_readings.csv
2026-02-06 15:29:13,679 - WARNING - تنسيق غير معروف في /tmp/pytest-of-amer11974/pytest-3/test_parse_invalid_file0/empty.csv
2026-02-06 15:29:13,680 - INFO - تم تحليل 0 إدخال من /tmp/pytest-of-amer11974/pytest-3/test_parse_invalid_file0/empty.csv
2026-02-06 15:29:13,685 - WARNING - تخطي صف 0 في /tmp/pytest-of-amer11974/pytest-3/test_parse_malformed_rows0/data_malformed/bad_readings.csv: could not convert string to float: 'invalid_temp'
2026-02-06 15:29:13,686 - INFO - تم تحليل 1 إدخال من /tmp/pytest-of-amer11974/pytest-3/test_parse_malformed_rows0/data_malformed/bad_readings.csv
2026-02-06 15:29:13,691 - INFO - 📄 إنشاء تقرير PDF احترافي
2026-02-06 15:29:13,692 - INFO - ==================================================
2026-02-06 15:29:13,692 - ERROR - ❌ ملف التقرير غير موجود: data/output/centers_report.tsv
2026-02-06 15:29:13,692 - INFO - ⚠️  قم بتشغيل النظام أولاً:
2026-02-06 15:29:13,692 - INFO -    python -m scripts.run_ft2_pipeline --legacy
2026-02-06 15:29:13,699 - INFO - 📄 إنشاء تقرير PDF احترافي
2026-02-06 15:29:13,699 - INFO - ==================================================
2026-02-06 15:29:13,699 - INFO - 📊 قراءة البيانات من: data/output/centers_report.tsv
2026-02-06 15:29:13,700 - INFO - 🔄 جاري إنشاء التقرير...
2026-02-06 15:29:13,700 - INFO - 
✅ تم إنشاء التقرير بنجاح!
2026-02-06 15:29:13,700 - INFO - 📍 الموقع: /fake/report.pdf
2026-02-06 15:29:14,122 - INFO - 📂 تم فتح التقرير تلقائياً
2026-02-06 15:29:14,148 - INFO - | Test Scenario             | 5.0°C(1.0h) + 15.0°C(24.0h)                   | 1.0    days | NONE  | NO_DATA                        |
2026-02-06 15:29:14,160 - INFO - Mock data created at: data/output/visual_tests/mock_visual_data.tsv
2026-02-06 15:29:14,160 - INFO - ⚠️ رسالة مفقودة: VISUAL_REPORT_OFFICIAL
2026-02-06 15:29:14,160 - INFO - Done: /tmp/pytest-of-amer11974/pytest-3/test_verify_visual_reports_run0/data/output/visual_tests/visual_test_official.pdf
2026-02-06 15:29:14,160 - INFO - ⚠️ رسالة مفقودة: VISUAL_REPORT_TECHNICAL
2026-02-06 15:29:14,161 - INFO - Done: /tmp/pytest-of-amer11974/pytest-3/test_verify_visual_reports_run0/data/output/visual_tests/visual_test_official.pdf
2026-02-06 15:29:14,161 - INFO - ⚠️ رسالة مفقودة: VISUAL_REPORT_ARABIC
2026-02-06 15:29:14,161 - INFO - Done: /tmp/pytest-of-amer11974/pytest-3/test_verify_visual_reports_run0/data/output/visual_tests/visual_test_official.pdf
2026-02-06 15:38:14,973 - INFO - ✅ تم إنشاء تقرير المراكز: /tmp/pytest-of-amer11974/pytest-4/test_centers_report_snapshot0/centers_report.tsv
2026-02-06 15:38:14,994 - INFO - 🧹 تنظيف الملفات التالفة في data/input_ft2
2026-02-06 15:38:14,995 - INFO - 🗑️ تم حذف: bad1.txt (فارغ تماماً)
2026-02-06 15:38:14,995 - INFO - ✅ تم تنظيف 1 ملف.
2026-02-06 15:38:14,997 - INFO - فحص الملفات الخام في: data/input_raw
2026-02-06 15:38:14,997 - INFO - 📄 الملف: test_data.csv
2026-02-06 15:38:14,997 - INFO - تم تحليل 6 إدخال من data/input_raw/test_data.csv
2026-02-06 15:38:14,998 - INFO - 📊 عدد الإدخالات: 6
2026-02-06 15:38:14,998 - INFO - 📝 أول 3 عينات:
2026-02-06 15:38:14,998 - INFO -   1: device=130600112764 ts=2024-01-15 08:00:00 temp=5.2
2026-02-06 15:38:14,998 - INFO -   2: device=130600112764 ts=2024-01-15 12:00:00 temp=4.8
2026-02-06 15:38:14,998 - INFO -   3: device=130600112767 ts=2024-01-15 08:00:00 temp=-1.5
2026-02-06 15:38:14,998 - INFO - 📄 الملف: heat_mobile_130600112769.csv
2026-02-06 15:38:14,999 - INFO - تم تحليل 96 إدخال من data/input_raw/heat_mobile_130600112769.csv
2026-02-06 15:38:14,999 - INFO - 📊 عدد الإدخالات: 96
2026-02-06 15:38:14,999 - INFO - 📝 أول 3 عينات:
2026-02-06 15:38:14,999 - INFO -   1: device=130600112769 ts=2026-01-30 12:52:41.975297 temp=11.98
2026-02-06 15:38:15,000 - INFO -   2: device=130600112769 ts=2026-01-30 13:07:41.975297 temp=11.9
2026-02-06 15:38:15,000 - INFO -   3: device=130600112769 ts=2026-01-30 13:22:41.975297 temp=12.72
2026-02-06 15:38:15,000 - INFO - 📄 الملف: freeze_clinic_130600112767.csv
2026-02-06 15:38:15,000 - INFO - تم تحليل 96 إدخال من data/input_raw/freeze_clinic_130600112767.csv
2026-02-06 15:38:15,001 - INFO - 📊 عدد الإدخالات: 96
2026-02-06 15:38:15,001 - INFO - 📝 أول 3 عينات:
2026-02-06 15:38:15,001 - INFO -   1: device=130600112767 ts=2026-01-30 12:52:41.974660 temp=-1.76
2026-02-06 15:38:15,001 - INFO -   2: device=130600112767 ts=2026-01-30 13:07:41.974660 temp=-2.38
2026-02-06 15:38:15,001 - INFO -   3: device=130600112767 ts=2026-01-30 13:22:41.974660 temp=-2.42
2026-02-06 15:38:15,001 - INFO - 📄 الملف: safe_hospital_130600112764.csv
2026-02-06 15:38:15,002 - INFO - تم تحليل 96 إدخال من data/input_raw/safe_hospital_130600112764.csv
2026-02-06 15:38:15,002 - INFO - 📊 عدد الإدخالات: 96
2026-02-06 15:38:15,002 - INFO - 📝 أول 3 عينات:
2026-02-06 15:38:15,002 - INFO -   1: device=130600112764 ts=2026-01-30 12:52:41.973957 temp=4.6
2026-02-06 15:38:15,002 - INFO -   2: device=130600112764 ts=2026-01-30 13:07:41.973957 temp=4.65
2026-02-06 15:38:15,002 - INFO -   3: device=130600112764 ts=2026-01-30 13:22:41.973957 temp=5.29
2026-02-06 15:38:15,005 - INFO - تم ربط 3 إدخال، تم تخطي 1
2026-02-06 15:38:15,008 - INFO - تم ربط 3 إدخال، تم تخطي 1
2026-02-06 15:38:15,010 - INFO - تم ربط 0 إدخال، تم تخطي 2
2026-02-06 15:38:15,012 - INFO - تم ربط 0 إدخال، تم تخطي 0
2026-02-06 15:38:15,013 - INFO - تم ربط 0 إدخال، تم تخطي 4
2026-02-06 15:38:15,016 - INFO - تم تحليل 2 إدخال من /tmp/pytest-of-amer11974/pytest-4/test_parse_valid_csv0/data/test_readings.csv
2026-02-06 15:38:15,018 - WARNING - تنسيق غير معروف في /tmp/pytest-of-amer11974/pytest-4/test_parse_invalid_file0/empty.csv
2026-02-06 15:38:15,019 - INFO - تم تحليل 0 إدخال من /tmp/pytest-of-amer11974/pytest-4/test_parse_invalid_file0/empty.csv
2026-02-06 15:38:15,024 - WARNING - تخطي صف 0 في /tmp/pytest-of-amer11974/pytest-4/test_parse_malformed_rows0/data_malformed/bad_readings.csv: could not convert string to float: 'invalid_temp'
2026-02-06 15:38:15,024 - INFO - تم تحليل 1 إدخال من /tmp/pytest-of-amer11974/pytest-4/test_parse_malformed_rows0/data_malformed/bad_readings.csv
2026-02-06 15:38:15,031 - INFO - 📄 إنشاء تقرير PDF احترافي
2026-02-06 15:38:15,031 - INFO - ==================================================
2026-02-06 15:38:15,032 - ERROR - ❌ ملف التقرير غير موجود: data/output/centers_report.tsv
2026-02-06 15:38:15,032 - INFO - ⚠️  قم بتشغيل النظام أولاً:
2026-02-06 15:38:15,032 - INFO -    python -m scripts.run_ft2_pipeline --legacy
2026-02-06 15:38:15,038 - INFO - 📄 إنشاء تقرير PDF احترافي
2026-02-06 15:38:15,039 - INFO - ==================================================
2026-02-06 15:38:15,039 - INFO - 📊 قراءة البيانات من: data/output/centers_report.tsv
2026-02-06 15:38:15,039 - INFO - 🔄 جاري إنشاء التقرير...
2026-02-06 15:38:15,039 - INFO - 
✅ تم إنشاء التقرير بنجاح!
2026-02-06 15:38:15,039 - INFO - 📍 الموقع: /fake/report.pdf
2026-02-06 15:38:15,068 - INFO - 📂 تم فتح التقرير تلقائياً
2026-02-06 15:38:15,092 - INFO - | Test Scenario             | 5.0°C(1.0h) + 15.0°C(24.0h)                   | 1.0    days | NONE  | NO_DATA                        |
2026-02-06 15:38:15,104 - INFO - Mock data created at: data/output/visual_tests/mock_visual_data.tsv
2026-02-06 15:38:15,105 - INFO - ⚠️ رسالة مفقودة: VISUAL_REPORT_OFFICIAL
2026-02-06 15:38:15,105 - INFO - Done: /tmp/pytest-of-amer11974/pytest-4/test_verify_visual_reports_run0/data/output/visual_tests/visual_test_official.pdf
2026-02-06 15:38:15,105 - INFO - ⚠️ رسالة مفقودة: VISUAL_REPORT_TECHNICAL
2026-02-06 15:38:15,105 - INFO - Done: /tmp/pytest-of-amer11974/pytest-4/test_verify_visual_reports_run0/data/output/visual_tests/visual_test_official.pdf
2026-02-06 15:38:15,105 - INFO - ⚠️ رسالة مفقودة: VISUAL_REPORT_ARABIC
2026-02-06 15:38:15,106 - INFO - Done: /tmp/pytest-of-amer11974/pytest-4/test_verify_visual_reports_run0/data/output/visual_tests/visual_test_official.pdf
2026-02-06 15:43:35,947 - INFO - ✅ تم إنشاء تقرير المراكز: /tmp/pytest-of-amer11974/pytest-5/test_centers_report_snapshot0/centers_report.tsv
2026-02-06 15:43:35,971 - INFO - 🧹 تنظيف الملفات التالفة في data/input_ft2
2026-02-06 15:43:35,971 - INFO - 🗑️ تم حذف: bad1.txt (فارغ تماماً)
2026-02-06 15:43:35,971 - INFO - ✅ تم تنظيف 1 ملف.
2026-02-06 15:43:35,973 - INFO - فحص الملفات الخام في: data/input_raw
2026-02-06 15:43:35,974 - INFO - 📄 الملف: test_data.csv
2026-02-06 15:43:35,974 - INFO - تم تحليل 6 إدخال من data/input_raw/test_data.csv
2026-02-06 15:43:35,975 - INFO - 📊 عدد الإدخالات: 6
2026-02-06 15:43:35,975 - INFO - 📝 أول 3 عينات:
2026-02-06 15:43:35,975 - INFO -   1: device=130600112764 ts=2024-01-15 08:00:00 temp=5.2
2026-02-06 15:43:35,975 - INFO -   2: device=130600112764 ts=2024-01-15 12:00:00 temp=4.8
2026-02-06 15:43:35,975 - INFO -   3: device=130600112767 ts=2024-01-15 08:00:00 temp=-1.5
2026-02-06 15:43:35,976 - INFO - 📄 الملف: heat_mobile_130600112769.csv
2026-02-06 15:43:35,976 - INFO - تم تحليل 96 إدخال من data/input_raw/heat_mobile_130600112769.csv
2026-02-06 15:43:35,977 - INFO - 📊 عدد الإدخالات: 96
2026-02-06 15:43:35,977 - INFO - 📝 أول 3 عينات:
2026-02-06 15:43:35,977 - INFO -   1: device=130600112769 ts=2026-01-30 12:52:41.975297 temp=11.98
2026-02-06 15:43:35,977 - INFO -   2: device=130600112769 ts=2026-01-30 13:07:41.975297 temp=11.9
2026-02-06 15:43:35,977 - INFO -   3: device=130600112769 ts=2026-01-30 13:22:41.975297 temp=12.72
2026-02-06 15:43:35,977 - INFO - 📄 الملف: freeze_clinic_130600112767.csv
2026-02-06 15:43:35,978 - INFO - تم تحليل 96 إدخال من data/input_raw/freeze_clinic_130600112767.csv
2026-02-06 15:43:35,978 - INFO - 📊 عدد الإدخالات: 96
2026-02-06 15:43:35,978 - INFO - 📝 أول 3 عينات:
2026-02-06 15:43:35,978 - INFO -   1: device=130600112767 ts=2026-01-30 12:52:41.974660 temp=-1.76
2026-02-06 15:43:35,978 - INFO -   2: device=130600112767 ts=2026-01-30 13:07:41.974660 temp=-2.38
2026-02-06 15:43:35,979 - INFO -   3: device=130600112767 ts=2026-01-30 13:22:41.974660 temp=-2.42
2026-02-06 15:43:35,979 - INFO - 📄 الملف: safe_hospital_130600112764.csv
2026-02-06 15:43:35,980 - INFO - تم تحليل 96 إدخال من data/input_raw/safe_hospital_130600112764.csv
2026-02-06 15:43:35,980 - INFO - 📊 عدد الإدخالات: 96
2026-02-06 15:43:35,981 - INFO - 📝 أول 3 عينات:
2026-02-06 15:43:35,981 - INFO -   1: device=130600112764 ts=2026-01-30 12:52:41.973957 temp=4.6
2026-02-06 15:43:35,981 - INFO -   2: device=130600112764 ts=2026-01-30 13:07:41.973957 temp=4.65
2026-02-06 15:43:35,981 - INFO -   3: device=130600112764 ts=2026-01-30 13:22:41.973957 temp=5.29
2026-02-06 15:43:35,983 - INFO - تم ربط 3 إدخال، تم تخطي 1
2026-02-06 15:43:35,984 - INFO - تم ربط 3 إدخال، تم تخطي 1
2026-02-06 15:43:35,987 - INFO - تم ربط 0 إدخال، تم تخطي 2
2026-02-06 15:43:35,988 - INFO - تم ربط 0 إدخال، تم تخطي 0
2026-02-06 15:43:35,991 - INFO - تم ربط 0 إدخال، تم تخطي 4
2026-02-06 15:43:35,995 - INFO - تم تحليل 2 إدخال من /tmp/pytest-of-amer11974/pytest-5/test_parse_valid_csv0/data/test_readings.csv
2026-02-06 15:43:35,998 - WARNING - تنسيق غير معروف في /tmp/pytest-of-amer11974/pytest-5/test_parse_invalid_file0/empty.csv
2026-02-06 15:43:35,998 - INFO - تم تحليل 0 إدخال من /tmp/pytest-of-amer11974/pytest-5/test_parse_invalid_file0/empty.csv
2026-02-06 15:43:36,001 - WARNING - تخطي صف 0 في /tmp/pytest-of-amer11974/pytest-5/test_parse_malformed_rows0/data_malformed/bad_readings.csv: could not convert string to float: 'invalid_temp'
2026-02-06 15:43:36,001 - INFO - تم تحليل 1 إدخال من /tmp/pytest-of-amer11974/pytest-5/test_parse_malformed_rows0/data_malformed/bad_readings.csv
2026-02-06 15:43:36,013 - INFO - 📄 إنشاء تقرير PDF احترافي
2026-02-06 15:43:36,013 - INFO - ==================================================
2026-02-06 15:43:36,013 - ERROR - ❌ ملف التقرير غير موجود: data/output/centers_report.tsv
2026-02-06 15:43:36,014 - INFO - ⚠️  قم بتشغيل النظام أولاً:
2026-02-06 15:43:36,014 - INFO -    python -m scripts.run_ft2_pipeline --legacy
2026-02-06 15:43:36,018 - INFO - 📄 إنشاء تقرير PDF احترافي
2026-02-06 15:43:36,019 - INFO - ==================================================
2026-02-06 15:43:36,019 - INFO - 📊 قراءة البيانات من: data/output/centers_report.tsv
2026-02-06 15:43:36,019 - INFO - 🔄 جاري إنشاء التقرير...
2026-02-06 15:43:36,019 - INFO - 
✅ تم إنشاء التقرير بنجاح!
2026-02-06 15:43:36,020 - INFO - 📍 الموقع: /fake/report.pdf
2026-02-06 15:43:36,045 - INFO - 📂 تم فتح التقرير تلقائياً
2026-02-06 15:43:36,072 - INFO - | Test Scenario             | 5.0°C(1.0h) + 15.0°C(24.0h)                   | 1.0    days | NONE  | NO_DATA                        |
2026-02-06 15:43:36,087 - INFO - Mock data created at: data/output/visual_tests/mock_visual_data.tsv
2026-02-06 15:43:36,087 - INFO - ⚠️ رسالة مفقودة: VISUAL_REPORT_OFFICIAL
2026-02-06 15:43:36,087 - INFO - Done: /tmp/pytest-of-amer11974/pytest-5/test_verify_visual_reports_run0/data/output/visual_tests/visual_test_official.pdf
2026-02-06 15:43:36,087 - INFO - ⚠️ رسالة مفقودة: VISUAL_REPORT_TECHNICAL
2026-02-06 15:43:36,088 - INFO - Done: /tmp/pytest-of-amer11974/pytest-5/test_verify_visual_reports_run0/data/output/visual_tests/visual_test_official.pdf
2026-02-06 15:43:36,088 - INFO - ⚠️ رسالة مفقودة: VISUAL_REPORT_ARABIC
2026-02-06 15:43:36,088 - INFO - Done: /tmp/pytest-of-amer11974/pytest-5/test_verify_visual_reports_run0/data/output/visual_tests/visual_test_official.pdf
2026-02-06 15:54:08,932 - INFO - ✅ تم إنشاء تقرير المراكز: /tmp/pytest-of-amer11974/pytest-6/test_centers_report_snapshot0/centers_report.tsv
2026-02-06 15:54:08,953 - INFO - 🧹 تنظيف الملفات التالفة في data/input_ft2
2026-02-06 15:54:08,954 - INFO - 🗑️ تم حذف: bad1.txt (فارغ تماماً)
2026-02-06 15:54:08,954 - INFO - ✅ تم تنظيف 1 ملف.
2026-02-06 15:54:08,955 - INFO - فحص الملفات الخام في: data/input_raw
2026-02-06 15:54:08,956 - INFO - 📄 الملف: test_data.csv
2026-02-06 15:54:08,956 - INFO - تم تحليل 6 إدخال من data/input_raw/test_data.csv
2026-02-06 15:54:08,956 - INFO - 📊 عدد الإدخالات: 6
2026-02-06 15:54:08,957 - INFO - 📝 أول 3 عينات:
2026-02-06 15:54:08,957 - INFO -   1: device=130600112764 ts=2024-01-15 08:00:00 temp=5.2
2026-02-06 15:54:08,957 - INFO -   2: device=130600112764 ts=2024-01-15 12:00:00 temp=4.8
2026-02-06 15:54:08,957 - INFO -   3: device=130600112767 ts=2024-01-15 08:00:00 temp=-1.5
2026-02-06 15:54:08,957 - INFO - 📄 الملف: heat_mobile_130600112769.csv
2026-02-06 15:54:08,958 - INFO - تم تحليل 96 إدخال من data/input_raw/heat_mobile_130600112769.csv
2026-02-06 15:54:08,958 - INFO - 📊 عدد الإدخالات: 96
2026-02-06 15:54:08,958 - INFO - 📝 أول 3 عينات:
2026-02-06 15:54:08,958 - INFO -   1: device=130600112769 ts=2026-01-30 12:52:41.975297 temp=11.98
2026-02-06 15:54:08,958 - INFO -   2: device=130600112769 ts=2026-01-30 13:07:41.975297 temp=11.9
2026-02-06 15:54:08,958 - INFO -   3: device=130600112769 ts=2026-01-30 13:22:41.975297 temp=12.72
2026-02-06 15:54:08,959 - INFO - 📄 الملف: freeze_clinic_130600112767.csv
2026-02-06 15:54:08,959 - INFO - تم تحليل 96 إدخال من data/input_raw/freeze_clinic_130600112767.csv
2026-02-06 15:54:08,959 - INFO - 📊 عدد الإدخالات: 96
2026-02-06 15:54:08,959 - INFO - 📝 أول 3 عينات:
2026-02-06 15:54:08,960 - INFO -   1: device=130600112767 ts=2026-01-30 12:52:41.974660 temp=-1.76
2026-02-06 15:54:08,960 - INFO -   2: device=130600112767 ts=2026-01-30 13:07:41.974660 temp=-2.38
2026-02-06 15:54:08,960 - INFO -   3: device=130600112767 ts=2026-01-30 13:22:41.974660 temp=-2.42
2026-02-06 15:54:08,960 - INFO - 📄 الملف: safe_hospital_130600112764.csv
2026-02-06 15:54:08,961 - INFO - تم تحليل 96 إدخال من data/input_raw/safe_hospital_130600112764.csv
2026-02-06 15:54:08,961 - INFO - 📊 عدد الإدخالات: 96
2026-02-06 15:54:08,961 - INFO - 📝 أول 3 عينات:
2026-02-06 15:54:08,961 - INFO -   1: device=130600112764 ts=2026-01-30 12:52:41.973957 temp=4.6
2026-02-06 15:54:08,961 - INFO -   2: device=130600112764 ts=2026-01-30 13:07:41.973957 temp=4.65
2026-02-06 15:54:08,962 - INFO -   3: device=130600112764 ts=2026-01-30 13:22:41.973957 temp=5.29
2026-02-06 15:54:08,963 - INFO - تم ربط 3 إدخال، تم تخطي 1
2026-02-06 15:54:08,964 - INFO - تم ربط 3 إدخال، تم تخطي 1
2026-02-06 15:54:08,966 - INFO - تم ربط 0 إدخال، تم تخطي 2
2026-02-06 15:54:08,968 - INFO - تم ربط 0 إدخال، تم تخطي 0
2026-02-06 15:54:08,970 - INFO - تم ربط 0 إدخال، تم تخطي 4
2026-02-06 15:54:08,973 - INFO - تم تحليل 2 إدخال من /tmp/pytest-of-amer11974/pytest-6/test_parse_valid_csv0/data/test_readings.csv
2026-02-06 15:54:08,975 - WARNING - تنسيق غير معروف في /tmp/pytest-of-amer11974/pytest-6/test_parse_invalid_file0/empty.csv
2026-02-06 15:54:08,975 - INFO - تم تحليل 0 إدخال من /tmp/pytest-of-amer11974/pytest-6/test_parse_invalid_file0/empty.csv
2026-02-06 15:54:08,980 - WARNING - تخطي صف 0 في /tmp/pytest-of-amer11974/pytest-6/test_parse_malformed_rows0/data_malformed/bad_readings.csv: could not convert string to float: 'invalid_temp'
2026-02-06 15:54:08,980 - INFO - تم تحليل 1 إدخال من /tmp/pytest-of-amer11974/pytest-6/test_parse_malformed_rows0/data_malformed/bad_readings.csv
2026-02-06 15:54:08,987 - INFO - 📄 إنشاء تقرير PDF احترافي
2026-02-06 15:54:08,987 - INFO - ==================================================
2026-02-06 15:54:08,987 - ERROR - ❌ ملف التقرير غير موجود: data/output/centers_report.tsv
2026-02-06 15:54:08,987 - INFO - ⚠️  قم بتشغيل النظام أولاً:
2026-02-06 15:54:08,987 - INFO -    python -m scripts.run_ft2_pipeline --legacy
2026-02-06 15:54:08,993 - INFO - 📄 إنشاء تقرير PDF احترافي
2026-02-06 15:54:08,993 - INFO - ==================================================
2026-02-06 15:54:08,993 - INFO - 📊 قراءة البيانات من: data/output/centers_report.tsv
2026-02-06 15:54:08,994 - INFO - 🔄 جاري إنشاء التقرير...
2026-02-06 15:54:08,994 - INFO - 
✅ تم إنشاء التقرير بنجاح!
2026-02-06 15:54:08,994 - INFO - 📍 الموقع: /fake/report.pdf
2026-02-06 15:54:09,021 - INFO - 📂 تم فتح التقرير تلقائياً
2026-02-06 15:54:09,048 - INFO - | Test Scenario             | 5.0°C(1.0h) + 15.0°C(24.0h)                   | 1.0    days | NONE  | NO_DATA                        |
2026-02-06 15:54:09,063 - INFO - Mock data created at: data/output/visual_tests/mock_visual_data.tsv
2026-02-06 15:54:09,063 - INFO - ⚠️ رسالة مفقودة: VISUAL_REPORT_OFFICIAL
2026-02-06 15:54:09,063 - INFO - Done: /tmp/pytest-of-amer11974/pytest-6/test_verify_visual_reports_run0/data/output/visual_tests/visual_test_official.pdf
2026-02-06 15:54:09,063 - INFO - ⚠️ رسالة مفقودة: VISUAL_REPORT_TECHNICAL
2026-02-06 15:54:09,063 - INFO - Done: /tmp/pytest-of-amer11974/pytest-6/test_verify_visual_reports_run0/data/output/visual_tests/visual_test_official.pdf
2026-02-06 15:54:09,063 - INFO - ⚠️ رسالة مفقودة: VISUAL_REPORT_ARABIC
2026-02-06 15:54:09,064 - INFO - Done: /tmp/pytest-of-amer11974/pytest-6/test_verify_visual_reports_run0/data/output/visual_tests/visual_test_official.pdf
2026-02-06 16:12:39,489 - INFO - ✅ تم إنشاء تقرير المراكز: /tmp/pytest-of-amer11974/pytest-7/test_centers_report_snapshot0/centers_report.tsv
2026-02-06 16:12:39,527 - INFO - 🧹 تنظيف الملفات التالفة في data/input_ft2
2026-02-06 16:12:39,528 - INFO - 🗑️ تم حذف: bad1.txt (فارغ تماماً)
2026-02-06 16:12:39,528 - INFO - ✅ تم تنظيف 1 ملف.
2026-02-06 16:12:39,529 - INFO - فحص الملفات الخام في: data/input_raw
2026-02-06 16:12:39,530 - INFO - 📄 الملف: test_data.csv
2026-02-06 16:12:39,531 - INFO - تم تحليل 6 إدخال من data/input_raw/test_data.csv
2026-02-06 16:12:39,531 - INFO - 📊 عدد الإدخالات: 6
2026-02-06 16:12:39,531 - INFO - 📝 أول 3 عينات:
2026-02-06 16:12:39,531 - INFO -   1: device=130600112764 ts=2024-01-15 08:00:00 temp=5.2
2026-02-06 16:12:39,532 - INFO -   2: device=130600112764 ts=2024-01-15 12:00:00 temp=4.8
2026-02-06 16:12:39,532 - INFO -   3: device=130600112767 ts=2024-01-15 08:00:00 temp=-1.5
2026-02-06 16:12:39,532 - INFO - 📄 الملف: heat_mobile_130600112769.csv
2026-02-06 16:12:39,533 - INFO - تم تحليل 96 إدخال من data/input_raw/heat_mobile_130600112769.csv
2026-02-06 16:12:39,540 - INFO - 📊 عدد الإدخالات: 96
2026-02-06 16:12:39,540 - INFO - 📝 أول 3 عينات:
2026-02-06 16:12:39,540 - INFO -   1: device=130600112769 ts=2026-01-30 12:52:41.975297 temp=11.98
2026-02-06 16:12:39,540 - INFO -   2: device=130600112769 ts=2026-01-30 13:07:41.975297 temp=11.9
2026-02-06 16:12:39,541 - INFO -   3: device=130600112769 ts=2026-01-30 13:22:41.975297 temp=12.72
2026-02-06 16:12:39,541 - INFO - 📄 الملف: freeze_clinic_130600112767.csv
2026-02-06 16:12:39,541 - INFO - تم تحليل 96 إدخال من data/input_raw/freeze_clinic_130600112767.csv
2026-02-06 16:12:39,542 - INFO - 📊 عدد الإدخالات: 96
2026-02-06 16:12:39,542 - INFO - 📝 أول 3 عينات:
2026-02-06 16:12:39,542 - INFO -   1: device=130600112767 ts=2026-01-30 12:52:41.974660 temp=-1.76
2026-02-06 16:12:39,542 - INFO -   2: device=130600112767 ts=2026-01-30 13:07:41.974660 temp=-2.38
2026-02-06 16:12:39,542 - INFO -   3: device=130600112767 ts=2026-01-30 13:22:41.974660 temp=-2.42
2026-02-06 16:12:39,542 - INFO - 📄 الملف: safe_hospital_130600112764.csv
2026-02-06 16:12:39,543 - INFO - تم تحليل 96 إدخال من data/input_raw/safe_hospital_130600112764.csv
2026-02-06 16:12:39,543 - INFO - 📊 عدد الإدخالات: 96
2026-02-06 16:12:39,543 - INFO - 📝 أول 3 عينات:
2026-02-06 16:12:39,543 - INFO -   1: device=130600112764 ts=2026-01-30 12:52:41.973957 temp=4.6
2026-02-06 16:12:39,543 - INFO -   2: device=130600112764 ts=2026-01-30 13:07:41.973957 temp=4.65
2026-02-06 16:12:39,543 - INFO -   3: device=130600112764 ts=2026-01-30 13:22:41.973957 temp=5.29
2026-02-06 16:12:39,545 - INFO - تم ربط 3 إدخال، تم تخطي 1
2026-02-06 16:12:39,547 - INFO - تم ربط 3 إدخال، تم تخطي 1
2026-02-06 16:12:39,548 - INFO - تم ربط 0 إدخال، تم تخطي 2
2026-02-06 16:12:39,550 - INFO - تم ربط 0 إدخال، تم تخطي 0
2026-02-06 16:12:39,552 - INFO - تم ربط 0 إدخال، تم تخطي 4
2026-02-06 16:12:39,567 - INFO - تم تحليل 2 إدخال من /tmp/pytest-of-amer11974/pytest-7/test_parse_valid_csv0/data/test_readings.csv
2026-02-06 16:12:39,570 - WARNING - تنسيق غير معروف في /tmp/pytest-of-amer11974/pytest-7/test_parse_invalid_file0/empty.csv
2026-02-06 16:12:39,571 - INFO - تم تحليل 0 إدخال من /tmp/pytest-of-amer11974/pytest-7/test_parse_invalid_file0/empty.csv
2026-02-06 16:12:39,594 - WARNING - تخطي صف 0 في /tmp/pytest-of-amer11974/pytest-7/test_parse_malformed_rows0/data_malformed/bad_readings.csv: could not convert string to float: 'invalid_temp'
2026-02-06 16:12:39,595 - INFO - تم تحليل 1 إدخال من /tmp/pytest-of-amer11974/pytest-7/test_parse_malformed_rows0/data_malformed/bad_readings.csv
2026-02-06 16:12:39,602 - INFO - 📄 إنشاء تقرير PDF احترافي
2026-02-06 16:12:39,602 - INFO - ==================================================
2026-02-06 16:12:39,602 - ERROR - ❌ ملف التقرير غير موجود: data/output/centers_report.tsv
2026-02-06 16:12:39,603 - INFO - ⚠️  قم بتشغيل النظام أولاً:
2026-02-06 16:12:39,603 - INFO -    python -m scripts.run_ft2_pipeline --legacy
2026-02-06 16:12:39,609 - INFO - 📄 إنشاء تقرير PDF احترافي
2026-02-06 16:12:39,609 - INFO - ==================================================
2026-02-06 16:12:39,609 - INFO - 📊 قراءة البيانات من: data/output/centers_report.tsv
2026-02-06 16:12:39,609 - INFO - 🔄 جاري إنشاء التقرير...
2026-02-06 16:12:39,609 - INFO - 
✅ تم إنشاء التقرير بنجاح!
2026-02-06 16:12:39,610 - INFO - 📍 الموقع: /fake/report.pdf
2026-02-06 16:12:39,641 - INFO - 📂 تم فتح التقرير تلقائياً
2026-02-06 16:12:39,667 - INFO - | Test Scenario             | 5.0°C(1.0h) + 15.0°C(24.0h)                   | 1.0    days | NONE  | NO_DATA                        |
2026-02-06 16:12:39,679 - INFO - Mock data created at: data/output/visual_tests/mock_visual_data.tsv
2026-02-06 16:12:39,680 - INFO - ⚠️ رسالة مفقودة: VISUAL_REPORT_OFFICIAL
2026-02-06 16:12:39,680 - INFO - Done: /tmp/pytest-of-amer11974/pytest-7/test_verify_visual_reports_run0/data/output/visual_tests/visual_test_official.pdf
2026-02-06 16:12:39,680 - INFO - ⚠️ رسالة مفقودة: VISUAL_REPORT_TECHNICAL
2026-02-06 16:12:39,680 - INFO - Done: /tmp/pytest-of-amer11974/pytest-7/test_verify_visual_reports_run0/data/output/visual_tests/visual_test_official.pdf
2026-02-06 16:12:39,681 - INFO - ⚠️ رسالة مفقودة: VISUAL_REPORT_ARABIC
2026-02-06 16:12:39,681 - INFO - Done: /tmp/pytest-of-amer11974/pytest-7/test_verify_visual_reports_run0/data/output/visual_tests/visual_test_official.pdf
2026-02-06 16:12:51,288 - WARNING - تنسيق غير معروف في data/input_ft2/130600113438_202407221216.txt
2026-02-06 16:12:51,288 - INFO - تم تحليل 0 إدخال من data/input_ft2/130600113438_202407221216.txt
2026-02-06 17:12:29,534 - WARNING - تنسيق غير معروف في data/input_ft2/130600112764_202201241939.txt
2026-02-06 17:12:29,535 - INFO - تم تحليل 0 إدخال من data/input_ft2/130600112764_202201241939.txt
2026-02-06 17:12:29,536 - WARNING - تنسيق غير معروف في data/input_ft2/130600113438_202407221216.txt
2026-02-06 17:12:29,536 - INFO - تم تحليل 0 إدخال من data/input_ft2/130600113438_202407221216.txt
2026-02-06 17:12:29,537 - WARNING - تنسيق غير معروف في data/input_ft2/130600205168_202503131237.txt
2026-02-06 17:12:29,537 - INFO - تم تحليل 0 إدخال من data/input_ft2/130600205168_202503131237.txt
2026-02-06 17:14:36,677 - INFO - ✅ تم إنشاء تقرير المراكز: /tmp/pytest-of-amer11974/pytest-8/test_centers_report_snapshot0/centers_report.tsv
2026-02-06 17:14:36,697 - INFO - 🧹 تنظيف الملفات التالفة في data/input_ft2
2026-02-06 17:14:36,698 - INFO - 🗑️ تم حذف: bad1.txt (فارغ تماماً)
2026-02-06 17:14:36,699 - INFO - ✅ تم تنظيف 1 ملف.
2026-02-06 17:14:36,700 - INFO - فحص الملفات الخام في: data/input_raw
2026-02-06 17:14:36,701 - INFO - 📄 الملف: test_data.csv
2026-02-06 17:14:36,701 - INFO - تم تحليل 6 إدخال من data/input_raw/test_data.csv
2026-02-06 17:14:36,702 - INFO - 📊 عدد الإدخالات: 6
2026-02-06 17:14:36,702 - INFO - 📝 أول 3 عينات:
2026-02-06 17:14:36,702 - INFO -   1: device=130600112764 ts=2024-01-15 08:00:00 temp=5.2
2026-02-06 17:14:36,702 - INFO -   2: device=130600112764 ts=2024-01-15 12:00:00 temp=4.8
2026-02-06 17:14:36,702 - INFO -   3: device=130600112767 ts=2024-01-15 08:00:00 temp=-1.5
2026-02-06 17:14:36,702 - INFO - 📄 الملف: heat_mobile_130600112769.csv
2026-02-06 17:14:36,703 - INFO - تم تحليل 96 إدخال من data/input_raw/heat_mobile_130600112769.csv
2026-02-06 17:14:36,703 - INFO - 📊 عدد الإدخالات: 96
2026-02-06 17:14:36,704 - INFO - 📝 أول 3 عينات:
2026-02-06 17:14:36,704 - INFO -   1: device=130600112769 ts=2026-01-30 12:52:41.975297 temp=11.98
2026-02-06 17:14:36,704 - INFO -   2: device=130600112769 ts=2026-01-30 13:07:41.975297 temp=11.9
2026-02-06 17:14:36,706 - INFO -   3: device=130600112769 ts=2026-01-30 13:22:41.975297 temp=12.72
2026-02-06 17:14:36,706 - INFO - 📄 الملف: freeze_clinic_130600112767.csv
2026-02-06 17:14:36,707 - INFO - تم تحليل 96 إدخال من data/input_raw/freeze_clinic_130600112767.csv
2026-02-06 17:14:36,707 - INFO - 📊 عدد الإدخالات: 96
2026-02-06 17:14:36,707 - INFO - 📝 أول 3 عينات:
2026-02-06 17:14:36,708 - INFO -   1: device=130600112767 ts=2026-01-30 12:52:41.974660 temp=-1.76
2026-02-06 17:14:36,708 - INFO -   2: device=130600112767 ts=2026-01-30 13:07:41.974660 temp=-2.38
2026-02-06 17:14:36,708 - INFO -   3: device=130600112767 ts=2026-01-30 13:22:41.974660 temp=-2.42
2026-02-06 17:14:36,708 - INFO - 📄 الملف: safe_hospital_130600112764.csv
2026-02-06 17:14:36,709 - INFO - تم تحليل 96 إدخال من data/input_raw/safe_hospital_130600112764.csv
2026-02-06 17:14:36,709 - INFO - 📊 عدد الإدخالات: 96
2026-02-06 17:14:36,709 - INFO - 📝 أول 3 عينات:
2026-02-06 17:14:36,709 - INFO -   1: device=130600112764 ts=2026-01-30 12:52:41.973957 temp=4.6
2026-02-06 17:14:36,709 - INFO -   2: device=130600112764 ts=2026-01-30 13:07:41.973957 temp=4.65
2026-02-06 17:14:36,709 - INFO -   3: device=130600112764 ts=2026-01-30 13:22:41.973957 temp=5.29
2026-02-06 17:14:36,712 - INFO - تم ربط 3 إدخال، تم تخطي 1
2026-02-06 17:14:36,713 - INFO - تم ربط 3 إدخال، تم تخطي 1
2026-02-06 17:14:36,714 - INFO - تم ربط 0 إدخال، تم تخطي 2
2026-02-06 17:14:36,716 - INFO - تم ربط 0 إدخال، تم تخطي 0
2026-02-06 17:14:36,717 - INFO - تم ربط 0 إدخال، تم تخطي 4
2026-02-06 17:14:36,732 - INFO - تم تحليل 2 إدخال من /tmp/pytest-of-amer11974/pytest-8/test_parse_valid_csv0/data/test_readings.csv
2026-02-06 17:14:36,735 - WARNING - تنسيق غير معروف في /tmp/pytest-of-amer11974/pytest-8/test_parse_invalid_file0/empty.csv
2026-02-06 17:14:36,735 - INFO - تم تحليل 0 إدخال من /tmp/pytest-of-amer11974/pytest-8/test_parse_invalid_file0/empty.csv
2026-02-06 17:14:36,832 - WARNING - تخطي صف 0 في /tmp/pytest-of-amer11974/pytest-8/test_parse_malformed_rows0/data_malformed/bad_readings.csv: could not convert string to float: 'invalid_temp'
2026-02-06 17:14:36,833 - INFO - تم تحليل 1 إدخال من /tmp/pytest-of-amer11974/pytest-8/test_parse_malformed_rows0/data_malformed/bad_readings.csv
2026-02-06 17:14:36,848 - INFO - 📄 إنشاء تقرير PDF احترافي
2026-02-06 17:14:36,848 - INFO - ==================================================
2026-02-06 17:14:36,848 - ERROR - ❌ ملف التقرير غير موجود: data/output/centers_report.tsv
2026-02-06 17:14:36,848 - INFO - ⚠️  قم بتشغيل النظام أولاً:
2026-02-06 17:14:36,849 - INFO -    python -m scripts.run_ft2_pipeline --legacy
2026-02-06 17:14:36,861 - INFO - 📄 إنشاء تقرير PDF احترافي
2026-02-06 17:14:36,861 - INFO - ==================================================
2026-02-06 17:14:36,861 - INFO - 📊 قراءة البيانات من: data/output/centers_report.tsv
2026-02-06 17:14:36,862 - INFO - 🔄 جاري إنشاء التقرير...
2026-02-06 17:14:36,862 - INFO - 
✅ تم إنشاء التقرير بنجاح!
2026-02-06 17:14:36,862 - INFO - 📍 الموقع: /fake/report.pdf
2026-02-06 17:14:36,902 - INFO - 📂 تم فتح التقرير تلقائياً
2026-02-06 17:14:36,927 - INFO - | Test Scenario             | 5.0°C(1.0h) + 15.0°C(24.0h)                   | 1.0    days | NONE  | NO_DATA                        |
2026-02-06 17:14:36,941 - INFO - Mock data created at: data/output/visual_tests/mock_visual_data.tsv
2026-02-06 17:14:36,941 - INFO - ⚠️ رسالة مفقودة: VISUAL_REPORT_OFFICIAL
2026-02-06 17:14:36,941 - INFO - Done: /tmp/pytest-of-amer11974/pytest-8/test_verify_visual_reports_run0/data/output/visual_tests/visual_test_official.pdf
2026-02-06 17:14:36,942 - INFO - ⚠️ رسالة مفقودة: VISUAL_REPORT_TECHNICAL
2026-02-06 17:14:36,942 - INFO - Done: /tmp/pytest-of-amer11974/pytest-8/test_verify_visual_reports_run0/data/output/visual_tests/visual_test_official.pdf
2026-02-06 17:14:36,942 - INFO - ⚠️ رسالة مفقودة: VISUAL_REPORT_ARABIC
2026-02-06 17:14:36,942 - INFO - Done: /tmp/pytest-of-amer11974/pytest-8/test_verify_visual_reports_run0/data/output/visual_tests/visual_test_official.pdf
2026-02-06 18:05:10,235 - INFO - ✅ تم إنشاء تقرير المراكز: /tmp/pytest-of-amer11974/pytest-9/test_centers_report_snapshot0/centers_report.tsv
2026-02-06 18:05:10,252 - INFO - 🧹 تنظيف الملفات التالفة في data/input_ft2
2026-02-06 18:05:10,253 - INFO - 🗑️ تم حذف: bad1.txt (فارغ تماماً)
2026-02-06 18:05:10,254 - INFO - ✅ تم تنظيف 1 ملف.
2026-02-06 18:05:10,255 - INFO - فحص الملفات الخام في: data/input_raw
2026-02-06 18:05:10,255 - INFO - 📄 الملف: test_data.csv
2026-02-06 18:05:10,256 - INFO - تم تحليل 6 إدخال من data/input_raw/test_data.csv
2026-02-06 18:05:10,257 - INFO - 📊 عدد الإدخالات: 6
2026-02-06 18:05:10,258 - INFO - 📝 أول 3 عينات:
2026-02-06 18:05:10,258 - INFO -   1: device=130600112764 ts=2024-01-15 08:00:00 temp=5.2
2026-02-06 18:05:10,259 - INFO -   2: device=130600112764 ts=2024-01-15 12:00:00 temp=4.8
2026-02-06 18:05:10,259 - INFO -   3: device=130600112767 ts=2024-01-15 08:00:00 temp=-1.5
2026-02-06 18:05:10,259 - INFO - 📄 الملف: heat_mobile_130600112769.csv
2026-02-06 18:05:10,260 - INFO - تم تحليل 96 إدخال من data/input_raw/heat_mobile_130600112769.csv
2026-02-06 18:05:10,260 - INFO - 📊 عدد الإدخالات: 96
2026-02-06 18:05:10,260 - INFO - 📝 أول 3 عينات:
2026-02-06 18:05:10,261 - INFO -   1: device=130600112769 ts=2026-01-30 12:52:41.975297 temp=11.98
2026-02-06 18:05:10,261 - INFO -   2: device=130600112769 ts=2026-01-30 13:07:41.975297 temp=11.9
2026-02-06 18:05:10,261 - INFO -   3: device=130600112769 ts=2026-01-30 13:22:41.975297 temp=12.72
2026-02-06 18:05:10,262 - INFO - 📄 الملف: freeze_clinic_130600112767.csv
2026-02-06 18:05:10,263 - INFO - تم تحليل 96 إدخال من data/input_raw/freeze_clinic_130600112767.csv
2026-02-06 18:05:10,264 - INFO - 📊 عدد الإدخالات: 96
2026-02-06 18:05:10,264 - INFO - 📝 أول 3 عينات:
2026-02-06 18:05:10,264 - INFO -   1: device=130600112767 ts=2026-01-30 12:52:41.974660 temp=-1.76
2026-02-06 18:05:10,264 - INFO -   2: device=130600112767 ts=2026-01-30 13:07:41.974660 temp=-2.38
2026-02-06 18:05:10,264 - INFO -   3: device=130600112767 ts=2026-01-30 13:22:41.974660 temp=-2.42
2026-02-06 18:05:10,264 - INFO - 📄 الملف: safe_hospital_130600112764.csv
2026-02-06 18:05:10,265 - INFO - تم تحليل 96 إدخال من data/input_raw/safe_hospital_130600112764.csv
2026-02-06 18:05:10,265 - INFO - 📊 عدد الإدخالات: 96
2026-02-06 18:05:10,265 - INFO - 📝 أول 3 عينات:
2026-02-06 18:05:10,265 - INFO -   1: device=130600112764 ts=2026-01-30 12:52:41.973957 temp=4.6
2026-02-06 18:05:10,265 - INFO -   2: device=130600112764 ts=2026-01-30 13:07:41.973957 temp=4.65
2026-02-06 18:05:10,266 - INFO -   3: device=130600112764 ts=2026-01-30 13:22:41.973957 temp=5.29
2026-02-06 18:05:10,267 - INFO - تم ربط 3 إدخال، تم تخطي 1
2026-02-06 18:05:10,268 - INFO - تم ربط 3 إدخال، تم تخطي 1
2026-02-06 18:05:10,269 - INFO - تم ربط 0 إدخال، تم تخطي 2
2026-02-06 18:05:10,270 - INFO - تم ربط 0 إدخال، تم تخطي 0
2026-02-06 18:05:10,271 - INFO - تم ربط 0 إدخال، تم تخطي 4
2026-02-06 18:05:10,275 - INFO - تم تحليل 2 إدخال من /tmp/pytest-of-amer11974/pytest-9/test_parse_valid_csv0/data/test_readings.csv
2026-02-06 18:05:10,278 - WARNING - تنسيق غير معروف في /tmp/pytest-of-amer11974/pytest-9/test_parse_invalid_file0/empty.csv
2026-02-06 18:05:10,278 - INFO - تم تحليل 0 إدخال من /tmp/pytest-of-amer11974/pytest-9/test_parse_invalid_file0/empty.csv
2026-02-06 18:05:10,285 - WARNING - تخطي صف 0 في /tmp/pytest-of-amer11974/pytest-9/test_parse_malformed_rows0/data_malformed/bad_readings.csv: could not convert string to float: 'invalid_temp'
2026-02-06 18:05:10,285 - INFO - تم تحليل 1 إدخال من /tmp/pytest-of-amer11974/pytest-9/test_parse_malformed_rows0/data_malformed/bad_readings.csv
2026-02-06 18:05:10,291 - INFO - 📄 إنشاء تقرير PDF احترافي
2026-02-06 18:05:10,291 - INFO - ==================================================
2026-02-06 18:05:10,291 - ERROR - ❌ ملف التقرير غير موجود: data/output/centers_report.tsv
2026-02-06 18:05:10,292 - INFO - ⚠️  قم بتشغيل النظام أولاً:
2026-02-06 18:05:10,292 - INFO -    python -m scripts.run_ft2_pipeline --legacy
2026-02-06 18:05:10,303 - INFO - 📄 إنشاء تقرير PDF احترافي
2026-02-06 18:05:10,303 - INFO - ==================================================
2026-02-06 18:05:10,303 - INFO - 📊 قراءة البيانات من: data/output/centers_report.tsv
2026-02-06 18:05:10,304 - INFO - 🔄 جاري إنشاء التقرير...
2026-02-06 18:05:10,304 - INFO - 
✅ تم إنشاء التقرير بنجاح!
2026-02-06 18:05:10,304 - INFO - 📍 الموقع: /fake/report.pdf
2026-02-06 18:05:10,344 - INFO - 📂 تم فتح التقرير تلقائياً
2026-02-06 18:05:10,368 - INFO - | Test Scenario             | 5.0°C(1.0h) + 15.0°C(24.0h)                   | 1.0    days | NONE  | NO_DATA                        |
2026-02-06 18:05:10,385 - INFO - Mock data created at: data/output/visual_tests/mock_visual_data.tsv
2026-02-06 18:05:10,386 - INFO - ⚠️ رسالة مفقودة: VISUAL_REPORT_OFFICIAL
2026-02-06 18:05:10,386 - INFO - Done: /tmp/pytest-of-amer11974/pytest-9/test_verify_visual_reports_run0/data/output/visual_tests/visual_test_official.pdf
2026-02-06 18:05:10,386 - INFO - ⚠️ رسالة مفقودة: VISUAL_REPORT_TECHNICAL
2026-02-06 18:05:10,386 - INFO - Done: /tmp/pytest-of-amer11974/pytest-9/test_verify_visual_reports_run0/data/output/visual_tests/visual_test_official.pdf
2026-02-06 18:05:10,386 - INFO - ⚠️ رسالة مفقودة: VISUAL_REPORT_ARABIC
2026-02-06 18:05:10,386 - INFO - Done: /tmp/pytest-of-amer11974/pytest-9/test_verify_visual_reports_run0/data/output/visual_tests/visual_test_official.pdf
2026-02-06 20:22:33,632 - ERROR - خطأ في تحليل data/input_ft2: [Errno 21] Is a directory: 'data/input_ft2'
2026-02-06 20:22:33,640 - INFO - تم تحليل 0 إدخال من data/input_ft2
2026-02-06 20:43:34,663 - ERROR - خطأ في تحليل data/input_ft2: [Errno 21] Is a directory: 'data/input_ft2'
2026-02-06 20:43:34,668 - INFO - تم تحليل 0 إدخال من data/input_ft2
2026-02-07 12:40:32,898 - INFO - ✅ تم إنشاء تقرير المراكز: /tmp/pytest-of-amer11974/pytest-0/test_centers_report_snapshot0/centers_report.tsv
2026-02-07 12:40:32,972 - INFO - 🧹 تنظيف الملفات التالفة في data/input_ft2
2026-02-07 12:40:33,053 - INFO - 🗑️ تم حذف: bad1.txt (فارغ تماماً)
2026-02-07 12:40:33,061 - INFO - ✅ تم تنظيف 1 ملف.
2026-02-07 12:40:33,063 - INFO - فحص الملفات الخام في: data/input_raw
2026-02-07 12:40:33,063 - INFO - 📄 الملف: test_data.csv
2026-02-07 12:40:33,074 - INFO - تم تحليل 6 إدخال من data/input_raw/test_data.csv
2026-02-07 12:40:33,074 - INFO - 📊 عدد الإدخالات: 6
2026-02-07 12:40:33,074 - INFO - 📝 أول 3 عينات:
2026-02-07 12:40:33,074 - INFO -   1: device=130600112764 ts=2024-01-15 08:00:00 temp=5.2
2026-02-07 12:40:33,075 - INFO -   2: device=130600112764 ts=2024-01-15 12:00:00 temp=4.8
2026-02-07 12:40:33,075 - INFO -   3: device=130600112767 ts=2024-01-15 08:00:00 temp=-1.5
2026-02-07 12:40:33,075 - INFO - 📄 الملف: heat_mobile_130600112769.csv
2026-02-07 12:40:33,089 - INFO - تم تحليل 96 إدخال من data/input_raw/heat_mobile_130600112769.csv
2026-02-07 12:40:33,089 - INFO - 📊 عدد الإدخالات: 96
2026-02-07 12:40:33,090 - INFO - 📝 أول 3 عينات:
2026-02-07 12:40:33,090 - INFO -   1: device=130600112769 ts=2026-01-30 12:52:41.975297 temp=11.98
2026-02-07 12:40:33,090 - INFO -   2: device=130600112769 ts=2026-01-30 13:07:41.975297 temp=11.9
2026-02-07 12:40:33,090 - INFO -   3: device=130600112769 ts=2026-01-30 13:22:41.975297 temp=12.72
2026-02-07 12:40:33,090 - INFO - 📄 الملف: freeze_clinic_130600112767.csv
2026-02-07 12:40:33,091 - INFO - تم تحليل 96 إدخال من data/input_raw/freeze_clinic_130600112767.csv
2026-02-07 12:40:33,092 - INFO - 📊 عدد الإدخالات: 96
2026-02-07 12:40:33,092 - INFO - 📝 أول 3 عينات:
2026-02-07 12:40:33,092 - INFO -   1: device=130600112767 ts=2026-01-30 12:52:41.974660 temp=-1.76
2026-02-07 12:40:33,092 - INFO -   2: device=130600112767 ts=2026-01-30 13:07:41.974660 temp=-2.38
2026-02-07 12:40:33,092 - INFO -   3: device=130600112767 ts=2026-01-30 13:22:41.974660 temp=-2.42
2026-02-07 12:40:33,093 - INFO - 📄 الملف: safe_hospital_130600112764.csv
2026-02-07 12:40:33,314 - INFO - تم تحليل 96 إدخال من data/input_raw/safe_hospital_130600112764.csv
2026-02-07 12:40:33,315 - INFO - 📊 عدد الإدخالات: 96
2026-02-07 12:40:33,315 - INFO - 📝 أول 3 عينات:
2026-02-07 12:40:33,319 - INFO -   1: device=130600112764 ts=2026-01-30 12:52:41.973957 temp=4.6
2026-02-07 12:40:33,320 - INFO -   2: device=130600112764 ts=2026-01-30 13:07:41.973957 temp=4.65
2026-02-07 12:40:33,320 - INFO -   3: device=130600112764 ts=2026-01-30 13:22:41.973957 temp=5.29
2026-02-07 12:40:33,330 - INFO - تم ربط 3 إدخال، تم تخطي 1
2026-02-07 12:40:33,332 - INFO - تم ربط 3 إدخال، تم تخطي 1
2026-02-07 12:40:33,334 - INFO - تم ربط 0 إدخال، تم تخطي 2
2026-02-07 12:40:33,336 - INFO - تم ربط 0 إدخال، تم تخطي 0
2026-02-07 12:40:33,338 - INFO - تم ربط 0 إدخال، تم تخطي 4
2026-02-07 12:40:33,346 - INFO - تم تحليل 2 إدخال من /tmp/pytest-of-amer11974/pytest-0/test_parse_valid_csv0/data/test_readings.csv
2026-02-07 12:40:33,349 - WARNING - تنسيق غير معروف في /tmp/pytest-of-amer11974/pytest-0/test_parse_invalid_file0/empty.csv
2026-02-07 12:40:33,350 - INFO - تم تحليل 0 إدخال من /tmp/pytest-of-amer11974/pytest-0/test_parse_invalid_file0/empty.csv
2026-02-07 12:40:33,353 - WARNING - تخطي صف 0 في /tmp/pytest-of-amer11974/pytest-0/test_parse_malformed_rows0/data_malformed/bad_readings.csv: could not convert string to float: 'invalid_temp'
2026-02-07 12:40:33,353 - INFO - تم تحليل 1 إدخال من /tmp/pytest-of-amer11974/pytest-0/test_parse_malformed_rows0/data_malformed/bad_readings.csv
2026-02-07 12:40:33,363 - INFO - 📄 إنشاء تقرير PDF احترافي
2026-02-07 12:40:33,364 - INFO - ==================================================
2026-02-07 12:40:33,364 - ERROR - ❌ ملف التقرير غير موجود: data/output/centers_report.tsv
2026-02-07 12:40:33,364 - INFO - ⚠️  قم بتشغيل النظام أولاً:
2026-02-07 12:40:33,364 - INFO -    python -m scripts.run_ft2_pipeline --legacy
2026-02-07 12:40:33,369 - INFO - 📄 إنشاء تقرير PDF احترافي
2026-02-07 12:40:33,369 - INFO - ==================================================
2026-02-07 12:40:33,369 - INFO - 📊 قراءة البيانات من: data/output/centers_report.tsv
2026-02-07 12:40:33,370 - INFO - 🔄 جاري إنشاء التقرير...
2026-02-07 12:40:33,370 - INFO - 
✅ تم إنشاء التقرير بنجاح!
2026-02-07 12:40:33,370 - INFO - 📍 الموقع: /fake/report.pdf
2026-02-07 12:40:36,362 - INFO - 📂 تم فتح التقرير تلقائياً
2026-02-07 12:40:36,681 - INFO - | Test Scenario             | 5.0°C(1.0h) + 15.0°C(24.0h)                   | 1.0    days | NONE  | NO_DATA                        |
2026-02-07 12:40:36,690 - INFO - Mock data created at: data/output/visual_tests/mock_visual_data.tsv
2026-02-07 12:40:36,690 - INFO - ⚠️ رسالة مفقودة: VISUAL_REPORT_OFFICIAL
2026-02-07 12:40:36,690 - INFO - Done: /tmp/pytest-of-amer11974/pytest-0/test_verify_visual_reports_run0/data/output/visual_tests/visual_test_official.pdf
2026-02-07 12:40:36,690 - INFO - ⚠️ رسالة مفقودة: VISUAL_REPORT_TECHNICAL
2026-02-07 12:40:36,691 - INFO - Done: /tmp/pytest-of-amer11974/pytest-0/test_verify_visual_reports_run0/data/output/visual_tests/visual_test_official.pdf
2026-02-07 12:40:36,691 - INFO - ⚠️ رسالة مفقودة: VISUAL_REPORT_ARABIC
2026-02-07 12:40:36,691 - INFO - Done: /tmp/pytest-of-amer11974/pytest-0/test_verify_visual_reports_run0/data/output/visual_tests/visual_test_official.pdf
2026-02-07 13:08:47,984 - INFO - ✅ تم إنشاء تقرير المراكز: /tmp/pytest-of-amer11974/pytest-1/test_centers_report_snapshot0/centers_report.tsv
2026-02-07 13:08:48,057 - INFO - 🧹 تنظيف الملفات التالفة في data/input_ft2
2026-02-07 13:08:48,086 - INFO - 🗑️ تم حذف: bad1.txt (فارغ تماماً)
2026-02-07 13:08:48,087 - INFO - ✅ تم تنظيف 1 ملف.
2026-02-07 13:08:48,089 - INFO - فحص الملفات الخام في: data/input_raw
2026-02-07 13:08:48,089 - INFO - 📄 الملف: test_data.csv
2026-02-07 13:08:48,128 - INFO - تم تحليل 6 إدخال من data/input_raw/test_data.csv
2026-02-07 13:08:48,129 - INFO - 📊 عدد الإدخالات: 6
2026-02-07 13:08:48,129 - INFO - 📝 أول 3 عينات:
2026-02-07 13:08:48,129 - INFO -   1: device=130600112764 ts=2024-01-15 08:00:00 temp=5.2
2026-02-07 13:08:48,129 - INFO -   2: device=130600112764 ts=2024-01-15 12:00:00 temp=4.8
2026-02-07 13:08:48,129 - INFO -   3: device=130600112767 ts=2024-01-15 08:00:00 temp=-1.5
2026-02-07 13:08:48,129 - INFO - 📄 الملف: heat_mobile_130600112769.csv
2026-02-07 13:08:48,144 - INFO - تم تحليل 96 إدخال من data/input_raw/heat_mobile_130600112769.csv
2026-02-07 13:08:48,144 - INFO - 📊 عدد الإدخالات: 96
2026-02-07 13:08:48,144 - INFO - 📝 أول 3 عينات:
2026-02-07 13:08:48,144 - INFO -   1: device=130600112769 ts=2026-01-30 12:52:41.975297 temp=11.98
2026-02-07 13:08:48,145 - INFO -   2: device=130600112769 ts=2026-01-30 13:07:41.975297 temp=11.9
2026-02-07 13:08:48,145 - INFO -   3: device=130600112769 ts=2026-01-30 13:22:41.975297 temp=12.72
2026-02-07 13:08:48,145 - INFO - 📄 الملف: freeze_clinic_130600112767.csv
2026-02-07 13:08:48,174 - INFO - تم تحليل 96 إدخال من data/input_raw/freeze_clinic_130600112767.csv
2026-02-07 13:08:48,174 - INFO - 📊 عدد الإدخالات: 96
2026-02-07 13:08:48,175 - INFO - 📝 أول 3 عينات:
2026-02-07 13:08:48,175 - INFO -   1: device=130600112767 ts=2026-01-30 12:52:41.974660 temp=-1.76
2026-02-07 13:08:48,175 - INFO -   2: device=130600112767 ts=2026-01-30 13:07:41.974660 temp=-2.38
2026-02-07 13:08:48,175 - INFO -   3: device=130600112767 ts=2026-01-30 13:22:41.974660 temp=-2.42
2026-02-07 13:08:48,175 - INFO - 📄 الملف: safe_hospital_130600112764.csv
2026-02-07 13:08:48,176 - INFO - تم تحليل 96 إدخال من data/input_raw/safe_hospital_130600112764.csv
2026-02-07 13:08:48,177 - INFO - 📊 عدد الإدخالات: 96
2026-02-07 13:08:48,177 - INFO - 📝 أول 3 عينات:
2026-02-07 13:08:48,177 - INFO -   1: device=130600112764 ts=2026-01-30 12:52:41.973957 temp=4.6
2026-02-07 13:08:48,177 - INFO -   2: device=130600112764 ts=2026-01-30 13:07:41.973957 temp=4.65
2026-02-07 13:08:48,177 - INFO -   3: device=130600112764 ts=2026-01-30 13:22:41.973957 temp=5.29
2026-02-07 13:08:48,179 - INFO - تم ربط 3 إدخال، تم تخطي 1
2026-02-07 13:08:48,180 - INFO - تم ربط 3 إدخال، تم تخطي 1
2026-02-07 13:08:48,181 - INFO - تم ربط 0 إدخال، تم تخطي 2
2026-02-07 13:08:48,182 - INFO - تم ربط 0 إدخال، تم تخطي 0
2026-02-07 13:08:48,183 - INFO - تم ربط 0 إدخال، تم تخطي 4
2026-02-07 13:08:48,186 - INFO - تم تحليل 2 إدخال من /tmp/pytest-of-amer11974/pytest-1/test_parse_valid_csv0/data/test_readings.csv
2026-02-07 13:08:48,188 - WARNING - تنسيق غير معروف في /tmp/pytest-of-amer11974/pytest-1/test_parse_invalid_file0/empty.csv
2026-02-07 13:08:48,188 - INFO - تم تحليل 0 إدخال من /tmp/pytest-of-amer11974/pytest-1/test_parse_invalid_file0/empty.csv
2026-02-07 13:08:48,191 - WARNING - تخطي صف 0 في /tmp/pytest-of-amer11974/pytest-1/test_parse_malformed_rows0/data_malformed/bad_readings.csv: could not convert string to float: 'invalid_temp'
2026-02-07 13:08:48,191 - INFO - تم تحليل 1 إدخال من /tmp/pytest-of-amer11974/pytest-1/test_parse_malformed_rows0/data_malformed/bad_readings.csv
2026-02-07 13:08:48,197 - INFO - 📄 إنشاء تقرير PDF احترافي
2026-02-07 13:08:48,197 - INFO - ==================================================
2026-02-07 13:08:48,197 - ERROR - ❌ ملف التقرير غير موجود: data/output/centers_report.tsv
2026-02-07 13:08:48,197 - INFO - ⚠️  قم بتشغيل النظام أولاً:
2026-02-07 13:08:48,197 - INFO -    python -m scripts.run_ft2_pipeline --legacy
2026-02-07 13:08:48,202 - INFO - 📄 إنشاء تقرير PDF احترافي
2026-02-07 13:08:48,202 - INFO - ==================================================
2026-02-07 13:08:48,202 - INFO - 📊 قراءة البيانات من: data/output/centers_report.tsv
2026-02-07 13:08:48,203 - INFO - 🔄 جاري إنشاء التقرير...
2026-02-07 13:08:48,203 - INFO - 
✅ تم إنشاء التقرير بنجاح!
2026-02-07 13:08:48,203 - INFO - 📍 الموقع: /fake/report.pdf
2026-02-07 13:08:48,621 - INFO - 📂 تم فتح التقرير تلقائياً
2026-02-07 13:08:48,688 - INFO - | Test Scenario             | 5.0°C(1.0h) + 15.0°C(24.0h)                   | 1.0    days | NONE  | NO_DATA                        |
2026-02-07 13:08:48,697 - INFO - Mock data created at: data/output/visual_tests/mock_visual_data.tsv
2026-02-07 13:08:48,697 - INFO - ⚠️ رسالة مفقودة: VISUAL_REPORT_OFFICIAL
2026-02-07 13:08:48,698 - INFO - Done: /tmp/pytest-of-amer11974/pytest-1/test_verify_visual_reports_run0/data/output/visual_tests/visual_test_official.pdf
2026-02-07 13:08:48,698 - INFO - ⚠️ رسالة مفقودة: VISUAL_REPORT_TECHNICAL
2026-02-07 13:08:48,698 - INFO - Done: /tmp/pytest-of-amer11974/pytest-1/test_verify_visual_reports_run0/data/output/visual_tests/visual_test_official.pdf
2026-02-07 13:08:48,698 - INFO - ⚠️ رسالة مفقودة: VISUAL_REPORT_ARABIC
2026-02-07 13:08:48,698 - INFO - Done: /tmp/pytest-of-amer11974/pytest-1/test_verify_visual_reports_run0/data/output/visual_tests/visual_test_official.pdf
2026-02-07 15:22:38,407 - INFO - 🧹 تنظيف الملفات التالفة في data/input_ft2
2026-02-07 15:22:38,449 - INFO - 🗑️ تم حذف: bad1.txt (فارغ تماماً)
2026-02-07 15:22:38,458 - INFO - ✅ تم تنظيف 1 ملف.
2026-02-07 15:22:38,460 - INFO - فحص الملفات الخام في: data/input_raw
2026-02-07 15:22:38,461 - INFO - 📄 الملف: test_data.csv
2026-02-07 15:22:38,470 - INFO - تم تحليل 6 إدخال من data/input_raw/test_data.csv
2026-02-07 15:22:38,471 - INFO - 📊 عدد الإدخالات: 6
2026-02-07 15:22:38,471 - INFO - 📝 أول 3 عينات:
2026-02-07 15:22:38,471 - INFO -   1: device=130600112764 ts=2024-01-15 08:00:00 temp=5.2
2026-02-07 15:22:38,472 - INFO -   2: device=130600112764 ts=2024-01-15 12:00:00 temp=4.8
2026-02-07 15:22:38,472 - INFO -   3: device=130600112767 ts=2024-01-15 08:00:00 temp=-1.5
2026-02-07 15:22:38,472 - INFO - 📄 الملف: heat_mobile_130600112769.csv
2026-02-07 15:22:38,486 - INFO - تم تحليل 96 إدخال من data/input_raw/heat_mobile_130600112769.csv
2026-02-07 15:22:38,487 - INFO - 📊 عدد الإدخالات: 96
2026-02-07 15:22:38,487 - INFO - 📝 أول 3 عينات:
2026-02-07 15:22:38,487 - INFO -   1: device=130600112769 ts=2026-01-30 12:52:41.975297 temp=11.98
2026-02-07 15:22:38,487 - INFO -   2: device=130600112769 ts=2026-01-30 13:07:41.975297 temp=11.9
2026-02-07 15:22:38,488 - INFO -   3: device=130600112769 ts=2026-01-30 13:22:41.975297 temp=12.72
2026-02-07 15:22:38,488 - INFO - 📄 الملف: freeze_clinic_130600112767.csv
2026-02-07 15:22:38,490 - INFO - تم تحليل 96 إدخال من data/input_raw/freeze_clinic_130600112767.csv
2026-02-07 15:22:38,491 - INFO - 📊 عدد الإدخالات: 96
2026-02-07 15:22:38,491 - INFO - 📝 أول 3 عينات:
2026-02-07 15:22:38,492 - INFO -   1: device=130600112767 ts=2026-01-30 12:52:41.974660 temp=-1.76
2026-02-07 15:22:38,492 - INFO -   2: device=130600112767 ts=2026-01-30 13:07:41.974660 temp=-2.38
2026-02-07 15:22:38,492 - INFO -   3: device=130600112767 ts=2026-01-30 13:22:41.974660 temp=-2.42
2026-02-07 15:22:38,493 - INFO - 📄 الملف: safe_hospital_130600112764.csv
2026-02-07 15:22:38,495 - INFO - تم تحليل 96 إدخال من data/input_raw/safe_hospital_130600112764.csv
2026-02-07 15:22:38,495 - INFO - 📊 عدد الإدخالات: 96
2026-02-07 15:22:38,495 - INFO - 📝 أول 3 عينات:
2026-02-07 15:22:38,496 - INFO -   1: device=130600112764 ts=2026-01-30 12:52:41.973957 temp=4.6
2026-02-07 15:22:38,496 - INFO -   2: device=130600112764 ts=2026-01-30 13:07:41.973957 temp=4.65
2026-02-07 15:22:38,496 - INFO -   3: device=130600112764 ts=2026-01-30 13:22:41.973957 temp=5.29
2026-02-07 15:22:38,499 - INFO - تم ربط 3 إدخال، تم تخطي 1
2026-02-07 15:22:38,501 - INFO - تم ربط 3 إدخال، تم تخطي 1
2026-02-07 15:22:38,502 - INFO - تم ربط 0 إدخال، تم تخطي 2
2026-02-07 15:22:38,504 - INFO - تم ربط 0 إدخال، تم تخطي 0
2026-02-07 15:22:38,505 - INFO - تم ربط 0 إدخال، تم تخطي 4
2026-02-07 15:22:38,509 - INFO - تم تحليل 2 إدخال من /tmp/pytest-of-amer11974/pytest-2/test_parse_valid_csv0/data/test_readings.csv
2026-02-07 15:22:38,511 - WARNING - تنسيق غير معروف في /tmp/pytest-of-amer11974/pytest-2/test_parse_invalid_file0/empty.csv
2026-02-07 15:22:38,512 - INFO - تم تحليل 0 إدخال من /tmp/pytest-of-amer11974/pytest-2/test_parse_invalid_file0/empty.csv
2026-02-07 15:22:38,527 - WARNING - تخطي صف 0 في /tmp/pytest-of-amer11974/pytest-2/test_parse_malformed_rows0/data_malformed/bad_readings.csv: could not convert string to float: 'invalid_temp'
2026-02-07 15:22:38,527 - INFO - تم تحليل 1 إدخال من /tmp/pytest-of-amer11974/pytest-2/test_parse_malformed_rows0/data_malformed/bad_readings.csv
2026-02-07 15:22:38,616 - INFO - 📄 إنشاء تقرير PDF احترافي
2026-02-07 15:22:38,617 - INFO - ==================================================
2026-02-07 15:22:38,617 - ERROR - ❌ ملف التقرير غير موجود: data/output/centers_report.tsv
2026-02-07 15:22:38,617 - INFO - ⚠️  قم بتشغيل النظام أولاً:
2026-02-07 15:22:38,617 - INFO -    python -m scripts.run_ft2_pipeline --legacy
2026-02-07 15:22:38,690 - INFO - 📄 إنشاء تقرير PDF احترافي
2026-02-07 15:22:38,690 - INFO - ==================================================
2026-02-07 15:22:38,690 - INFO - 📊 قراءة البيانات من: data/output/centers_report.tsv
2026-02-07 15:22:38,690 - INFO - 🔄 جاري إنشاء التقرير...
2026-02-07 15:22:38,690 - INFO - 
✅ تم إنشاء التقرير بنجاح!
2026-02-07 15:22:38,691 - INFO - 📍 الموقع: /fake/report.pdf
2026-02-07 15:22:40,119 - INFO - 📂 تم فتح التقرير تلقائياً
2026-02-07 15:22:40,206 - INFO - | Test Scenario             | 5.0°C(1.0h) + 15.0°C(24.0h)                   | 1.0    days | NONE  | NO_DATA                        |
2026-02-07 15:22:40,237 - INFO - Mock data created at: data/output/visual_tests/mock_visual_data.tsv
2026-02-07 15:22:40,237 - INFO - ⚠️ رسالة مفقودة: VISUAL_REPORT_OFFICIAL
2026-02-07 15:22:40,237 - INFO - Done: /tmp/pytest-of-amer11974/pytest-2/test_verify_visual_reports_run0/data/output/visual_tests/visual_test_official.pdf
2026-02-07 15:22:40,237 - INFO - ⚠️ رسالة مفقودة: VISUAL_REPORT_TECHNICAL
2026-02-07 15:22:40,237 - INFO - Done: /tmp/pytest-of-amer11974/pytest-2/test_verify_visual_reports_run0/data/output/visual_tests/visual_test_official.pdf
2026-02-07 15:22:40,238 - INFO - ⚠️ رسالة مفقودة: VISUAL_REPORT_ARABIC
2026-02-07 15:22:40,238 - INFO - Done: /tmp/pytest-of-amer11974/pytest-2/test_verify_visual_reports_run0/data/output/visual_tests/visual_test_official.pdf
2026-02-07 16:37:58,410 - INFO - ✅ تم إنشاء تقرير المراكز: /tmp/pytest-of-amer11974/pytest-7/test_centers_report_snapshot0/centers_report.tsv
2026-02-07 16:37:58,445 - INFO - 🧹 تنظيف الملفات التالفة في data/input_ft2
2026-02-07 16:37:58,508 - INFO - 🗑️ تم حذف: bad1.txt (فارغ تماماً)
2026-02-07 16:37:58,561 - INFO - ✅ تم تنظيف 1 ملف.
2026-02-07 16:37:58,563 - INFO - فحص الملفات الخام في: data/input_raw
2026-02-07 16:37:58,563 - INFO - 📄 الملف: test_data.csv
2026-02-07 16:37:58,610 - INFO - تم تحليل 6 إدخال من data/input_raw/test_data.csv
2026-02-07 16:37:58,610 - INFO - 📊 عدد الإدخالات: 6
2026-02-07 16:37:58,610 - INFO - 📝 أول 3 عينات:
2026-02-07 16:37:58,610 - INFO -   1: device=130600112764 ts=2024-01-15 08:00:00 temp=5.2
2026-02-07 16:37:58,610 - INFO -   2: device=130600112764 ts=2024-01-15 12:00:00 temp=4.8
2026-02-07 16:37:58,610 - INFO -   3: device=130600112767 ts=2024-01-15 08:00:00 temp=-1.5
2026-02-07 16:37:58,611 - INFO - 📄 الملف: heat_mobile_130600112769.csv
2026-02-07 16:37:58,644 - INFO - تم تحليل 96 إدخال من data/input_raw/heat_mobile_130600112769.csv
2026-02-07 16:37:58,644 - INFO - 📊 عدد الإدخالات: 96
2026-02-07 16:37:58,644 - INFO - 📝 أول 3 عينات:
2026-02-07 16:37:58,645 - INFO -   1: device=130600112769 ts=2026-01-30 12:52:41.975297 temp=11.98
2026-02-07 16:37:58,645 - INFO -   2: device=130600112769 ts=2026-01-30 13:07:41.975297 temp=11.9
2026-02-07 16:37:58,645 - INFO -   3: device=130600112769 ts=2026-01-30 13:22:41.975297 temp=12.72
2026-02-07 16:37:58,645 - INFO - 📄 الملف: freeze_clinic_130600112767.csv
2026-02-07 16:37:58,652 - INFO - تم تحليل 96 إدخال من data/input_raw/freeze_clinic_130600112767.csv
2026-02-07 16:37:58,653 - INFO - 📊 عدد الإدخالات: 96
2026-02-07 16:37:58,653 - INFO - 📝 أول 3 عينات:
2026-02-07 16:37:58,653 - INFO -   1: device=130600112767 ts=2026-01-30 12:52:41.974660 temp=-1.76
2026-02-07 16:37:58,653 - INFO -   2: device=130600112767 ts=2026-01-30 13:07:41.974660 temp=-2.38
2026-02-07 16:37:58,653 - INFO -   3: device=130600112767 ts=2026-01-30 13:22:41.974660 temp=-2.42
2026-02-07 16:37:58,653 - INFO - 📄 الملف: safe_hospital_130600112764.csv
2026-02-07 16:37:58,654 - INFO - تم تحليل 96 إدخال من data/input_raw/safe_hospital_130600112764.csv
2026-02-07 16:37:58,654 - INFO - 📊 عدد الإدخالات: 96
2026-02-07 16:37:58,655 - INFO - 📝 أول 3 عينات:
2026-02-07 16:37:58,655 - INFO -   1: device=130600112764 ts=2026-01-30 12:52:41.973957 temp=4.6
2026-02-07 16:37:58,655 - INFO -   2: device=130600112764 ts=2026-01-30 13:07:41.973957 temp=4.65
2026-02-07 16:37:58,655 - INFO -   3: device=130600112764 ts=2026-01-30 13:22:41.973957 temp=5.29
2026-02-07 16:37:58,657 - INFO - تم ربط 3 إدخال، تم تخطي 1
2026-02-07 16:37:58,658 - INFO - تم ربط 3 إدخال، تم تخطي 1
2026-02-07 16:37:58,660 - INFO - تم ربط 0 إدخال، تم تخطي 2
2026-02-07 16:37:58,661 - INFO - تم ربط 0 إدخال، تم تخطي 0
2026-02-07 16:37:58,662 - INFO - تم ربط 0 إدخال، تم تخطي 4
2026-02-07 16:37:58,665 - INFO - تم تحليل 2 إدخال من /tmp/pytest-of-amer11974/pytest-7/test_parse_valid_csv0/data/test_readings.csv
2026-02-07 16:37:58,668 - WARNING - تنسيق غير معروف في /tmp/pytest-of-amer11974/pytest-7/test_parse_invalid_file0/empty.csv
2026-02-07 16:37:58,669 - INFO - تم تحليل 0 إدخال من /tmp/pytest-of-amer11974/pytest-7/test_parse_invalid_file0/empty.csv
2026-02-07 16:37:58,675 - WARNING - تخطي صف 0 في /tmp/pytest-of-amer11974/pytest-7/test_parse_malformed_rows0/data_malformed/bad_readings.csv: could not convert string to float: 'invalid_temp'
2026-02-07 16:37:58,676 - INFO - تم تحليل 1 إدخال من /tmp/pytest-of-amer11974/pytest-7/test_parse_malformed_rows0/data_malformed/bad_readings.csv
2026-02-07 16:37:58,697 - INFO - 📄 إنشاء تقرير PDF احترافي
2026-02-07 16:37:58,697 - INFO - ==================================================
2026-02-07 16:37:58,698 - ERROR - ❌ ملف التقرير غير موجود: data/output/centers_report.tsv
2026-02-07 16:37:58,698 - INFO - ⚠️  قم بتشغيل النظام أولاً:
2026-02-07 16:37:58,698 - INFO -    python -m scripts.run_ft2_pipeline --legacy
2026-02-07 16:37:58,703 - INFO - 📄 إنشاء تقرير PDF احترافي
2026-02-07 16:37:58,703 - INFO - ==================================================
2026-02-07 16:37:58,703 - INFO - 📊 قراءة البيانات من: data/output/centers_report.tsv
2026-02-07 16:37:58,704 - INFO - 🔄 جاري إنشاء التقرير...
2026-02-07 16:37:58,704 - INFO - 
✅ تم إنشاء التقرير بنجاح!
2026-02-07 16:37:58,704 - INFO - 📍 الموقع: /fake/report.pdf
2026-02-07 16:37:59,076 - INFO - 📂 تم فتح التقرير تلقائياً
2026-02-07 16:37:59,101 - INFO - | Test Scenario             | 5.0°C(1.0h) + 15.0°C(24.0h)                   | 1.0    days | NONE  | NO_DATA                        |
2026-02-07 16:37:59,113 - INFO - Mock data created at: data/output/visual_tests/mock_visual_data.tsv
2026-02-07 16:37:59,114 - INFO - ⚠️ رسالة مفقودة: VISUAL_REPORT_OFFICIAL
2026-02-07 16:37:59,115 - INFO - Done: /tmp/pytest-of-amer11974/pytest-7/test_verify_visual_reports_run0/data/output/visual_tests/visual_test_official.pdf
2026-02-07 16:37:59,116 - INFO - ⚠️ رسالة مفقودة: VISUAL_REPORT_TECHNICAL
2026-02-07 16:37:59,116 - INFO - Done: /tmp/pytest-of-amer11974/pytest-7/test_verify_visual_reports_run0/data/output/visual_tests/visual_test_official.pdf
2026-02-07 16:37:59,116 - INFO - ⚠️ رسالة مفقودة: VISUAL_REPORT_ARABIC
2026-02-07 16:37:59,116 - INFO - Done: /tmp/pytest-of-amer11974/pytest-7/test_verify_visual_reports_run0/data/output/visual_tests/visual_test_official.pdf
2026-02-07 16:46:00,075 - INFO - ✅ تم إنشاء تقرير المراكز: /tmp/pytest-of-amer11974/pytest-8/test_centers_report_snapshot0/centers_report.tsv
2026-02-07 16:46:00,104 - INFO - 🧹 تنظيف الملفات التالفة في data/input_ft2
2026-02-07 16:46:00,105 - INFO - 🗑️ تم حذف: bad1.txt (فارغ تماماً)
2026-02-07 16:46:00,106 - INFO - ✅ تم تنظيف 1 ملف.
2026-02-07 16:46:00,107 - INFO - فحص الملفات الخام في: data/input_raw
2026-02-07 16:46:00,107 - INFO - 📄 الملف: test_data.csv
2026-02-07 16:46:00,108 - INFO - تم تحليل 6 إدخال من data/input_raw/test_data.csv
2026-02-07 16:46:00,108 - INFO - 📊 عدد الإدخالات: 6
2026-02-07 16:46:00,108 - INFO - 📝 أول 3 عينات:
2026-02-07 16:46:00,108 - INFO -   1: device=130600112764 ts=2024-01-15 08:00:00 temp=5.2
2026-02-07 16:46:00,108 - INFO -   2: device=130600112764 ts=2024-01-15 12:00:00 temp=4.8
2026-02-07 16:46:00,109 - INFO -   3: device=130600112767 ts=2024-01-15 08:00:00 temp=-1.5
2026-02-07 16:46:00,109 - INFO - 📄 الملف: heat_mobile_130600112769.csv
2026-02-07 16:46:00,109 - INFO - تم تحليل 96 إدخال من data/input_raw/heat_mobile_130600112769.csv
2026-02-07 16:46:00,109 - INFO - 📊 عدد الإدخالات: 96
2026-02-07 16:46:00,110 - INFO - 📝 أول 3 عينات:
2026-02-07 16:46:00,110 - INFO -   1: device=130600112769 ts=2026-01-30 12:52:41.975297 temp=11.98
2026-02-07 16:46:00,110 - INFO -   2: device=130600112769 ts=2026-01-30 13:07:41.975297 temp=11.9
2026-02-07 16:46:00,110 - INFO -   3: device=130600112769 ts=2026-01-30 13:22:41.975297 temp=12.72
2026-02-07 16:46:00,110 - INFO - 📄 الملف: freeze_clinic_130600112767.csv
2026-02-07 16:46:00,111 - INFO - تم تحليل 96 إدخال من data/input_raw/freeze_clinic_130600112767.csv
2026-02-07 16:46:00,111 - INFO - 📊 عدد الإدخالات: 96
2026-02-07 16:46:00,111 - INFO - 📝 أول 3 عينات:
2026-02-07 16:46:00,111 - INFO -   1: device=130600112767 ts=2026-01-30 12:52:41.974660 temp=-1.76
2026-02-07 16:46:00,111 - INFO -   2: device=130600112767 ts=2026-01-30 13:07:41.974660 temp=-2.38
2026-02-07 16:46:00,111 - INFO -   3: device=130600112767 ts=2026-01-30 13:22:41.974660 temp=-2.42
2026-02-07 16:46:00,112 - INFO - 📄 الملف: safe_hospital_130600112764.csv
2026-02-07 16:46:00,112 - INFO - تم تحليل 96 إدخال من data/input_raw/safe_hospital_130600112764.csv
2026-02-07 16:46:00,112 - INFO - 📊 عدد الإدخالات: 96
2026-02-07 16:46:00,112 - INFO - 📝 أول 3 عينات:
2026-02-07 16:46:00,112 - INFO -   1: device=130600112764 ts=2026-01-30 12:52:41.973957 temp=4.6
2026-02-07 16:46:00,113 - INFO -   2: device=130600112764 ts=2026-01-30 13:07:41.973957 temp=4.65
2026-02-07 16:46:00,113 - INFO -   3: device=130600112764 ts=2026-01-30 13:22:41.973957 temp=5.29
2026-02-07 16:46:00,115 - INFO - تم ربط 3 إدخال، تم تخطي 1
2026-02-07 16:46:00,116 - INFO - تم ربط 3 إدخال، تم تخطي 1
2026-02-07 16:46:00,118 - INFO - تم ربط 0 إدخال، تم تخطي 2
2026-02-07 16:46:00,120 - INFO - تم ربط 0 إدخال، تم تخطي 0
2026-02-07 16:46:00,122 - INFO - تم ربط 0 إدخال، تم تخطي 4
2026-02-07 16:46:00,128 - INFO - تم تحليل 2 إدخال من /tmp/pytest-of-amer11974/pytest-8/test_parse_valid_csv0/data/test_readings.csv
2026-02-07 16:46:00,131 - WARNING - تنسيق غير معروف في /tmp/pytest-of-amer11974/pytest-8/test_parse_invalid_file0/empty.csv
2026-02-07 16:46:00,131 - INFO - تم تحليل 0 إدخال من /tmp/pytest-of-amer11974/pytest-8/test_parse_invalid_file0/empty.csv
2026-02-07 16:46:00,134 - WARNING - تخطي صف 0 في /tmp/pytest-of-amer11974/pytest-8/test_parse_malformed_rows0/data_malformed/bad_readings.csv: could not convert string to float: 'invalid_temp'
2026-02-07 16:46:00,135 - INFO - تم تحليل 1 إدخال من /tmp/pytest-of-amer11974/pytest-8/test_parse_malformed_rows0/data_malformed/bad_readings.csv
2026-02-07 16:46:00,156 - INFO - 📄 إنشاء تقرير PDF احترافي
2026-02-07 16:46:00,156 - INFO - ==================================================
2026-02-07 16:46:00,156 - ERROR - ❌ ملف التقرير غير موجود: data/output/centers_report.tsv
2026-02-07 16:46:00,156 - INFO - ⚠️  قم بتشغيل النظام أولاً:
2026-02-07 16:46:00,157 - INFO -    python -m scripts.run_ft2_pipeline --legacy
2026-02-07 16:46:00,162 - INFO - 📄 إنشاء تقرير PDF احترافي
2026-02-07 16:46:00,162 - INFO - ==================================================
2026-02-07 16:46:00,163 - INFO - 📊 قراءة البيانات من: data/output/centers_report.tsv
2026-02-07 16:46:00,163 - INFO - 🔄 جاري إنشاء التقرير...
2026-02-07 16:46:00,163 - INFO - 
✅ تم إنشاء التقرير بنجاح!
2026-02-07 16:46:00,163 - INFO - 📍 الموقع: /fake/report.pdf
2026-02-07 16:46:00,190 - INFO - 📂 تم فتح التقرير تلقائياً
2026-02-07 16:46:00,215 - INFO - | Test Scenario             | 5.0°C(1.0h) + 15.0°C(24.0h)                   | 1.0    days | NONE  | NO_DATA                        |
2026-02-07 16:45:57,755 - INFO - Mock data created at: data/output/visual_tests/mock_visual_data.tsv
2026-02-07 16:45:57,755 - INFO - ⚠️ رسالة مفقودة: VISUAL_REPORT_OFFICIAL
2026-02-07 16:45:57,755 - INFO - Done: /tmp/pytest-of-amer11974/pytest-8/test_verify_visual_reports_run0/data/output/visual_tests/visual_test_official.pdf
2026-02-07 16:45:57,755 - INFO - ⚠️ رسالة مفقودة: VISUAL_REPORT_TECHNICAL
2026-02-07 16:45:57,755 - INFO - Done: /tmp/pytest-of-amer11974/pytest-8/test_verify_visual_reports_run0/data/output/visual_tests/visual_test_official.pdf
2026-02-07 16:45:57,755 - INFO - ⚠️ رسالة مفقودة: VISUAL_REPORT_ARABIC
2026-02-07 16:45:57,756 - INFO - Done: /tmp/pytest-of-amer11974/pytest-8/test_verify_visual_reports_run0/data/output/visual_tests/visual_test_official.pdf
2026-02-07 16:58:13,732 - INFO - ✅ تم إنشاء تقرير المراكز: /tmp/pytest-of-amer11974/pytest-9/test_centers_report_snapshot0/centers_report.tsv
2026-02-07 16:58:13,753 - INFO - 🧹 تنظيف الملفات التالفة في data/input_ft2
2026-02-07 16:58:13,754 - INFO - 🗑️ تم حذف: bad1.txt (فارغ تماماً)
2026-02-07 16:58:13,754 - INFO - ✅ تم تنظيف 1 ملف.
2026-02-07 16:58:13,756 - INFO - فحص الملفات الخام في: data/input_raw
2026-02-07 16:58:13,756 - INFO - 📄 الملف: test_data.csv
2026-02-07 16:58:13,757 - INFO - تم تحليل 6 إدخال من data/input_raw/test_data.csv
2026-02-07 16:58:13,757 - INFO - 📊 عدد الإدخالات: 6
2026-02-07 16:58:13,757 - INFO - 📝 أول 3 عينات:
2026-02-07 16:58:13,757 - INFO -   1: device=130600112764 ts=2024-01-15 08:00:00 temp=5.2
2026-02-07 16:58:13,757 - INFO -   2: device=130600112764 ts=2024-01-15 12:00:00 temp=4.8
2026-02-07 16:58:13,757 - INFO -   3: device=130600112767 ts=2024-01-15 08:00:00 temp=-1.5
2026-02-07 16:58:13,758 - INFO - 📄 الملف: heat_mobile_130600112769.csv
2026-02-07 16:58:13,759 - INFO - تم تحليل 96 إدخال من data/input_raw/heat_mobile_130600112769.csv
2026-02-07 16:58:13,759 - INFO - 📊 عدد الإدخالات: 96
2026-02-07 16:58:13,759 - INFO - 📝 أول 3 عينات:
2026-02-07 16:58:13,759 - INFO -   1: device=130600112769 ts=2026-01-30 12:52:41.975297 temp=11.98
2026-02-07 16:58:13,759 - INFO -   2: device=130600112769 ts=2026-01-30 13:07:41.975297 temp=11.9
2026-02-07 16:58:13,760 - INFO -   3: device=130600112769 ts=2026-01-30 13:22:41.975297 temp=12.72
2026-02-07 16:58:13,760 - INFO - 📄 الملف: freeze_clinic_130600112767.csv
2026-02-07 16:58:13,760 - INFO - تم تحليل 96 إدخال من data/input_raw/freeze_clinic_130600112767.csv
2026-02-07 16:58:13,761 - INFO - 📊 عدد الإدخالات: 96
2026-02-07 16:58:13,761 - INFO - 📝 أول 3 عينات:
2026-02-07 16:58:13,761 - INFO -   1: device=130600112767 ts=2026-01-30 12:52:41.974660 temp=-1.76
2026-02-07 16:58:13,761 - INFO -   2: device=130600112767 ts=2026-01-30 13:07:41.974660 temp=-2.38
2026-02-07 16:58:13,761 - INFO -   3: device=130600112767 ts=2026-01-30 13:22:41.974660 temp=-2.42
2026-02-07 16:58:13,761 - INFO - 📄 الملف: safe_hospital_130600112764.csv
2026-02-07 16:58:13,762 - INFO - تم تحليل 96 إدخال من data/input_raw/safe_hospital_130600112764.csv
2026-02-07 16:58:13,762 - INFO - 📊 عدد الإدخالات: 96
2026-02-07 16:58:13,763 - INFO - 📝 أول 3 عينات:
2026-02-07 16:58:13,763 - INFO -   1: device=130600112764 ts=2026-01-30 12:52:41.973957 temp=4.6
2026-02-07 16:58:13,763 - INFO -   2: device=130600112764 ts=2026-01-30 13:07:41.973957 temp=4.65
2026-02-07 16:58:13,763 - INFO -   3: device=130600112764 ts=2026-01-30 13:22:41.973957 temp=5.29
2026-02-07 16:58:13,766 - INFO - تم ربط 3 إدخال، تم تخطي 1
2026-02-07 16:58:13,768 - INFO - تم ربط 3 إدخال، تم تخطي 1
2026-02-07 16:58:13,770 - INFO - تم ربط 0 إدخال، تم تخطي 2
2026-02-07 16:58:13,771 - INFO - تم ربط 0 إدخال، تم تخطي 0
2026-02-07 16:58:13,773 - INFO - تم ربط 0 إدخال، تم تخطي 4
2026-02-07 16:58:13,778 - INFO - تم تحليل 2 إدخال من /tmp/pytest-of-amer11974/pytest-9/test_parse_valid_csv0/data/test_readings.csv
2026-02-07 16:58:13,781 - WARNING - تنسيق غير معروف في /tmp/pytest-of-amer11974/pytest-9/test_parse_invalid_file0/empty.csv
2026-02-07 16:58:13,781 - INFO - تم تحليل 0 إدخال من /tmp/pytest-of-amer11974/pytest-9/test_parse_invalid_file0/empty.csv
2026-02-07 16:58:13,785 - WARNING - تخطي صف 0 في /tmp/pytest-of-amer11974/pytest-9/test_parse_malformed_rows0/data_malformed/bad_readings.csv: could not convert string to float: 'invalid_temp'
2026-02-07 16:58:13,785 - INFO - تم تحليل 1 إدخال من /tmp/pytest-of-amer11974/pytest-9/test_parse_malformed_rows0/data_malformed/bad_readings.csv
2026-02-07 16:58:13,993 - INFO - 📄 إنشاء تقرير PDF احترافي
2026-02-07 16:58:14,013 - INFO - ==================================================
2026-02-07 16:58:14,013 - ERROR - ❌ ملف التقرير غير موجود: data/output/centers_report.tsv
2026-02-07 16:58:14,014 - INFO - ⚠️  قم بتشغيل النظام أولاً:
2026-02-07 16:58:14,014 - INFO -    python -m scripts.run_ft2_pipeline --legacy
2026-02-07 16:58:14,019 - INFO - 📄 إنشاء تقرير PDF احترافي
2026-02-07 16:58:14,019 - INFO - ==================================================
2026-02-07 16:58:14,019 - INFO - 📊 قراءة البيانات من: data/output/centers_report.tsv
2026-02-07 16:58:14,020 - INFO - 🔄 جاري إنشاء التقرير...
2026-02-07 16:58:14,020 - INFO - 
✅ تم إنشاء التقرير بنجاح!
2026-02-07 16:58:14,020 - INFO - 📍 الموقع: /fake/report.pdf
2026-02-07 16:58:14,056 - INFO - 📂 تم فتح التقرير تلقائياً
2026-02-07 16:58:14,083 - INFO - | Test Scenario             | 5.0°C(1.0h) + 15.0°C(24.0h)                   | 1.0    days | NONE  | NO_DATA                        |
2026-02-07 16:58:14,094 - INFO - Mock data created at: data/output/visual_tests/mock_visual_data.tsv
2026-02-07 16:58:14,094 - INFO - ⚠️ رسالة مفقودة: VISUAL_REPORT_OFFICIAL
2026-02-07 16:58:14,095 - INFO - Done: /tmp/pytest-of-amer11974/pytest-9/test_verify_visual_reports_run0/data/output/visual_tests/visual_test_official.pdf
2026-02-07 16:58:14,095 - INFO - ⚠️ رسالة مفقودة: VISUAL_REPORT_TECHNICAL
2026-02-07 16:58:14,095 - INFO - Done: /tmp/pytest-of-amer11974/pytest-9/test_verify_visual_reports_run0/data/output/visual_tests/visual_test_official.pdf
2026-02-07 16:58:14,095 - INFO - ⚠️ رسالة مفقودة: VISUAL_REPORT_ARABIC
2026-02-07 16:58:14,095 - INFO - Done: /tmp/pytest-of-amer11974/pytest-9/test_verify_visual_reports_run0/data/output/visual_tests/visual_test_official.pdf
2026-02-07 17:02:53,792 - INFO - ✅ تم إنشاء تقرير المراكز: /tmp/pytest-of-amer11974/pytest-10/test_centers_report_snapshot0/centers_report.tsv
2026-02-07 17:02:53,895 - INFO - 🧹 تنظيف الملفات التالفة في data/input_ft2
2026-02-07 17:02:53,896 - INFO - 🗑️ تم حذف: bad1.txt (فارغ تماماً)
2026-02-07 17:02:53,896 - INFO - ✅ تم تنظيف 1 ملف.
2026-02-07 17:02:53,898 - INFO - فحص الملفات الخام في: data/input_raw
2026-02-07 17:02:53,898 - INFO - 📄 الملف: test_data.csv
2026-02-07 17:02:53,899 - INFO - تم تحليل 6 إدخال من data/input_raw/test_data.csv
2026-02-07 17:02:53,899 - INFO - 📊 عدد الإدخالات: 6
2026-02-07 17:02:53,899 - INFO - 📝 أول 3 عينات:
2026-02-07 17:02:53,899 - INFO -   1: device=130600112764 ts=2024-01-15 08:00:00 temp=5.2
2026-02-07 17:02:53,899 - INFO -   2: device=130600112764 ts=2024-01-15 12:00:00 temp=4.8
2026-02-07 17:02:53,900 - INFO -   3: device=130600112767 ts=2024-01-15 08:00:00 temp=-1.5
2026-02-07 17:02:53,900 - INFO - 📄 الملف: heat_mobile_130600112769.csv
2026-02-07 17:02:53,901 - INFO - تم تحليل 96 إدخال من data/input_raw/heat_mobile_130600112769.csv
2026-02-07 17:02:53,901 - INFO - 📊 عدد الإدخالات: 96
2026-02-07 17:02:53,901 - INFO - 📝 أول 3 عينات:
2026-02-07 17:02:53,901 - INFO -   1: device=130600112769 ts=2026-01-30 12:52:41.975297 temp=11.98
2026-02-07 17:02:53,902 - INFO -   2: device=130600112769 ts=2026-01-30 13:07:41.975297 temp=11.9
2026-02-07 17:02:53,902 - INFO -   3: device=130600112769 ts=2026-01-30 13:22:41.975297 temp=12.72
2026-02-07 17:02:53,902 - INFO - 📄 الملف: freeze_clinic_130600112767.csv
2026-02-07 17:02:53,903 - INFO - تم تحليل 96 إدخال من data/input_raw/freeze_clinic_130600112767.csv
2026-02-07 17:02:53,903 - INFO - 📊 عدد الإدخالات: 96
2026-02-07 17:02:53,903 - INFO - 📝 أول 3 عينات:
2026-02-07 17:02:53,903 - INFO -   1: device=130600112767 ts=2026-01-30 12:52:41.974660 temp=-1.76
2026-02-07 17:02:53,903 - INFO -   2: device=130600112767 ts=2026-01-30 13:07:41.974660 temp=-2.38
2026-02-07 17:02:53,904 - INFO -   3: device=130600112767 ts=2026-01-30 13:22:41.974660 temp=-2.42
2026-02-07 17:02:53,904 - INFO - 📄 الملف: safe_hospital_130600112764.csv
2026-02-07 17:02:53,905 - INFO - تم تحليل 96 إدخال من data/input_raw/safe_hospital_130600112764.csv
2026-02-07 17:02:53,905 - INFO - 📊 عدد الإدخالات: 96
2026-02-07 17:02:53,905 - INFO - 📝 أول 3 عينات:
2026-02-07 17:02:53,905 - INFO -   1: device=130600112764 ts=2026-01-30 12:52:41.973957 temp=4.6
2026-02-07 17:02:53,905 - INFO -   2: device=130600112764 ts=2026-01-30 13:07:41.973957 temp=4.65
2026-02-07 17:02:53,905 - INFO -   3: device=130600112764 ts=2026-01-30 13:22:41.973957 temp=5.29
2026-02-07 17:02:53,907 - INFO - تم ربط 3 إدخال، تم تخطي 1
2026-02-07 17:02:53,909 - INFO - تم ربط 3 إدخال، تم تخطي 1
2026-02-07 17:02:53,910 - INFO - تم ربط 0 إدخال، تم تخطي 2
2026-02-07 17:02:53,912 - INFO - تم ربط 0 إدخال، تم تخطي 0
2026-02-07 17:02:53,913 - INFO - تم ربط 0 إدخال، تم تخطي 4
2026-02-07 17:02:53,944 - INFO - تم تحليل 2 إدخال من /tmp/pytest-of-amer11974/pytest-10/test_parse_valid_csv0/data/test_readings.csv
2026-02-07 17:02:53,994 - WARNING - تنسيق غير معروف في /tmp/pytest-of-amer11974/pytest-10/test_parse_invalid_file0/empty.csv
2026-02-07 17:02:53,995 - INFO - تم تحليل 0 إدخال من /tmp/pytest-of-amer11974/pytest-10/test_parse_invalid_file0/empty.csv
2026-02-07 17:02:54,032 - WARNING - تخطي صف 0 في /tmp/pytest-of-amer11974/pytest-10/test_parse_malformed_rows0/data_malformed/bad_readings.csv: could not convert string to float: 'invalid_temp'
2026-02-07 17:02:54,032 - INFO - تم تحليل 1 إدخال من /tmp/pytest-of-amer11974/pytest-10/test_parse_malformed_rows0/data_malformed/bad_readings.csv
2026-02-07 17:02:54,098 - INFO - 📄 إنشاء تقرير PDF احترافي
2026-02-07 17:02:54,098 - INFO - ==================================================
2026-02-07 17:02:54,098 - ERROR - ❌ ملف التقرير غير موجود: data/output/centers_report.tsv
2026-02-07 17:02:54,098 - INFO - ⚠️  قم بتشغيل النظام أولاً:
2026-02-07 17:02:54,098 - INFO -    python -m scripts.run_ft2_pipeline --legacy
2026-02-07 17:02:54,104 - INFO - 📄 إنشاء تقرير PDF احترافي
2026-02-07 17:02:54,104 - INFO - ==================================================
2026-02-07 17:02:54,104 - INFO - 📊 قراءة البيانات من: data/output/centers_report.tsv
2026-02-07 17:02:54,104 - INFO - 🔄 جاري إنشاء التقرير...
2026-02-07 17:02:54,104 - INFO - 
✅ تم إنشاء التقرير بنجاح!
2026-02-07 17:02:54,105 - INFO - 📍 الموقع: /fake/report.pdf
2026-02-07 17:02:54,187 - INFO - 📂 تم فتح التقرير تلقائياً
2026-02-07 17:02:54,226 - INFO - | Test Scenario             | 5.0°C(1.0h) + 15.0°C(24.0h)                   | 1.0    days | NONE  | NO_DATA                        |
2026-02-07 17:02:54,284 - INFO - Mock data created at: data/output/visual_tests/mock_visual_data.tsv
2026-02-07 17:02:54,284 - INFO - ⚠️ رسالة مفقودة: VISUAL_REPORT_OFFICIAL
2026-02-07 17:02:54,284 - INFO - Done: /tmp/pytest-of-amer11974/pytest-10/test_verify_visual_reports_run0/data/output/visual_tests/visual_test_official.pdf
2026-02-07 17:02:54,284 - INFO - ⚠️ رسالة مفقودة: VISUAL_REPORT_TECHNICAL
2026-02-07 17:02:54,285 - INFO - Done: /tmp/pytest-of-amer11974/pytest-10/test_verify_visual_reports_run0/data/output/visual_tests/visual_test_official.pdf
2026-02-07 17:02:54,285 - INFO - ⚠️ رسالة مفقودة: VISUAL_REPORT_ARABIC
2026-02-07 17:02:54,285 - INFO - Done: /tmp/pytest-of-amer11974/pytest-10/test_verify_visual_reports_run0/data/output/visual_tests/visual_test_official.pdf
2026-02-07 17:04:45,632 - INFO - ✅ تم إنشاء تقرير المراكز: /tmp/pytest-of-amer11974/pytest-11/test_centers_report_snapshot0/centers_report.tsv
2026-02-07 17:04:45,649 - INFO - 🧹 تنظيف الملفات التالفة في data/input_ft2
2026-02-07 17:04:45,650 - INFO - 🗑️ تم حذف: bad1.txt (فارغ تماماً)
2026-02-07 17:04:45,650 - INFO - ✅ تم تنظيف 1 ملف.
2026-02-07 17:04:45,652 - INFO - فحص الملفات الخام في: data/input_raw
2026-02-07 17:04:45,652 - INFO - 📄 الملف: test_data.csv
2026-02-07 17:04:45,653 - INFO - تم تحليل 6 إدخال من data/input_raw/test_data.csv
2026-02-07 17:04:45,653 - INFO - 📊 عدد الإدخالات: 6
2026-02-07 17:04:45,654 - INFO - 📝 أول 3 عينات:
2026-02-07 17:04:45,654 - INFO -   1: device=130600112764 ts=2024-01-15 08:00:00 temp=5.2
2026-02-07 17:04:45,654 - INFO -   2: device=130600112764 ts=2024-01-15 12:00:00 temp=4.8
2026-02-07 17:04:45,654 - INFO -   3: device=130600112767 ts=2024-01-15 08:00:00 temp=-1.5
2026-02-07 17:04:45,654 - INFO - 📄 الملف: heat_mobile_130600112769.csv
2026-02-07 17:04:45,655 - INFO - تم تحليل 96 إدخال من data/input_raw/heat_mobile_130600112769.csv
2026-02-07 17:04:45,655 - INFO - 📊 عدد الإدخالات: 96
2026-02-07 17:04:45,655 - INFO - 📝 أول 3 عينات:
2026-02-07 17:04:45,655 - INFO -   1: device=130600112769 ts=2026-01-30 12:52:41.975297 temp=11.98
2026-02-07 17:04:45,655 - INFO -   2: device=130600112769 ts=2026-01-30 13:07:41.975297 temp=11.9
2026-02-07 17:04:45,656 - INFO -   3: device=130600112769 ts=2026-01-30 13:22:41.975297 temp=12.72
2026-02-07 17:04:45,656 - INFO - 📄 الملف: freeze_clinic_130600112767.csv
2026-02-07 17:04:45,656 - INFO - تم تحليل 96 إدخال من data/input_raw/freeze_clinic_130600112767.csv
2026-02-07 17:04:45,657 - INFO - 📊 عدد الإدخالات: 96
2026-02-07 17:04:45,657 - INFO - 📝 أول 3 عينات:
2026-02-07 17:04:45,657 - INFO -   1: device=130600112767 ts=2026-01-30 12:52:41.974660 temp=-1.76
2026-02-07 17:04:45,657 - INFO -   2: device=130600112767 ts=2026-01-30 13:07:41.974660 temp=-2.38
2026-02-07 17:04:45,657 - INFO -   3: device=130600112767 ts=2026-01-30 13:22:41.974660 temp=-2.42
2026-02-07 17:04:45,657 - INFO - 📄 الملف: safe_hospital_130600112764.csv
2026-02-07 17:04:45,658 - INFO - تم تحليل 96 إدخال من data/input_raw/safe_hospital_130600112764.csv
2026-02-07 17:04:45,658 - INFO - 📊 عدد الإدخالات: 96
2026-02-07 17:04:45,658 - INFO - 📝 أول 3 عينات:
2026-02-07 17:04:45,658 - INFO -   1: device=130600112764 ts=2026-01-30 12:52:41.973957 temp=4.6
2026-02-07 17:04:45,658 - INFO -   2: device=130600112764 ts=2026-01-30 13:07:41.973957 temp=4.65
2026-02-07 17:04:45,659 - INFO -   3: device=130600112764 ts=2026-01-30 13:22:41.973957 temp=5.29
2026-02-07 17:04:45,660 - INFO - تم ربط 3 إدخال، تم تخطي 1
2026-02-07 17:04:45,662 - INFO - تم ربط 3 إدخال، تم تخطي 1
2026-02-07 17:04:45,663 - INFO - تم ربط 0 إدخال، تم تخطي 2
2026-02-07 17:04:45,664 - INFO - تم ربط 0 إدخال، تم تخطي 0
2026-02-07 17:04:45,665 - INFO - تم ربط 0 إدخال، تم تخطي 4
2026-02-07 17:04:45,676 - INFO - تم تحليل 2 إدخال من /tmp/pytest-of-amer11974/pytest-11/test_parse_valid_csv0/data/test_readings.csv
2026-02-07 17:04:45,681 - WARNING - تنسيق غير معروف في /tmp/pytest-of-amer11974/pytest-11/test_parse_invalid_file0/empty.csv
2026-02-07 17:04:45,681 - INFO - تم تحليل 0 إدخال من /tmp/pytest-of-amer11974/pytest-11/test_parse_invalid_file0/empty.csv
2026-02-07 17:04:45,686 - WARNING - تخطي صف 0 في /tmp/pytest-of-amer11974/pytest-11/test_parse_malformed_rows0/data_malformed/bad_readings.csv: could not convert string to float: 'invalid_temp'
2026-02-07 17:04:45,686 - INFO - تم تحليل 1 إدخال من /tmp/pytest-of-amer11974/pytest-11/test_parse_malformed_rows0/data_malformed/bad_readings.csv
2026-02-07 17:04:45,698 - INFO - 📄 إنشاء تقرير PDF احترافي
2026-02-07 17:04:45,698 - INFO - ==================================================
2026-02-07 17:04:45,699 - ERROR - ❌ ملف التقرير غير موجود: data/output/centers_report.tsv
2026-02-07 17:04:45,699 - INFO - ⚠️  قم بتشغيل النظام أولاً:
2026-02-07 17:04:45,699 - INFO -    python -m scripts.run_ft2_pipeline --legacy
2026-02-07 17:04:45,706 - INFO - 📄 إنشاء تقرير PDF احترافي
2026-02-07 17:04:45,706 - INFO - ==================================================
2026-02-07 17:04:45,706 - INFO - 📊 قراءة البيانات من: data/output/centers_report.tsv
2026-02-07 17:04:45,706 - INFO - 🔄 جاري إنشاء التقرير...
2026-02-07 17:04:45,707 - INFO - 
✅ تم إنشاء التقرير بنجاح!
2026-02-07 17:04:45,707 - INFO - 📍 الموقع: /fake/report.pdf
2026-02-07 17:04:45,742 - INFO - 📂 تم فتح التقرير تلقائياً
2026-02-07 17:04:45,767 - INFO - | Test Scenario             | 5.0°C(1.0h) + 15.0°C(24.0h)                   | 1.0    days | NONE  | NO_DATA                        |
2026-02-07 17:04:45,812 - INFO - Mock data created at: data/output/visual_tests/mock_visual_data.tsv
2026-02-07 17:04:45,813 - INFO - ⚠️ رسالة مفقودة: VISUAL_REPORT_OFFICIAL
2026-02-07 17:04:45,813 - INFO - Done: /tmp/pytest-of-amer11974/pytest-11/test_verify_visual_reports_run0/data/output/visual_tests/visual_test_official.pdf
2026-02-07 17:04:45,813 - INFO - ⚠️ رسالة مفقودة: VISUAL_REPORT_TECHNICAL
2026-02-07 17:04:45,813 - INFO - Done: /tmp/pytest-of-amer11974/pytest-11/test_verify_visual_reports_run0/data/output/visual_tests/visual_test_official.pdf
2026-02-07 17:04:45,813 - INFO - ⚠️ رسالة مفقودة: VISUAL_REPORT_ARABIC
2026-02-07 17:04:45,813 - INFO - Done: /tmp/pytest-of-amer11974/pytest-11/test_verify_visual_reports_run0/data/output/visual_tests/visual_test_official.pdf
2026-02-07 17:06:20,038 - INFO - ✅ تم إنشاء تقرير المراكز: /tmp/pytest-of-amer11974/pytest-12/test_centers_report_snapshot0/centers_report.tsv
2026-02-07 17:06:20,055 - INFO - 🧹 تنظيف الملفات التالفة في data/input_ft2
2026-02-07 17:06:20,055 - INFO - 🗑️ تم حذف: bad1.txt (فارغ تماماً)
2026-02-07 17:06:20,055 - INFO - ✅ تم تنظيف 1 ملف.
2026-02-07 17:06:20,057 - INFO - فحص الملفات الخام في: data/input_raw
2026-02-07 17:06:20,057 - INFO - 📄 الملف: test_data.csv
2026-02-07 17:06:20,057 - INFO - تم تحليل 6 إدخال من data/input_raw/test_data.csv
2026-02-07 17:06:20,057 - INFO - 📊 عدد الإدخالات: 6
2026-02-07 17:06:20,058 - INFO - 📝 أول 3 عينات:
2026-02-07 17:06:20,058 - INFO -   1: device=130600112764 ts=2024-01-15 08:00:00 temp=5.2
2026-02-07 17:06:20,058 - INFO -   2: device=130600112764 ts=2024-01-15 12:00:00 temp=4.8
2026-02-07 17:06:20,058 - INFO -   3: device=130600112767 ts=2024-01-15 08:00:00 temp=-1.5
2026-02-07 17:06:20,058 - INFO - 📄 الملف: heat_mobile_130600112769.csv
2026-02-07 17:06:20,059 - INFO - تم تحليل 96 إدخال من data/input_raw/heat_mobile_130600112769.csv
2026-02-07 17:06:20,059 - INFO - 📊 عدد الإدخالات: 96
2026-02-07 17:06:20,059 - INFO - 📝 أول 3 عينات:
2026-02-07 17:06:20,059 - INFO -   1: device=130600112769 ts=2026-01-30 12:52:41.975297 temp=11.98
2026-02-07 17:06:20,059 - INFO -   2: device=130600112769 ts=2026-01-30 13:07:41.975297 temp=11.9
2026-02-07 17:06:20,060 - INFO -   3: device=130600112769 ts=2026-01-30 13:22:41.975297 temp=12.72
2026-02-07 17:06:20,060 - INFO - 📄 الملف: freeze_clinic_130600112767.csv
2026-02-07 17:06:20,060 - INFO - تم تحليل 96 إدخال من data/input_raw/freeze_clinic_130600112767.csv
2026-02-07 17:06:20,061 - INFO - 📊 عدد الإدخالات: 96
2026-02-07 17:06:20,061 - INFO - 📝 أول 3 عينات:
2026-02-07 17:06:20,061 - INFO -   1: device=130600112767 ts=2026-01-30 12:52:41.974660 temp=-1.76
2026-02-07 17:06:20,061 - INFO -   2: device=130600112767 ts=2026-01-30 13:07:41.974660 temp=-2.38
2026-02-07 17:06:20,061 - INFO -   3: device=130600112767 ts=2026-01-30 13:22:41.974660 temp=-2.42
2026-02-07 17:06:20,062 - INFO - 📄 الملف: safe_hospital_130600112764.csv
2026-02-07 17:06:20,062 - INFO - تم تحليل 96 إدخال من data/input_raw/safe_hospital_130600112764.csv
2026-02-07 17:06:20,062 - INFO - 📊 عدد الإدخالات: 96
2026-02-07 17:06:20,062 - INFO - 📝 أول 3 عينات:
2026-02-07 17:06:20,063 - INFO -   1: device=130600112764 ts=2026-01-30 12:52:41.973957 temp=4.6
2026-02-07 17:06:20,063 - INFO -   2: device=130600112764 ts=2026-01-30 13:07:41.973957 temp=4.65
2026-02-07 17:06:20,063 - INFO -   3: device=130600112764 ts=2026-01-30 13:22:41.973957 temp=5.29
2026-02-07 17:06:20,064 - INFO - تم ربط 3 إدخال، تم تخطي 1
2026-02-07 17:06:20,065 - INFO - تم ربط 3 إدخال، تم تخطي 1
2026-02-07 17:06:20,066 - INFO - تم ربط 0 إدخال، تم تخطي 2
2026-02-07 17:06:20,067 - INFO - تم ربط 0 إدخال، تم تخطي 0
2026-02-07 17:06:20,068 - INFO - تم ربط 0 إدخال، تم تخطي 4
2026-02-07 17:06:20,071 - INFO - تم تحليل 2 إدخال من /tmp/pytest-of-amer11974/pytest-12/test_parse_valid_csv0/data/test_readings.csv
2026-02-07 17:06:20,073 - WARNING - تنسيق غير معروف في /tmp/pytest-of-amer11974/pytest-12/test_parse_invalid_file0/empty.csv
2026-02-07 17:06:20,073 - INFO - تم تحليل 0 إدخال من /tmp/pytest-of-amer11974/pytest-12/test_parse_invalid_file0/empty.csv
2026-02-07 17:06:20,090 - WARNING - تخطي صف 0 في /tmp/pytest-of-amer11974/pytest-12/test_parse_malformed_rows0/data_malformed/bad_readings.csv: could not convert string to float: 'invalid_temp'
2026-02-07 17:06:20,090 - INFO - تم تحليل 1 إدخال من /tmp/pytest-of-amer11974/pytest-12/test_parse_malformed_rows0/data_malformed/bad_readings.csv
2026-02-07 17:06:20,113 - INFO - 📄 إنشاء تقرير PDF احترافي
2026-02-07 17:06:20,113 - INFO - ==================================================
2026-02-07 17:06:20,113 - ERROR - ❌ ملف التقرير غير موجود: data/output/centers_report.tsv
2026-02-07 17:06:20,113 - INFO - ⚠️  قم بتشغيل النظام أولاً:
2026-02-07 17:06:20,113 - INFO -    python -m scripts.run_ft2_pipeline --legacy
2026-02-07 17:06:20,119 - INFO - 📄 إنشاء تقرير PDF احترافي
2026-02-07 17:06:20,119 - INFO - ==================================================
2026-02-07 17:06:20,119 - INFO - 📊 قراءة البيانات من: data/output/centers_report.tsv
2026-02-07 17:06:20,119 - INFO - 🔄 جاري إنشاء التقرير...
2026-02-07 17:06:20,119 - INFO - 
✅ تم إنشاء التقرير بنجاح!
2026-02-07 17:06:20,120 - INFO - 📍 الموقع: /fake/report.pdf
2026-02-07 17:06:20,185 - INFO - 📂 تم فتح التقرير تلقائياً
2026-02-07 17:06:20,210 - INFO - | Test Scenario             | 5.0°C(1.0h) + 15.0°C(24.0h)                   | 1.0    days | NONE  | NO_DATA                        |
2026-02-07 17:06:20,237 - INFO - Mock data created at: data/output/visual_tests/mock_visual_data.tsv
2026-02-07 17:06:20,237 - INFO - ⚠️ رسالة مفقودة: VISUAL_REPORT_OFFICIAL
2026-02-07 17:06:20,237 - INFO - Done: /tmp/pytest-of-amer11974/pytest-12/test_verify_visual_reports_run0/data/output/visual_tests/visual_test_official.pdf
2026-02-07 17:06:20,237 - INFO - ⚠️ رسالة مفقودة: VISUAL_REPORT_TECHNICAL
2026-02-07 17:06:20,238 - INFO - Done: /tmp/pytest-of-amer11974/pytest-12/test_verify_visual_reports_run0/data/output/visual_tests/visual_test_official.pdf
2026-02-07 17:06:20,238 - INFO - ⚠️ رسالة مفقودة: VISUAL_REPORT_ARABIC
2026-02-07 17:06:20,238 - INFO - Done: /tmp/pytest-of-amer11974/pytest-12/test_verify_visual_reports_run0/data/output/visual_tests/visual_test_official.pdf
2026-02-07 17:08:03,830 - INFO - ✅ تم إنشاء تقرير المراكز: /tmp/pytest-of-amer11974/pytest-13/test_centers_report_snapshot0/centers_report.tsv
2026-02-07 17:08:03,845 - INFO - 🧹 تنظيف الملفات التالفة في data/input_ft2
2026-02-07 17:08:03,846 - INFO - 🗑️ تم حذف: bad1.txt (فارغ تماماً)
2026-02-07 17:08:03,846 - INFO - ✅ تم تنظيف 1 ملف.
2026-02-07 17:08:03,848 - INFO - فحص الملفات الخام في: data/input_raw
2026-02-07 17:08:03,848 - INFO - 📄 الملف: test_data.csv
2026-02-07 17:08:03,848 - INFO - تم تحليل 6 إدخال من data/input_raw/test_data.csv
2026-02-07 17:08:03,848 - INFO - 📊 عدد الإدخالات: 6
2026-02-07 17:08:03,849 - INFO - 📝 أول 3 عينات:
2026-02-07 17:08:03,849 - INFO -   1: device=130600112764 ts=2024-01-15 08:00:00 temp=5.2
2026-02-07 17:08:03,849 - INFO -   2: device=130600112764 ts=2024-01-15 12:00:00 temp=4.8
2026-02-07 17:08:03,849 - INFO -   3: device=130600112767 ts=2024-01-15 08:00:00 temp=-1.5
2026-02-07 17:08:03,849 - INFO - 📄 الملف: heat_mobile_130600112769.csv
2026-02-07 17:08:03,850 - INFO - تم تحليل 96 إدخال من data/input_raw/heat_mobile_130600112769.csv
2026-02-07 17:08:03,850 - INFO - 📊 عدد الإدخالات: 96
2026-02-07 17:08:03,850 - INFO - 📝 أول 3 عينات:
2026-02-07 17:08:03,850 - INFO -   1: device=130600112769 ts=2026-01-30 12:52:41.975297 temp=11.98
2026-02-07 17:08:03,851 - INFO -   2: device=130600112769 ts=2026-01-30 13:07:41.975297 temp=11.9
2026-02-07 17:08:03,851 - INFO -   3: device=130600112769 ts=2026-01-30 13:22:41.975297 temp=12.72
2026-02-07 17:08:03,851 - INFO - 📄 الملف: freeze_clinic_130600112767.csv
2026-02-07 17:08:03,852 - INFO - تم تحليل 96 إدخال من data/input_raw/freeze_clinic_130600112767.csv
2026-02-07 17:08:03,852 - INFO - 📊 عدد الإدخالات: 96
2026-02-07 17:08:03,852 - INFO - 📝 أول 3 عينات:
2026-02-07 17:08:03,852 - INFO -   1: device=130600112767 ts=2026-01-30 12:52:41.974660 temp=-1.76
2026-02-07 17:08:03,852 - INFO -   2: device=130600112767 ts=2026-01-30 13:07:41.974660 temp=-2.38
2026-02-07 17:08:03,852 - INFO -   3: device=130600112767 ts=2026-01-30 13:22:41.974660 temp=-2.42
2026-02-07 17:08:03,852 - INFO - 📄 الملف: safe_hospital_130600112764.csv
2026-02-07 17:08:03,853 - INFO - تم تحليل 96 إدخال من data/input_raw/safe_hospital_130600112764.csv
2026-02-07 17:08:03,853 - INFO - 📊 عدد الإدخالات: 96
2026-02-07 17:08:03,853 - INFO - 📝 أول 3 عينات:
2026-02-07 17:08:03,853 - INFO -   1: device=130600112764 ts=2026-01-30 12:52:41.973957 temp=4.6
2026-02-07 17:08:03,853 - INFO -   2: device=130600112764 ts=2026-01-30 13:07:41.973957 temp=4.65
2026-02-07 17:08:03,853 - INFO -   3: device=130600112764 ts=2026-01-30 13:22:41.973957 temp=5.29
2026-02-07 17:08:03,855 - INFO - تم ربط 3 إدخال، تم تخطي 1
2026-02-07 17:08:03,856 - INFO - تم ربط 3 إدخال، تم تخطي 1
2026-02-07 17:08:03,857 - INFO - تم ربط 0 إدخال، تم تخطي 2
2026-02-07 17:08:03,858 - INFO - تم ربط 0 إدخال، تم تخطي 0
2026-02-07 17:08:03,859 - INFO - تم ربط 0 إدخال، تم تخطي 4
2026-02-07 17:08:03,876 - INFO - تم تحليل 2 إدخال من /tmp/pytest-of-amer11974/pytest-13/test_parse_valid_csv0/data/test_readings.csv
2026-02-07 17:08:03,883 - WARNING - تنسيق غير معروف في /tmp/pytest-of-amer11974/pytest-13/test_parse_invalid_file0/empty.csv
2026-02-07 17:08:03,883 - INFO - تم تحليل 0 إدخال من /tmp/pytest-of-amer11974/pytest-13/test_parse_invalid_file0/empty.csv
2026-02-07 17:08:03,890 - WARNING - تخطي صف 0 في /tmp/pytest-of-amer11974/pytest-13/test_parse_malformed_rows0/data_malformed/bad_readings.csv: could not convert string to float: 'invalid_temp'
2026-02-07 17:08:03,890 - INFO - تم تحليل 1 إدخال من /tmp/pytest-of-amer11974/pytest-13/test_parse_malformed_rows0/data_malformed/bad_readings.csv
2026-02-07 17:08:03,904 - INFO - 📄 إنشاء تقرير PDF احترافي
2026-02-07 17:08:03,905 - INFO - ==================================================
2026-02-07 17:08:03,905 - ERROR - ❌ ملف التقرير غير موجود: data/output/centers_report.tsv
2026-02-07 17:08:03,905 - INFO - ⚠️  قم بتشغيل النظام أولاً:
2026-02-07 17:08:03,905 - INFO -    python -m scripts.run_ft2_pipeline --legacy
2026-02-07 17:08:03,911 - INFO - 📄 إنشاء تقرير PDF احترافي
2026-02-07 17:08:03,911 - INFO - ==================================================
2026-02-07 17:08:03,911 - INFO - 📊 قراءة البيانات من: data/output/centers_report.tsv
2026-02-07 17:08:03,911 - INFO - 🔄 جاري إنشاء التقرير...
2026-02-07 17:08:03,912 - INFO - 
✅ تم إنشاء التقرير بنجاح!
2026-02-07 17:08:03,912 - INFO - 📍 الموقع: /fake/report.pdf
2026-02-07 17:08:03,937 - INFO - 📂 تم فتح التقرير تلقائياً
2026-02-07 17:08:03,957 - INFO - | Test Scenario             | 5.0°C(1.0h) + 15.0°C(24.0h)                   | 1.0    days | NONE  | NO_DATA                        |
2026-02-07 17:08:03,965 - INFO - Mock data created at: data/output/visual_tests/mock_visual_data.tsv
2026-02-07 17:08:03,966 - INFO - ⚠️ رسالة مفقودة: VISUAL_REPORT_OFFICIAL
2026-02-07 17:08:03,966 - INFO - Done: /tmp/pytest-of-amer11974/pytest-13/test_verify_visual_reports_run0/data/output/visual_tests/visual_test_official.pdf
2026-02-07 17:08:03,966 - INFO - ⚠️ رسالة مفقودة: VISUAL_REPORT_TECHNICAL
2026-02-07 17:08:03,966 - INFO - Done: /tmp/pytest-of-amer11974/pytest-13/test_verify_visual_reports_run0/data/output/visual_tests/visual_test_official.pdf
2026-02-07 17:08:03,966 - INFO - ⚠️ رسالة مفقودة: VISUAL_REPORT_ARABIC
2026-02-07 17:08:03,967 - INFO - Done: /tmp/pytest-of-amer11974/pytest-13/test_verify_visual_reports_run0/data/output/visual_tests/visual_test_official.pdf
2026-02-07 17:08:20,081 - INFO - ✅ تم إنشاء تقرير المراكز: /tmp/pytest-of-amer11974/pytest-14/test_centers_report_snapshot0/centers_report.tsv
2026-02-07 17:08:20,096 - INFO - 🧹 تنظيف الملفات التالفة في data/input_ft2
2026-02-07 17:08:20,096 - INFO - 🗑️ تم حذف: bad1.txt (فارغ تماماً)
2026-02-07 17:08:20,097 - INFO - ✅ تم تنظيف 1 ملف.
2026-02-07 17:08:20,098 - INFO - فحص الملفات الخام في: data/input_raw
2026-02-07 17:08:20,098 - INFO - 📄 الملف: test_data.csv
2026-02-07 17:08:20,099 - INFO - تم تحليل 6 إدخال من data/input_raw/test_data.csv
2026-02-07 17:08:20,099 - INFO - 📊 عدد الإدخالات: 6
2026-02-07 17:08:20,099 - INFO - 📝 أول 3 عينات:
2026-02-07 17:08:20,099 - INFO -   1: device=130600112764 ts=2024-01-15 08:00:00 temp=5.2
2026-02-07 17:08:20,099 - INFO -   2: device=130600112764 ts=2024-01-15 12:00:00 temp=4.8
2026-02-07 17:08:20,099 - INFO -   3: device=130600112767 ts=2024-01-15 08:00:00 temp=-1.5
2026-02-07 17:08:20,100 - INFO - 📄 الملف: heat_mobile_130600112769.csv
2026-02-07 17:08:20,100 - INFO - تم تحليل 96 إدخال من data/input_raw/heat_mobile_130600112769.csv
2026-02-07 17:08:20,100 - INFO - 📊 عدد الإدخالات: 96
2026-02-07 17:08:20,101 - INFO - 📝 أول 3 عينات:
2026-02-07 17:08:20,101 - INFO -   1: device=130600112769 ts=2026-01-30 12:52:41.975297 temp=11.98
2026-02-07 17:08:20,101 - INFO -   2: device=130600112769 ts=2026-01-30 13:07:41.975297 temp=11.9
2026-02-07 17:08:20,101 - INFO -   3: device=130600112769 ts=2026-01-30 13:22:41.975297 temp=12.72
2026-02-07 17:08:20,101 - INFO - 📄 الملف: freeze_clinic_130600112767.csv
2026-02-07 17:08:20,102 - INFO - تم تحليل 96 إدخال من data/input_raw/freeze_clinic_130600112767.csv
2026-02-07 17:08:20,102 - INFO - 📊 عدد الإدخالات: 96
2026-02-07 17:08:20,102 - INFO - 📝 أول 3 عينات:
2026-02-07 17:08:20,102 - INFO -   1: device=130600112767 ts=2026-01-30 12:52:41.974660 temp=-1.76
2026-02-07 17:08:20,102 - INFO -   2: device=130600112767 ts=2026-01-30 13:07:41.974660 temp=-2.38
2026-02-07 17:08:20,102 - INFO -   3: device=130600112767 ts=2026-01-30 13:22:41.974660 temp=-2.42
2026-02-07 17:08:20,103 - INFO - 📄 الملف: safe_hospital_130600112764.csv
2026-02-07 17:08:20,103 - INFO - تم تحليل 96 إدخال من data/input_raw/safe_hospital_130600112764.csv
2026-02-07 17:08:20,103 - INFO - 📊 عدد الإدخالات: 96
2026-02-07 17:08:20,103 - INFO - 📝 أول 3 عينات:
2026-02-07 17:08:20,103 - INFO -   1: device=130600112764 ts=2026-01-30 12:52:41.973957 temp=4.6
2026-02-07 17:08:20,104 - INFO -   2: device=130600112764 ts=2026-01-30 13:07:41.973957 temp=4.65
2026-02-07 17:08:20,104 - INFO -   3: device=130600112764 ts=2026-01-30 13:22:41.973957 temp=5.29
2026-02-07 17:08:20,105 - INFO - تم ربط 3 إدخال، تم تخطي 1
2026-02-07 17:08:20,106 - INFO - تم ربط 3 إدخال، تم تخطي 1
2026-02-07 17:08:20,107 - INFO - تم ربط 0 إدخال، تم تخطي 2
2026-02-07 17:08:20,108 - INFO - تم ربط 0 إدخال، تم تخطي 0
2026-02-07 17:08:20,109 - INFO - تم ربط 0 إدخال، تم تخطي 4
2026-02-07 17:08:20,112 - INFO - تم تحليل 2 إدخال من /tmp/pytest-of-amer11974/pytest-14/test_parse_valid_csv0/data/test_readings.csv
2026-02-07 17:08:20,114 - WARNING - تنسيق غير معروف في /tmp/pytest-of-amer11974/pytest-14/test_parse_invalid_file0/empty.csv
2026-02-07 17:08:20,114 - INFO - تم تحليل 0 إدخال من /tmp/pytest-of-amer11974/pytest-14/test_parse_invalid_file0/empty.csv
2026-02-07 17:08:20,118 - WARNING - تخطي صف 0 في /tmp/pytest-of-amer11974/pytest-14/test_parse_malformed_rows0/data_malformed/bad_readings.csv: could not convert string to float: 'invalid_temp'
2026-02-07 17:08:20,118 - INFO - تم تحليل 1 إدخال من /tmp/pytest-of-amer11974/pytest-14/test_parse_malformed_rows0/data_malformed/bad_readings.csv
2026-02-07 17:08:20,127 - INFO - 📄 إنشاء تقرير PDF احترافي
2026-02-07 17:08:20,127 - INFO - ==================================================
2026-02-07 17:08:20,127 - ERROR - ❌ ملف التقرير غير موجود: data/output/centers_report.tsv
2026-02-07 17:08:20,127 - INFO - ⚠️  قم بتشغيل النظام أولاً:
2026-02-07 17:08:20,127 - INFO -    python -m scripts.run_ft2_pipeline --legacy
2026-02-07 17:08:20,131 - INFO - 📄 إنشاء تقرير PDF احترافي
2026-02-07 17:08:20,131 - INFO - ==================================================
2026-02-07 17:08:20,131 - INFO - 📊 قراءة البيانات من: data/output/centers_report.tsv
2026-02-07 17:08:20,132 - INFO - 🔄 جاري إنشاء التقرير...
2026-02-07 17:08:20,132 - INFO - 
✅ تم إنشاء التقرير بنجاح!
2026-02-07 17:08:20,132 - INFO - 📍 الموقع: /fake/report.pdf
2026-02-07 17:08:20,157 - INFO - 📂 تم فتح التقرير تلقائياً
2026-02-07 17:08:20,249 - INFO - | Test Scenario             | 5.0°C(1.0h) + 15.0°C(24.0h)                   | 1.0    days | NONE  | NO_DATA                        |
2026-02-07 17:08:20,258 - INFO - Mock data created at: data/output/visual_tests/mock_visual_data.tsv
2026-02-07 17:08:20,258 - INFO - ⚠️ رسالة مفقودة: VISUAL_REPORT_OFFICIAL
2026-02-07 17:08:20,258 - INFO - Done: /tmp/pytest-of-amer11974/pytest-14/test_verify_visual_reports_run0/data/output/visual_tests/visual_test_official.pdf
2026-02-07 17:08:20,258 - INFO - ⚠️ رسالة مفقودة: VISUAL_REPORT_TECHNICAL
2026-02-07 17:08:20,259 - INFO - Done: /tmp/pytest-of-amer11974/pytest-14/test_verify_visual_reports_run0/data/output/visual_tests/visual_test_official.pdf
2026-02-07 17:08:20,259 - INFO - ⚠️ رسالة مفقودة: VISUAL_REPORT_ARABIC
2026-02-07 17:08:20,259 - INFO - Done: /tmp/pytest-of-amer11974/pytest-14/test_verify_visual_reports_run0/data/output/visual_tests/visual_test_official.pdf
2026-02-07 23:03:54,489 - INFO - ✅ تم إنشاء تقرير المراكز: /tmp/pytest-of-amer11974/pytest-15/test_centers_report_snapshot0/centers_report.tsv
2026-02-07 23:03:54,582 - INFO - 🧹 تنظيف الملفات التالفة في data/input_ft2
2026-02-07 23:03:54,639 - INFO - 🗑️ تم حذف: bad1.txt (فارغ تماماً)
2026-02-07 23:03:54,669 - INFO - ✅ تم تنظيف 1 ملف.
2026-02-07 23:03:54,674 - INFO - فحص الملفات الخام في: data/input_raw
2026-02-07 23:03:54,689 - INFO - 📄 الملف: test_data.csv
2026-02-07 23:03:54,698 - INFO - تم تحليل 6 إدخال من data/input_raw/test_data.csv
2026-02-07 23:03:54,699 - INFO - 📊 عدد الإدخالات: 6
2026-02-07 23:03:54,700 - INFO - 📝 أول 3 عينات:
2026-02-07 23:03:54,700 - INFO -   1: device=130600112764 ts=2024-01-15 08:00:00 temp=5.2
2026-02-07 23:03:54,701 - INFO -   2: device=130600112764 ts=2024-01-15 12:00:00 temp=4.8
2026-02-07 23:03:54,702 - INFO -   3: device=130600112767 ts=2024-01-15 08:00:00 temp=-1.5
2026-02-07 23:03:54,702 - INFO - 📄 الملف: heat_mobile_130600112769.csv
2026-02-07 23:03:54,714 - INFO - تم تحليل 96 إدخال من data/input_raw/heat_mobile_130600112769.csv
2026-02-07 23:03:54,715 - INFO - 📊 عدد الإدخالات: 96
2026-02-07 23:03:54,716 - INFO - 📝 أول 3 عينات:
2026-02-07 23:03:54,716 - INFO -   1: device=130600112769 ts=2026-01-30 12:52:41.975297 temp=11.98
2026-02-07 23:03:54,717 - INFO -   2: device=130600112769 ts=2026-01-30 13:07:41.975297 temp=11.9
2026-02-07 23:03:54,718 - INFO -   3: device=130600112769 ts=2026-01-30 13:22:41.975297 temp=12.72
2026-02-07 23:03:54,718 - INFO - 📄 الملف: freeze_clinic_130600112767.csv
2026-02-07 23:03:54,723 - INFO - تم تحليل 96 إدخال من data/input_raw/freeze_clinic_130600112767.csv
2026-02-07 23:03:54,724 - INFO - 📊 عدد الإدخالات: 96
2026-02-07 23:03:54,724 - INFO - 📝 أول 3 عينات:
2026-02-07 23:03:54,725 - INFO -   1: device=130600112767 ts=2026-01-30 12:52:41.974660 temp=-1.76
2026-02-07 23:03:54,725 - INFO -   2: device=130600112767 ts=2026-01-30 13:07:41.974660 temp=-2.38
2026-02-07 23:03:54,725 - INFO -   3: device=130600112767 ts=2026-01-30 13:22:41.974660 temp=-2.42
2026-02-07 23:03:54,726 - INFO - 📄 الملف: safe_hospital_130600112764.csv
2026-02-07 23:03:54,730 - INFO - تم تحليل 96 إدخال من data/input_raw/safe_hospital_130600112764.csv
2026-02-07 23:03:54,730 - INFO - 📊 عدد الإدخالات: 96
2026-02-07 23:03:54,730 - INFO - 📝 أول 3 عينات:
2026-02-07 23:03:54,731 - INFO -   1: device=130600112764 ts=2026-01-30 12:52:41.973957 temp=4.6
2026-02-07 23:03:54,731 - INFO -   2: device=130600112764 ts=2026-01-30 13:07:41.973957 temp=4.65
2026-02-07 23:03:54,731 - INFO -   3: device=130600112764 ts=2026-01-30 13:22:41.973957 temp=5.29
2026-02-07 23:03:54,734 - INFO - تم ربط 3 إدخال، تم تخطي 1
2026-02-07 23:03:54,736 - INFO - تم ربط 3 إدخال، تم تخطي 1
2026-02-07 23:03:54,738 - INFO - تم ربط 0 إدخال، تم تخطي 2
2026-02-07 23:03:54,739 - INFO - تم ربط 0 إدخال، تم تخطي 0
2026-02-07 23:03:54,741 - INFO - تم ربط 0 إدخال، تم تخطي 4
2026-02-07 23:03:54,744 - INFO - تم تحليل 2 إدخال من /tmp/pytest-of-amer11974/pytest-15/test_parse_valid_csv0/data/test_readings.csv
2026-02-07 23:03:54,747 - WARNING - تنسيق غير معروف في /tmp/pytest-of-amer11974/pytest-15/test_parse_invalid_file0/empty.csv
2026-02-07 23:03:54,747 - INFO - تم تحليل 0 إدخال من /tmp/pytest-of-amer11974/pytest-15/test_parse_invalid_file0/empty.csv
2026-02-07 23:03:54,751 - WARNING - تخطي صف 0 في /tmp/pytest-of-amer11974/pytest-15/test_parse_malformed_rows0/data_malformed/bad_readings.csv: could not convert string to float: 'invalid_temp'
2026-02-07 23:03:54,751 - INFO - تم تحليل 1 إدخال من /tmp/pytest-of-amer11974/pytest-15/test_parse_malformed_rows0/data_malformed/bad_readings.csv
2026-02-07 23:03:54,774 - INFO - 📄 إنشاء تقرير PDF احترافي
2026-02-07 23:03:54,774 - INFO - ==================================================
2026-02-07 23:03:54,774 - ERROR - ❌ ملف التقرير غير موجود: data/output/centers_report.tsv
2026-02-07 23:03:54,774 - INFO - ⚠️  قم بتشغيل النظام أولاً:
2026-02-07 23:03:54,774 - INFO -    python -m scripts.run_ft2_pipeline --legacy
2026-02-07 23:03:54,794 - INFO - 📄 إنشاء تقرير PDF احترافي
2026-02-07 23:03:54,794 - INFO - ==================================================
2026-02-07 23:03:54,795 - INFO - 📊 قراءة البيانات من: data/output/centers_report.tsv
2026-02-07 23:03:54,795 - INFO - 🔄 جاري إنشاء التقرير...
2026-02-07 23:03:54,795 - INFO - 
✅ تم إنشاء التقرير بنجاح!
2026-02-07 23:03:54,795 - INFO - 📍 الموقع: /fake/report.pdf
2026-02-07 23:03:55,178 - INFO - 📂 تم فتح التقرير تلقائياً
2026-02-07 23:03:55,237 - INFO - | Test Scenario             | 5.0°C(1.0h) + 15.0°C(24.0h)                   | 1.0    days | NONE  | NO_DATA                        |
2026-02-07 23:03:55,245 - INFO - Mock data created at: data/output/visual_tests/mock_visual_data.tsv
2026-02-07 23:03:55,245 - INFO - ⚠️ رسالة مفقودة: VISUAL_REPORT_OFFICIAL
2026-02-07 23:03:55,245 - INFO - Done: /tmp/pytest-of-amer11974/pytest-15/test_verify_visual_reports_run0/data/output/visual_tests/visual_test_official.pdf
2026-02-07 23:03:55,246 - INFO - ⚠️ رسالة مفقودة: VISUAL_REPORT_TECHNICAL
2026-02-07 23:03:55,246 - INFO - Done: /tmp/pytest-of-amer11974/pytest-15/test_verify_visual_reports_run0/data/output/visual_tests/visual_test_official.pdf
2026-02-07 23:03:55,246 - INFO - ⚠️ رسالة مفقودة: VISUAL_REPORT_ARABIC
2026-02-07 23:03:55,246 - INFO - Done: /tmp/pytest-of-amer11974/pytest-15/test_verify_visual_reports_run0/data/output/visual_tests/visual_test_official.pdf
2026-02-08 15:37:17,323 - INFO - ✅ تم إنشاء تقرير المراكز: /tmp/pytest-of-amer11974/pytest-0/test_centers_report_snapshot0/centers_report.tsv
2026-02-08 15:37:17,368 - INFO - 🧹 تنظيف الملفات التالفة في data/input_ft2
2026-02-08 15:37:17,390 - INFO - 🗑️ تم حذف: bad1.txt (فارغ تماماً)
2026-02-08 15:37:17,398 - INFO - ✅ تم تنظيف 1 ملف.
2026-02-08 15:37:17,400 - INFO - فحص الملفات الخام في: data/input_raw
2026-02-08 15:37:17,410 - INFO - 📄 الملف: test_data.csv
2026-02-08 15:37:17,419 - INFO - تم تحليل 6 إدخال من data/input_raw/test_data.csv
2026-02-08 15:37:17,419 - INFO - 📊 عدد الإدخالات: 6
2026-02-08 15:37:17,420 - INFO - 📝 أول 3 عينات:
2026-02-08 15:37:17,420 - INFO -   1: device=130600112764 ts=2024-01-15 08:00:00 temp=5.2
2026-02-08 15:37:17,420 - INFO -   2: device=130600112764 ts=2024-01-15 12:00:00 temp=4.8
2026-02-08 15:37:17,420 - INFO -   3: device=130600112767 ts=2024-01-15 08:00:00 temp=-1.5
2026-02-08 15:37:17,420 - INFO - 📄 الملف: heat_mobile_130600112769.csv
2026-02-08 15:37:17,435 - INFO - تم تحليل 96 إدخال من data/input_raw/heat_mobile_130600112769.csv
2026-02-08 15:37:17,435 - INFO - 📊 عدد الإدخالات: 96
2026-02-08 15:37:17,435 - INFO - 📝 أول 3 عينات:
2026-02-08 15:37:17,435 - INFO -   1: device=130600112769 ts=2026-01-30 12:52:41.975297 temp=11.98
2026-02-08 15:37:17,435 - INFO -   2: device=130600112769 ts=2026-01-30 13:07:41.975297 temp=11.9
2026-02-08 15:37:17,435 - INFO -   3: device=130600112769 ts=2026-01-30 13:22:41.975297 temp=12.72
2026-02-08 15:37:17,436 - INFO - 📄 الملف: freeze_clinic_130600112767.csv
2026-02-08 15:37:17,437 - INFO - تم تحليل 96 إدخال من data/input_raw/freeze_clinic_130600112767.csv
2026-02-08 15:37:17,437 - INFO - 📊 عدد الإدخالات: 96
2026-02-08 15:37:17,437 - INFO - 📝 أول 3 عينات:
2026-02-08 15:37:17,437 - INFO -   1: device=130600112767 ts=2026-01-30 12:52:41.974660 temp=-1.76
2026-02-08 15:37:17,437 - INFO -   2: device=130600112767 ts=2026-01-30 13:07:41.974660 temp=-2.38
2026-02-08 15:37:17,437 - INFO -   3: device=130600112767 ts=2026-01-30 13:22:41.974660 temp=-2.42
2026-02-08 15:37:17,437 - INFO - 📄 الملف: safe_hospital_130600112764.csv
2026-02-08 15:37:17,438 - INFO - تم تحليل 96 إدخال من data/input_raw/safe_hospital_130600112764.csv
2026-02-08 15:37:17,439 - INFO - 📊 عدد الإدخالات: 96
2026-02-08 15:37:17,439 - INFO - 📝 أول 3 عينات:
2026-02-08 15:37:17,439 - INFO -   1: device=130600112764 ts=2026-01-30 12:52:41.973957 temp=4.6
2026-02-08 15:37:17,439 - INFO -   2: device=130600112764 ts=2026-01-30 13:07:41.973957 temp=4.65
2026-02-08 15:37:17,439 - INFO -   3: device=130600112764 ts=2026-01-30 13:22:41.973957 temp=5.29
2026-02-08 15:37:17,441 - INFO - تم ربط 3 إدخال، تم تخطي 1
2026-02-08 15:37:17,442 - INFO - تم ربط 3 إدخال، تم تخطي 1
2026-02-08 15:37:17,443 - INFO - تم ربط 0 إدخال، تم تخطي 2
2026-02-08 15:37:17,444 - INFO - تم ربط 0 إدخال، تم تخطي 0
2026-02-08 15:37:17,445 - INFO - تم ربط 0 إدخال، تم تخطي 4
2026-02-08 15:37:17,447 - INFO - تم تحليل 2 إدخال من /tmp/pytest-of-amer11974/pytest-0/test_parse_valid_csv0/data/test_readings.csv
2026-02-08 15:37:17,449 - WARNING - تنسيق غير معروف في /tmp/pytest-of-amer11974/pytest-0/test_parse_invalid_file0/empty.csv
2026-02-08 15:37:17,449 - INFO - تم تحليل 0 إدخال من /tmp/pytest-of-amer11974/pytest-0/test_parse_invalid_file0/empty.csv
2026-02-08 15:37:17,451 - WARNING - تخطي صف 0 في /tmp/pytest-of-amer11974/pytest-0/test_parse_malformed_rows0/data_malformed/bad_readings.csv: could not convert string to float: 'invalid_temp'
2026-02-08 15:37:17,451 - INFO - تم تحليل 1 إدخال من /tmp/pytest-of-amer11974/pytest-0/test_parse_malformed_rows0/data_malformed/bad_readings.csv
2026-02-08 15:37:17,467 - INFO - 📄 إنشاء تقرير PDF احترافي
2026-02-08 15:37:17,467 - INFO - ==================================================
2026-02-08 15:37:17,467 - ERROR - ❌ ملف التقرير غير موجود: data/output/centers_report.tsv
2026-02-08 15:37:17,467 - INFO - ⚠️  قم بتشغيل النظام أولاً:
2026-02-08 15:37:17,467 - INFO -    python -m scripts.run_ft2_pipeline --legacy
2026-02-08 15:37:17,471 - INFO - 📄 إنشاء تقرير PDF احترافي
2026-02-08 15:37:17,472 - INFO - ==================================================
2026-02-08 15:37:17,472 - INFO - 📊 قراءة البيانات من: data/output/centers_report.tsv
2026-02-08 15:37:17,472 - INFO - 🔄 جاري إنشاء التقرير...
2026-02-08 15:37:17,472 - INFO - 
✅ تم إنشاء التقرير بنجاح!
2026-02-08 15:37:17,472 - INFO - 📍 الموقع: /fake/report.pdf
2026-02-08 15:37:18,306 - INFO - 📂 تم فتح التقرير تلقائياً
2026-02-08 15:37:18,341 - INFO - | Test Scenario             | 5.0°C(1.0h) + 15.0°C(24.0h)                   | 1.0    days | NONE  | NO_DATA                        |
2026-02-08 15:37:18,358 - INFO - Mock data created at: data/output/visual_tests/mock_visual_data.tsv
2026-02-08 15:37:18,358 - INFO - ⚠️ رسالة مفقودة: VISUAL_REPORT_OFFICIAL
2026-02-08 15:37:18,358 - INFO - Done: /tmp/pytest-of-amer11974/pytest-0/test_verify_visual_reports_run0/data/output/visual_tests/visual_test_official.pdf
2026-02-08 15:37:18,359 - INFO - ⚠️ رسالة مفقودة: VISUAL_REPORT_TECHNICAL
2026-02-08 15:37:18,359 - INFO - Done: /tmp/pytest-of-amer11974/pytest-0/test_verify_visual_reports_run0/data/output/visual_tests/visual_test_official.pdf
2026-02-08 15:37:18,359 - INFO - ⚠️ رسالة مفقودة: VISUAL_REPORT_ARABIC
2026-02-08 15:37:18,359 - INFO - Done: /tmp/pytest-of-amer11974/pytest-0/test_verify_visual_reports_run0/data/output/visual_tests/visual_test_official.pdf
2026-02-08 15:38:30,767 - INFO - ✅ تم إنشاء تقرير المراكز: /tmp/pytest-of-amer11974/pytest-1/test_centers_report_snapshot0/centers_report.tsv
2026-02-08 15:38:30,802 - INFO - 🧹 تنظيف الملفات التالفة في data/input_ft2
2026-02-08 15:38:30,881 - INFO - 🗑️ تم حذف: bad1.txt (فارغ تماماً)
2026-02-08 15:38:30,933 - INFO - ✅ تم تنظيف 1 ملف.
2026-02-08 15:38:30,939 - INFO - فحص الملفات الخام في: data/input_raw
2026-02-08 15:38:30,978 - INFO - 📄 الملف: test_data.csv
2026-02-08 15:38:30,996 - INFO - تم تحليل 6 إدخال من data/input_raw/test_data.csv
2026-02-08 15:38:30,997 - INFO - 📊 عدد الإدخالات: 6
2026-02-08 15:38:30,997 - INFO - 📝 أول 3 عينات:
2026-02-08 15:38:30,998 - INFO -   1: device=130600112764 ts=2024-01-15 08:00:00 temp=5.2
2026-02-08 15:38:30,998 - INFO -   2: device=130600112764 ts=2024-01-15 12:00:00 temp=4.8
2026-02-08 15:38:30,999 - INFO -   3: device=130600112767 ts=2024-01-15 08:00:00 temp=-1.5
2026-02-08 15:38:31,000 - INFO - 📄 الملف: heat_mobile_130600112769.csv
2026-02-08 15:38:31,046 - INFO - تم تحليل 96 إدخال من data/input_raw/heat_mobile_130600112769.csv
2026-02-08 15:38:31,047 - INFO - 📊 عدد الإدخالات: 96
2026-02-08 15:38:31,047 - INFO - 📝 أول 3 عينات:
2026-02-08 15:38:31,048 - INFO -   1: device=130600112769 ts=2026-01-30 12:52:41.975297 temp=11.98
2026-02-08 15:38:31,048 - INFO -   2: device=130600112769 ts=2026-01-30 13:07:41.975297 temp=11.9
2026-02-08 15:38:31,049 - INFO -   3: device=130600112769 ts=2026-01-30 13:22:41.975297 temp=12.72
2026-02-08 15:38:31,049 - INFO - 📄 الملف: freeze_clinic_130600112767.csv
2026-02-08 15:38:31,068 - INFO - تم تحليل 96 إدخال من data/input_raw/freeze_clinic_130600112767.csv
2026-02-08 15:38:31,069 - INFO - 📊 عدد الإدخالات: 96
2026-02-08 15:38:31,069 - INFO - 📝 أول 3 عينات:
2026-02-08 15:38:31,070 - INFO -   1: device=130600112767 ts=2026-01-30 12:52:41.974660 temp=-1.76
2026-02-08 15:38:31,070 - INFO -   2: device=130600112767 ts=2026-01-30 13:07:41.974660 temp=-2.38
2026-02-08 15:38:31,071 - INFO -   3: device=130600112767 ts=2026-01-30 13:22:41.974660 temp=-2.42
2026-02-08 15:38:31,071 - INFO - 📄 الملف: safe_hospital_130600112764.csv
2026-02-08 15:38:31,075 - INFO - تم تحليل 96 إدخال من data/input_raw/safe_hospital_130600112764.csv
2026-02-08 15:38:31,075 - INFO - 📊 عدد الإدخالات: 96
2026-02-08 15:38:31,076 - INFO - 📝 أول 3 عينات:
2026-02-08 15:38:31,076 - INFO -   1: device=130600112764 ts=2026-01-30 12:52:41.973957 temp=4.6
2026-02-08 15:38:31,077 - INFO -   2: device=130600112764 ts=2026-01-30 13:07:41.973957 temp=4.65
2026-02-08 15:38:31,077 - INFO -   3: device=130600112764 ts=2026-01-30 13:22:41.973957 temp=5.29
2026-02-08 15:38:31,083 - INFO - تم ربط 3 إدخال، تم تخطي 1
2026-02-08 15:38:31,088 - INFO - تم ربط 3 إدخال، تم تخطي 1
2026-02-08 15:38:31,093 - INFO - تم ربط 0 إدخال، تم تخطي 2
2026-02-08 15:38:31,095 - INFO - تم ربط 0 إدخال، تم تخطي 0
2026-02-08 15:38:31,098 - INFO - تم ربط 0 إدخال، تم تخطي 4
2026-02-08 15:38:31,103 - INFO - تم تحليل 2 إدخال من /tmp/pytest-of-amer11974/pytest-1/test_parse_valid_csv0/data/test_readings.csv
2026-02-08 15:38:31,106 - WARNING - تنسيق غير معروف في /tmp/pytest-of-amer11974/pytest-1/test_parse_invalid_file0/empty.csv
2026-02-08 15:38:31,106 - INFO - تم تحليل 0 إدخال من /tmp/pytest-of-amer11974/pytest-1/test_parse_invalid_file0/empty.csv
2026-02-08 15:38:31,110 - WARNING - تخطي صف 0 في /tmp/pytest-of-amer11974/pytest-1/test_parse_malformed_rows0/data_malformed/bad_readings.csv: could not convert string to float: 'invalid_temp'
2026-02-08 15:38:31,110 - INFO - تم تحليل 1 إدخال من /tmp/pytest-of-amer11974/pytest-1/test_parse_malformed_rows0/data_malformed/bad_readings.csv
2026-02-08 15:38:31,147 - INFO - 📄 إنشاء تقرير PDF احترافي
2026-02-08 15:38:31,147 - INFO - ==================================================
2026-02-08 15:38:31,147 - ERROR - ❌ ملف التقرير غير موجود: data/output/centers_report.tsv
2026-02-08 15:38:31,147 - INFO - ⚠️  قم بتشغيل النظام أولاً:
2026-02-08 15:38:31,148 - INFO -    python -m scripts.run_ft2_pipeline --legacy
2026-02-08 15:38:31,152 - INFO - 📄 إنشاء تقرير PDF احترافي
2026-02-08 15:38:31,152 - INFO - ==================================================
2026-02-08 15:38:31,152 - INFO - 📊 قراءة البيانات من: data/output/centers_report.tsv
2026-02-08 15:38:31,152 - INFO - 🔄 جاري إنشاء التقرير...
2026-02-08 15:38:31,152 - INFO - 
✅ تم إنشاء التقرير بنجاح!
2026-02-08 15:38:31,152 - INFO - 📍 الموقع: /fake/report.pdf
2026-02-08 15:38:31,342 - INFO - 📂 تم فتح التقرير تلقائياً
2026-02-08 15:38:31,426 - INFO - | Test Scenario             | 5.0°C(1.0h) + 15.0°C(24.0h)                   | 1.0    days | NONE  | NO_DATA                        |
2026-02-08 15:38:31,435 - INFO - Mock data created at: data/output/visual_tests/mock_visual_data.tsv
2026-02-08 15:38:31,435 - INFO - ⚠️ رسالة مفقودة: VISUAL_REPORT_OFFICIAL
2026-02-08 15:38:31,435 - INFO - Done: /tmp/pytest-of-amer11974/pytest-1/test_verify_visual_reports_run0/data/output/visual_tests/visual_test_official.pdf
2026-02-08 15:38:31,435 - INFO - ⚠️ رسالة مفقودة: VISUAL_REPORT_TECHNICAL
2026-02-08 15:38:31,435 - INFO - Done: /tmp/pytest-of-amer11974/pytest-1/test_verify_visual_reports_run0/data/output/visual_tests/visual_test_official.pdf
2026-02-08 15:38:31,435 - INFO - ⚠️ رسالة مفقودة: VISUAL_REPORT_ARABIC
2026-02-08 15:38:31,436 - INFO - Done: /tmp/pytest-of-amer11974/pytest-1/test_verify_visual_reports_run0/data/output/visual_tests/visual_test_official.pdf
2026-02-08 16:29:19,971 - INFO - 🧹 تنظيف الملفات التالفة في data/input_ft2
2026-02-08 16:29:19,998 - INFO - 🗑️ تم حذف: bad1.txt (فارغ تماماً)
2026-02-08 16:29:20,007 - INFO - ✅ تم تنظيف 1 ملف.
2026-02-08 16:29:20,009 - INFO - فحص الملفات الخام في: data/input_raw
2026-02-08 16:29:20,009 - INFO - 📄 الملف: test_data.csv
2026-02-08 16:29:20,019 - INFO - تم تحليل 6 إدخال من data/input_raw/test_data.csv
2026-02-08 16:29:20,019 - INFO - 📊 عدد الإدخالات: 6
2026-02-08 16:29:20,020 - INFO - 📝 أول 3 عينات:
2026-02-08 16:29:20,020 - INFO -   1: device=130600112764 ts=2024-01-15 08:00:00 temp=5.2
2026-02-08 16:29:20,020 - INFO -   2: device=130600112764 ts=2024-01-15 12:00:00 temp=4.8
2026-02-08 16:29:20,020 - INFO -   3: device=130600112767 ts=2024-01-15 08:00:00 temp=-1.5
2026-02-08 16:29:20,020 - INFO - 📄 الملف: heat_mobile_130600112769.csv
2026-02-08 16:29:20,034 - INFO - تم تحليل 96 إدخال من data/input_raw/heat_mobile_130600112769.csv
2026-02-08 16:29:20,035 - INFO - 📊 عدد الإدخالات: 96
2026-02-08 16:29:20,035 - INFO - 📝 أول 3 عينات:
2026-02-08 16:29:20,035 - INFO -   1: device=130600112769 ts=2026-01-30 12:52:41.975297 temp=11.98
2026-02-08 16:29:20,035 - INFO -   2: device=130600112769 ts=2026-01-30 13:07:41.975297 temp=11.9
2026-02-08 16:29:20,036 - INFO -   3: device=130600112769 ts=2026-01-30 13:22:41.975297 temp=12.72
2026-02-08 16:29:20,036 - INFO - 📄 الملف: freeze_clinic_130600112767.csv
2026-02-08 16:29:20,037 - INFO - تم تحليل 96 إدخال من data/input_raw/freeze_clinic_130600112767.csv
2026-02-08 16:29:20,037 - INFO - 📊 عدد الإدخالات: 96
2026-02-08 16:29:20,037 - INFO - 📝 أول 3 عينات:
2026-02-08 16:29:20,038 - INFO -   1: device=130600112767 ts=2026-01-30 12:52:41.974660 temp=-1.76
2026-02-08 16:29:20,038 - INFO -   2: device=130600112767 ts=2026-01-30 13:07:41.974660 temp=-2.38
2026-02-08 16:29:20,038 - INFO -   3: device=130600112767 ts=2026-01-30 13:22:41.974660 temp=-2.42
2026-02-08 16:29:20,038 - INFO - 📄 الملف: safe_hospital_130600112764.csv
2026-02-08 16:29:20,039 - INFO - تم تحليل 96 إدخال من data/input_raw/safe_hospital_130600112764.csv
2026-02-08 16:29:20,039 - INFO - 📊 عدد الإدخالات: 96
2026-02-08 16:29:20,039 - INFO - 📝 أول 3 عينات:
2026-02-08 16:29:20,040 - INFO -   1: device=130600112764 ts=2026-01-30 12:52:41.973957 temp=4.6
2026-02-08 16:29:20,040 - INFO -   2: device=130600112764 ts=2026-01-30 13:07:41.973957 temp=4.65
2026-02-08 16:29:20,040 - INFO -   3: device=130600112764 ts=2026-01-30 13:22:41.973957 temp=5.29
2026-02-08 16:29:20,042 - INFO - تم ربط 3 إدخال، تم تخطي 1
2026-02-08 16:29:20,043 - INFO - تم ربط 3 إدخال، تم تخطي 1
2026-02-08 16:29:20,045 - INFO - تم ربط 0 إدخال، تم تخطي 2
2026-02-08 16:29:20,046 - INFO - تم ربط 0 إدخال، تم تخطي 0
2026-02-08 16:29:20,047 - INFO - تم ربط 0 إدخال، تم تخطي 4
2026-02-08 16:29:20,052 - INFO - تم تحليل 2 إدخال من /tmp/pytest-of-amer11974/pytest-2/test_parse_valid_csv0/data/test_readings.csv
2026-02-08 16:29:20,055 - WARNING - تنسيق غير معروف في /tmp/pytest-of-amer11974/pytest-2/test_parse_invalid_file0/empty.csv
2026-02-08 16:29:20,055 - INFO - تم تحليل 0 إدخال من /tmp/pytest-of-amer11974/pytest-2/test_parse_invalid_file0/empty.csv
2026-02-08 16:29:20,059 - WARNING - تخطي صف 0 في /tmp/pytest-of-amer11974/pytest-2/test_parse_malformed_rows0/data_malformed/bad_readings.csv: could not convert string to float: 'invalid_temp'
2026-02-08 16:29:20,059 - INFO - تم تحليل 1 إدخال من /tmp/pytest-of-amer11974/pytest-2/test_parse_malformed_rows0/data_malformed/bad_readings.csv
2026-02-08 16:29:20,161 - INFO - 📄 إنشاء تقرير PDF احترافي
2026-02-08 16:29:20,161 - INFO - ==================================================
2026-02-08 16:29:20,161 - ERROR - ❌ ملف التقرير غير موجود: data/output/centers_report.tsv
2026-02-08 16:29:20,161 - INFO - ⚠️  قم بتشغيل النظام أولاً:
2026-02-08 16:29:20,161 - INFO -    python -m scripts.run_ft2_pipeline --legacy
2026-02-08 16:29:20,166 - INFO - 📄 إنشاء تقرير PDF احترافي
2026-02-08 16:29:20,166 - INFO - ==================================================
2026-02-08 16:29:20,166 - INFO - 📊 قراءة البيانات من: data/output/centers_report.tsv
2026-02-08 16:29:20,166 - INFO - 🔄 جاري إنشاء التقرير...
2026-02-08 16:29:20,167 - INFO - 
✅ تم إنشاء التقرير بنجاح!
2026-02-08 16:29:20,167 - INFO - 📍 الموقع: /fake/report.pdf
2026-02-08 16:29:20,510 - INFO - 📂 تم فتح التقرير تلقائياً
2026-02-08 16:29:20,565 - INFO - | Test Scenario             | 5.0°C(1.0h) + 15.0°C(24.0h)                   | 1.0    days | NONE  | NO_DATA                        |
2026-02-08 16:29:20,584 - INFO - Mock data created at: data/output/visual_tests/mock_visual_data.tsv
2026-02-08 16:29:20,584 - INFO - ⚠️ رسالة مفقودة: VISUAL_REPORT_OFFICIAL
2026-02-08 16:29:20,585 - INFO - Done: /tmp/pytest-of-amer11974/pytest-2/test_verify_visual_reports_run0/data/output/visual_tests/visual_test_official.pdf
2026-02-08 16:29:20,585 - INFO - ⚠️ رسالة مفقودة: VISUAL_REPORT_TECHNICAL
2026-02-08 16:29:20,585 - INFO - Done: /tmp/pytest-of-amer11974/pytest-2/test_verify_visual_reports_run0/data/output/visual_tests/visual_test_official.pdf
2026-02-08 16:29:20,585 - INFO - ⚠️ رسالة مفقودة: VISUAL_REPORT_ARABIC
2026-02-08 16:29:20,585 - INFO - Done: /tmp/pytest-of-amer11974/pytest-2/test_verify_visual_reports_run0/data/output/visual_tests/visual_test_official.pdf
2026-02-08 18:13:03,956 - INFO - 🧹 تنظيف الملفات التالفة في data/input_ft2
2026-02-08 18:13:03,990 - INFO - 🗑️ تم حذف: bad1.txt (فارغ تماماً)
2026-02-08 18:13:04,004 - INFO - ✅ تم تنظيف 1 ملف.
2026-02-08 18:13:04,006 - INFO - فحص الملفات الخام في: data/input_raw
2026-02-08 18:13:04,007 - INFO - 📄 الملف: test_data.csv
2026-02-08 18:13:04,018 - INFO - تم تحليل 6 إدخال من data/input_raw/test_data.csv
2026-02-08 18:13:04,019 - INFO - 📊 عدد الإدخالات: 6
2026-02-08 18:13:04,019 - INFO - 📝 أول 3 عينات:
2026-02-08 18:13:04,019 - INFO -   1: device=130600112764 ts=2024-01-15 08:00:00 temp=5.2
2026-02-08 18:13:04,020 - INFO -   2: device=130600112764 ts=2024-01-15 12:00:00 temp=4.8
2026-02-08 18:13:04,020 - INFO -   3: device=130600112767 ts=2024-01-15 08:00:00 temp=-1.5
2026-02-08 18:13:04,020 - INFO - 📄 الملف: heat_mobile_130600112769.csv
2026-02-08 18:13:04,033 - INFO - تم تحليل 96 إدخال من data/input_raw/heat_mobile_130600112769.csv
2026-02-08 18:13:04,034 - INFO - 📊 عدد الإدخالات: 96
2026-02-08 18:13:04,034 - INFO - 📝 أول 3 عينات:
2026-02-08 18:13:04,034 - INFO -   1: device=130600112769 ts=2026-01-30 12:52:41.975297 temp=11.98
2026-02-08 18:13:04,034 - INFO -   2: device=130600112769 ts=2026-01-30 13:07:41.975297 temp=11.9
2026-02-08 18:13:04,035 - INFO -   3: device=130600112769 ts=2026-01-30 13:22:41.975297 temp=12.72
2026-02-08 18:13:04,035 - INFO - 📄 الملف: freeze_clinic_130600112767.csv
2026-02-08 18:13:04,036 - INFO - تم تحليل 96 إدخال من data/input_raw/freeze_clinic_130600112767.csv
2026-02-08 18:13:04,037 - INFO - 📊 عدد الإدخالات: 96
2026-02-08 18:13:04,037 - INFO - 📝 أول 3 عينات:
2026-02-08 18:13:04,037 - INFO -   1: device=130600112767 ts=2026-01-30 12:52:41.974660 temp=-1.76
2026-02-08 18:13:04,037 - INFO -   2: device=130600112767 ts=2026-01-30 13:07:41.974660 temp=-2.38
2026-02-08 18:13:04,037 - INFO -   3: device=130600112767 ts=2026-01-30 13:22:41.974660 temp=-2.42
2026-02-08 18:13:04,038 - INFO - 📄 الملف: safe_hospital_130600112764.csv
2026-02-08 18:13:04,039 - INFO - تم تحليل 96 إدخال من data/input_raw/safe_hospital_130600112764.csv
2026-02-08 18:13:04,039 - INFO - 📊 عدد الإدخالات: 96
2026-02-08 18:13:04,039 - INFO - 📝 أول 3 عينات:
2026-02-08 18:13:04,039 - INFO -   1: device=130600112764 ts=2026-01-30 12:52:41.973957 temp=4.6
2026-02-08 18:13:04,040 - INFO -   2: device=130600112764 ts=2026-01-30 13:07:41.973957 temp=4.65
2026-02-08 18:13:04,040 - INFO -   3: device=130600112764 ts=2026-01-30 13:22:41.973957 temp=5.29
2026-02-08 18:13:04,043 - INFO - تم ربط 3 إدخال، تم تخطي 1
2026-02-08 18:13:04,045 - INFO - تم ربط 3 إدخال، تم تخطي 1
2026-02-08 18:13:04,046 - INFO - تم ربط 0 إدخال، تم تخطي 2
2026-02-08 18:13:04,048 - INFO - تم ربط 0 إدخال، تم تخطي 0
2026-02-08 18:13:04,049 - INFO - تم ربط 0 إدخال، تم تخطي 4
2026-02-08 18:13:04,052 - INFO - تم تحليل 2 إدخال من /tmp/pytest-of-amer11974/pytest-6/test_parse_valid_csv0/data/test_readings.csv
2026-02-08 18:13:04,054 - WARNING - تنسيق غير معروف في /tmp/pytest-of-amer11974/pytest-6/test_parse_invalid_file0/empty.csv
2026-02-08 18:13:04,055 - INFO - تم تحليل 0 إدخال من /tmp/pytest-of-amer11974/pytest-6/test_parse_invalid_file0/empty.csv
2026-02-08 18:13:04,059 - WARNING - تخطي صف 0 في /tmp/pytest-of-amer11974/pytest-6/test_parse_malformed_rows0/data_malformed/bad_readings.csv: could not convert string to float: 'invalid_temp'
2026-02-08 18:13:04,059 - INFO - تم تحليل 1 إدخال من /tmp/pytest-of-amer11974/pytest-6/test_parse_malformed_rows0/data_malformed/bad_readings.csv
2026-02-08 18:13:04,126 - INFO - 📄 إنشاء تقرير PDF احترافي
2026-02-08 18:13:04,126 - INFO - ==================================================
2026-02-08 18:13:04,127 - ERROR - ❌ ملف التقرير غير موجود: data/output/centers_report.tsv
2026-02-08 18:13:04,127 - INFO - ⚠️  قم بتشغيل النظام أولاً:
2026-02-08 18:13:04,127 - INFO -    python -m scripts.run_ft2_pipeline --legacy
2026-02-08 18:13:04,145 - INFO - 📄 إنشاء تقرير PDF احترافي
2026-02-08 18:13:04,146 - INFO - ==================================================
2026-02-08 18:13:04,146 - INFO - 📊 قراءة البيانات من: data/output/centers_report.tsv
2026-02-08 18:13:04,146 - INFO - 🔄 جاري إنشاء التقرير...
2026-02-08 18:13:04,146 - INFO - 
✅ تم إنشاء التقرير بنجاح!
2026-02-08 18:13:04,146 - INFO - 📍 الموقع: /fake/report.pdf
2026-02-08 18:13:04,309 - INFO - 📂 تم فتح التقرير تلقائياً
2026-02-08 18:13:04,336 - INFO - | Test Scenario             | 5.0°C(1.0h) + 15.0°C(24.0h)                   | 1.0    days | NONE  | NO_DATA                        |
2026-02-08 18:13:04,347 - INFO - Mock data created at: data/output/visual_tests/mock_visual_data.tsv
2026-02-08 18:13:04,347 - INFO - ⚠️ رسالة مفقودة: VISUAL_REPORT_OFFICIAL
2026-02-08 18:13:04,348 - INFO - Done: /tmp/pytest-of-amer11974/pytest-6/test_verify_visual_reports_run0/data/output/visual_tests/visual_test_official.pdf
2026-02-08 18:13:04,348 - INFO - ⚠️ رسالة مفقودة: VISUAL_REPORT_TECHNICAL
2026-02-08 18:13:04,348 - INFO - Done: /tmp/pytest-of-amer11974/pytest-6/test_verify_visual_reports_run0/data/output/visual_tests/visual_test_official.pdf
2026-02-08 18:13:04,348 - INFO - ⚠️ رسالة مفقودة: VISUAL_REPORT_ARABIC
2026-02-08 18:13:04,348 - INFO - Done: /tmp/pytest-of-amer11974/pytest-6/test_verify_visual_reports_run0/data/output/visual_tests/visual_test_official.pdf
2026-02-08 18:22:37,300 - INFO - 🧹 تنظيف الملفات التالفة في data/input_ft2
2026-02-08 18:22:37,330 - INFO - 🗑️ تم حذف: bad1.txt (فارغ تماماً)
2026-02-08 18:22:37,338 - INFO - ✅ تم تنظيف 1 ملف.
2026-02-08 18:22:37,340 - INFO - فحص الملفات الخام في: data/input_raw
2026-02-08 18:22:37,340 - INFO - 📄 الملف: test_data.csv
2026-02-08 18:22:37,405 - INFO - تم تحليل 6 إدخال من data/input_raw/test_data.csv
2026-02-08 18:22:37,405 - INFO - 📊 عدد الإدخالات: 6
2026-02-08 18:22:37,406 - INFO - 📝 أول 3 عينات:
2026-02-08 18:22:37,406 - INFO -   1: device=130600112764 ts=2024-01-15 08:00:00 temp=5.2
2026-02-08 18:22:37,406 - INFO -   2: device=130600112764 ts=2024-01-15 12:00:00 temp=4.8
2026-02-08 18:22:37,407 - INFO -   3: device=130600112767 ts=2024-01-15 08:00:00 temp=-1.5
2026-02-08 18:22:37,407 - INFO - 📄 الملف: heat_mobile_130600112769.csv
2026-02-08 18:22:37,478 - INFO - تم تحليل 96 إدخال من data/input_raw/heat_mobile_130600112769.csv
2026-02-08 18:22:37,478 - INFO - 📊 عدد الإدخالات: 96
2026-02-08 18:22:37,479 - INFO - 📝 أول 3 عينات:
2026-02-08 18:22:37,479 - INFO -   1: device=130600112769 ts=2026-01-30 12:52:41.975297 temp=11.98
2026-02-08 18:22:37,479 - INFO -   2: device=130600112769 ts=2026-01-30 13:07:41.975297 temp=11.9
2026-02-08 18:22:37,480 - INFO -   3: device=130600112769 ts=2026-01-30 13:22:41.975297 temp=12.72
2026-02-08 18:22:37,480 - INFO - 📄 الملف: freeze_clinic_130600112767.csv
2026-02-08 18:22:37,499 - INFO - تم تحليل 96 إدخال من data/input_raw/freeze_clinic_130600112767.csv
2026-02-08 18:22:37,500 - INFO - 📊 عدد الإدخالات: 96
2026-02-08 18:22:37,500 - INFO - 📝 أول 3 عينات:
2026-02-08 18:22:37,501 - INFO -   1: device=130600112767 ts=2026-01-30 12:52:41.974660 temp=-1.76
2026-02-08 18:22:37,501 - INFO -   2: device=130600112767 ts=2026-01-30 13:07:41.974660 temp=-2.38
2026-02-08 18:22:37,502 - INFO -   3: device=130600112767 ts=2026-01-30 13:22:41.974660 temp=-2.42
2026-02-08 18:22:37,502 - INFO - 📄 الملف: safe_hospital_130600112764.csv
2026-02-08 18:22:37,534 - INFO - تم تحليل 96 إدخال من data/input_raw/safe_hospital_130600112764.csv
2026-02-08 18:22:37,534 - INFO - 📊 عدد الإدخالات: 96
2026-02-08 18:22:37,535 - INFO - 📝 أول 3 عينات:
2026-02-08 18:22:37,535 - INFO -   1: device=130600112764 ts=2026-01-30 12:52:41.973957 temp=4.6
2026-02-08 18:22:37,535 - INFO -   2: device=130600112764 ts=2026-01-30 13:07:41.973957 temp=4.65
2026-02-08 18:22:37,535 - INFO -   3: device=130600112764 ts=2026-01-30 13:22:41.973957 temp=5.29
2026-02-08 18:22:37,538 - INFO - تم ربط 3 إدخال، تم تخطي 1
2026-02-08 18:22:37,540 - INFO - تم ربط 3 إدخال، تم تخطي 1
2026-02-08 18:22:37,542 - INFO - تم ربط 0 إدخال، تم تخطي 2
2026-02-08 18:22:37,543 - INFO - تم ربط 0 إدخال، تم تخطي 0
2026-02-08 18:22:37,544 - INFO - تم ربط 0 إدخال، تم تخطي 4
2026-02-08 18:22:37,548 - INFO - تم تحليل 2 إدخال من /tmp/pytest-of-amer11974/pytest-8/test_parse_valid_csv0/data/test_readings.csv
2026-02-08 18:22:37,551 - WARNING - تنسيق غير معروف في /tmp/pytest-of-amer11974/pytest-8/test_parse_invalid_file0/empty.csv
2026-02-08 18:22:37,551 - INFO - تم تحليل 0 إدخال من /tmp/pytest-of-amer11974/pytest-8/test_parse_invalid_file0/empty.csv
2026-02-08 18:22:37,554 - WARNING - تخطي صف 0 في /tmp/pytest-of-amer11974/pytest-8/test_parse_malformed_rows0/data_malformed/bad_readings.csv: could not convert string to float: 'invalid_temp'
2026-02-08 18:22:37,554 - INFO - تم تحليل 1 إدخال من /tmp/pytest-of-amer11974/pytest-8/test_parse_malformed_rows0/data_malformed/bad_readings.csv
2026-02-08 18:22:37,566 - INFO - 📄 إنشاء تقرير PDF احترافي
2026-02-08 18:22:37,567 - INFO - ==================================================
2026-02-08 18:22:37,568 - ERROR - ❌ ملف التقرير غير موجود: data/output/centers_report.tsv
2026-02-08 18:22:37,568 - INFO - ⚠️  قم بتشغيل النظام أولاً:
2026-02-08 18:22:37,568 - INFO -    python -m scripts.run_ft2_pipeline --legacy
2026-02-08 18:22:37,573 - INFO - 📄 إنشاء تقرير PDF احترافي
2026-02-08 18:22:37,573 - INFO - ==================================================
2026-02-08 18:22:37,573 - INFO - 📊 قراءة البيانات من: data/output/centers_report.tsv
2026-02-08 18:22:37,573 - INFO - 🔄 جاري إنشاء التقرير...
2026-02-08 18:22:37,573 - INFO - 
✅ تم إنشاء التقرير بنجاح!
2026-02-08 18:22:37,574 - INFO - 📍 الموقع: /fake/report.pdf
2026-02-08 18:22:37,762 - INFO - 📂 تم فتح التقرير تلقائياً
2026-02-08 18:22:37,811 - INFO - | Test Scenario             | 5.0°C(1.0h) + 15.0°C(24.0h)                   | 1.0    days | NONE  | NO_DATA                        |
2026-02-08 18:22:37,821 - INFO - Mock data created at: data/output/visual_tests/mock_visual_data.tsv
2026-02-08 18:22:37,822 - INFO - ⚠️ رسالة مفقودة: VISUAL_REPORT_OFFICIAL
2026-02-08 18:22:37,822 - INFO - Done: /tmp/pytest-of-amer11974/pytest-8/test_verify_visual_reports_run0/data/output/visual_tests/visual_test_official.pdf
2026-02-08 18:22:37,822 - INFO - ⚠️ رسالة مفقودة: VISUAL_REPORT_TECHNICAL
2026-02-08 18:22:37,822 - INFO - Done: /tmp/pytest-of-amer11974/pytest-8/test_verify_visual_reports_run0/data/output/visual_tests/visual_test_official.pdf
2026-02-08 18:22:37,822 - INFO - ⚠️ رسالة مفقودة: VISUAL_REPORT_ARABIC
2026-02-08 18:22:37,822 - INFO - Done: /tmp/pytest-of-amer11974/pytest-8/test_verify_visual_reports_run0/data/output/visual_tests/visual_test_official.pdf
2026-02-08 18:23:06,176 - INFO - ✅ تم إنشاء تقرير المراكز: /tmp/pytest-of-amer11974/pytest-10/test_centers_report_snapshot0/centers_report.tsv
2026-02-08 18:23:06,191 - INFO - 🧹 تنظيف الملفات التالفة في data/input_ft2
2026-02-08 18:23:06,191 - INFO - 🗑️ تم حذف: bad1.txt (فارغ تماماً)
2026-02-08 18:23:06,191 - INFO - ✅ تم تنظيف 1 ملف.
2026-02-08 18:23:06,193 - INFO - فحص الملفات الخام في: data/input_raw
2026-02-08 18:23:06,193 - INFO - 📄 الملف: test_data.csv
2026-02-08 18:23:06,193 - INFO - تم تحليل 6 إدخال من data/input_raw/test_data.csv
2026-02-08 18:23:06,193 - INFO - 📊 عدد الإدخالات: 6
2026-02-08 18:23:06,193 - INFO - 📝 أول 3 عينات:
2026-02-08 18:23:06,193 - INFO -   1: device=130600112764 ts=2024-01-15 08:00:00 temp=5.2
2026-02-08 18:23:06,194 - INFO -   2: device=130600112764 ts=2024-01-15 12:00:00 temp=4.8
2026-02-08 18:23:06,194 - INFO -   3: device=130600112767 ts=2024-01-15 08:00:00 temp=-1.5
2026-02-08 18:23:06,194 - INFO - 📄 الملف: heat_mobile_130600112769.csv
2026-02-08 18:23:06,194 - INFO - تم تحليل 96 إدخال من data/input_raw/heat_mobile_130600112769.csv
2026-02-08 18:23:06,195 - INFO - 📊 عدد الإدخالات: 96
2026-02-08 18:23:06,195 - INFO - 📝 أول 3 عينات:
2026-02-08 18:23:06,195 - INFO -   1: device=130600112769 ts=2026-01-30 12:52:41.975297 temp=11.98
2026-02-08 18:23:06,195 - INFO -   2: device=130600112769 ts=2026-01-30 13:07:41.975297 temp=11.9
2026-02-08 18:23:06,195 - INFO -   3: device=130600112769 ts=2026-01-30 13:22:41.975297 temp=12.72
2026-02-08 18:23:06,195 - INFO - 📄 الملف: freeze_clinic_130600112767.csv
2026-02-08 18:23:06,196 - INFO - تم تحليل 96 إدخال من data/input_raw/freeze_clinic_130600112767.csv
2026-02-08 18:23:06,196 - INFO - 📊 عدد الإدخالات: 96
2026-02-08 18:23:06,196 - INFO - 📝 أول 3 عينات:
2026-02-08 18:23:06,196 - INFO -   1: device=130600112767 ts=2026-01-30 12:52:41.974660 temp=-1.76
2026-02-08 18:23:06,196 - INFO -   2: device=130600112767 ts=2026-01-30 13:07:41.974660 temp=-2.38
2026-02-08 18:23:06,196 - INFO -   3: device=130600112767 ts=2026-01-30 13:22:41.974660 temp=-2.42
2026-02-08 18:23:06,196 - INFO - 📄 الملف: safe_hospital_130600112764.csv
2026-02-08 18:23:06,197 - INFO - تم تحليل 96 إدخال من data/input_raw/safe_hospital_130600112764.csv
2026-02-08 18:23:06,197 - INFO - 📊 عدد الإدخالات: 96
2026-02-08 18:23:06,197 - INFO - 📝 أول 3 عينات:
2026-02-08 18:23:06,197 - INFO -   1: device=130600112764 ts=2026-01-30 12:52:41.973957 temp=4.6
2026-02-08 18:23:06,197 - INFO -   2: device=130600112764 ts=2026-01-30 13:07:41.973957 temp=4.65
2026-02-08 18:23:06,198 - INFO -   3: device=130600112764 ts=2026-01-30 13:22:41.973957 temp=5.29
2026-02-08 18:23:06,199 - INFO - تم ربط 3 إدخال، تم تخطي 1
2026-02-08 18:23:06,200 - INFO - تم ربط 3 إدخال، تم تخطي 1
2026-02-08 18:23:06,201 - INFO - تم ربط 0 إدخال، تم تخطي 2
2026-02-08 18:23:06,202 - INFO - تم ربط 0 إدخال، تم تخطي 0
2026-02-08 18:23:06,203 - INFO - تم ربط 0 إدخال، تم تخطي 4
2026-02-08 18:23:06,205 - INFO - تم تحليل 2 إدخال من /tmp/pytest-of-amer11974/pytest-10/test_parse_valid_csv0/data/test_readings.csv
2026-02-08 18:23:06,207 - WARNING - تنسيق غير معروف في /tmp/pytest-of-amer11974/pytest-10/test_parse_invalid_file0/empty.csv
2026-02-08 18:23:06,207 - INFO - تم تحليل 0 إدخال من /tmp/pytest-of-amer11974/pytest-10/test_parse_invalid_file0/empty.csv
2026-02-08 18:23:06,210 - WARNING - تخطي صف 0 في /tmp/pytest-of-amer11974/pytest-10/test_parse_malformed_rows0/data_malformed/bad_readings.csv: could not convert string to float: 'invalid_temp'
2026-02-08 18:23:06,210 - INFO - تم تحليل 1 إدخال من /tmp/pytest-of-amer11974/pytest-10/test_parse_malformed_rows0/data_malformed/bad_readings.csv
2026-02-08 18:23:06,221 - INFO - 📄 إنشاء تقرير PDF احترافي
2026-02-08 18:23:06,221 - INFO - ==================================================
2026-02-08 18:23:06,221 - ERROR - ❌ ملف التقرير غير موجود: data/output/centers_report.tsv
2026-02-08 18:23:06,221 - INFO - ⚠️  قم بتشغيل النظام أولاً:
2026-02-08 18:23:06,221 - INFO -    python -m scripts.run_ft2_pipeline --legacy
2026-02-08 18:23:06,225 - INFO - 📄 إنشاء تقرير PDF احترافي
2026-02-08 18:23:06,225 - INFO - ==================================================
2026-02-08 18:23:06,226 - INFO - 📊 قراءة البيانات من: data/output/centers_report.tsv
2026-02-08 18:23:06,226 - INFO - 🔄 جاري إنشاء التقرير...
2026-02-08 18:23:06,226 - INFO - 
✅ تم إنشاء التقرير بنجاح!
2026-02-08 18:23:06,226 - INFO - 📍 الموقع: /fake/report.pdf
2026-02-08 18:23:06,250 - INFO - 📂 تم فتح التقرير تلقائياً
2026-02-08 18:23:06,275 - INFO - | Test Scenario             | 5.0°C(1.0h) + 15.0°C(24.0h)                   | 1.0    days | NONE  | NO_DATA                        |
2026-02-08 18:23:06,287 - INFO - Mock data created at: data/output/visual_tests/mock_visual_data.tsv
2026-02-08 18:23:06,287 - INFO - ⚠️ رسالة مفقودة: VISUAL_REPORT_OFFICIAL
2026-02-08 18:23:06,288 - INFO - Done: /tmp/pytest-of-amer11974/pytest-10/test_verify_visual_reports_run0/data/output/visual_tests/visual_test_official.pdf
2026-02-08 18:23:06,288 - INFO - ⚠️ رسالة مفقودة: VISUAL_REPORT_TECHNICAL
2026-02-08 18:23:06,288 - INFO - Done: /tmp/pytest-of-amer11974/pytest-10/test_verify_visual_reports_run0/data/output/visual_tests/visual_test_official.pdf
2026-02-08 18:23:06,288 - INFO - ⚠️ رسالة مفقودة: VISUAL_REPORT_ARABIC
2026-02-08 18:23:06,288 - INFO - Done: /tmp/pytest-of-amer11974/pytest-10/test_verify_visual_reports_run0/data/output/visual_tests/visual_test_official.pdf
2026-02-08 18:26:48,081 - INFO - ✅ تم إنشاء تقرير المراكز: /tmp/pytest-of-amer11974/pytest-12/test_centers_report_snapshot0/centers_report.tsv
2026-02-08 18:26:48,097 - INFO - 🧹 تنظيف الملفات التالفة في data/input_ft2
2026-02-08 18:26:48,097 - INFO - 🗑️ تم حذف: bad1.txt (فارغ تماماً)
2026-02-08 18:26:48,098 - INFO - ✅ تم تنظيف 1 ملف.
2026-02-08 18:26:48,099 - INFO - فحص الملفات الخام في: data/input_raw
2026-02-08 18:26:48,099 - INFO - 📄 الملف: test_data.csv
2026-02-08 18:26:48,099 - INFO - تم تحليل 6 إدخال من data/input_raw/test_data.csv
2026-02-08 18:26:48,100 - INFO - 📊 عدد الإدخالات: 6
2026-02-08 18:26:48,100 - INFO - 📝 أول 3 عينات:
2026-02-08 18:26:48,100 - INFO -   1: device=130600112764 ts=2024-01-15 08:00:00 temp=5.2
2026-02-08 18:26:48,100 - INFO -   2: device=130600112764 ts=2024-01-15 12:00:00 temp=4.8
2026-02-08 18:26:48,100 - INFO -   3: device=130600112767 ts=2024-01-15 08:00:00 temp=-1.5
2026-02-08 18:26:48,100 - INFO - 📄 الملف: heat_mobile_130600112769.csv
2026-02-08 18:26:48,101 - INFO - تم تحليل 96 إدخال من data/input_raw/heat_mobile_130600112769.csv
2026-02-08 18:26:48,101 - INFO - 📊 عدد الإدخالات: 96
2026-02-08 18:26:48,101 - INFO - 📝 أول 3 عينات:
2026-02-08 18:26:48,101 - INFO -   1: device=130600112769 ts=2026-01-30 12:52:41.975297 temp=11.98
2026-02-08 18:26:48,101 - INFO -   2: device=130600112769 ts=2026-01-30 13:07:41.975297 temp=11.9
2026-02-08 18:26:48,101 - INFO -   3: device=130600112769 ts=2026-01-30 13:22:41.975297 temp=12.72
2026-02-08 18:26:48,102 - INFO - 📄 الملف: freeze_clinic_130600112767.csv
2026-02-08 18:26:48,102 - INFO - تم تحليل 96 إدخال من data/input_raw/freeze_clinic_130600112767.csv
2026-02-08 18:26:48,102 - INFO - 📊 عدد الإدخالات: 96
2026-02-08 18:26:48,102 - INFO - 📝 أول 3 عينات:
2026-02-08 18:26:48,103 - INFO -   1: device=130600112767 ts=2026-01-30 12:52:41.974660 temp=-1.76
2026-02-08 18:26:48,103 - INFO -   2: device=130600112767 ts=2026-01-30 13:07:41.974660 temp=-2.38
2026-02-08 18:26:48,103 - INFO -   3: device=130600112767 ts=2026-01-30 13:22:41.974660 temp=-2.42
2026-02-08 18:26:48,103 - INFO - 📄 الملف: safe_hospital_130600112764.csv
2026-02-08 18:26:48,103 - INFO - تم تحليل 96 إدخال من data/input_raw/safe_hospital_130600112764.csv
2026-02-08 18:26:48,104 - INFO - 📊 عدد الإدخالات: 96
2026-02-08 18:26:48,104 - INFO - 📝 أول 3 عينات:
2026-02-08 18:26:48,104 - INFO -   1: device=130600112764 ts=2026-01-30 12:52:41.973957 temp=4.6
2026-02-08 18:26:48,104 - INFO -   2: device=130600112764 ts=2026-01-30 13:07:41.973957 temp=4.65
2026-02-08 18:26:48,104 - INFO -   3: device=130600112764 ts=2026-01-30 13:22:41.973957 temp=5.29
2026-02-08 18:26:48,107 - INFO - تم ربط 3 إدخال، تم تخطي 1
2026-02-08 18:26:48,108 - INFO - تم ربط 3 إدخال، تم تخطي 1
2026-02-08 18:26:48,109 - INFO - تم ربط 0 إدخال، تم تخطي 2
2026-02-08 18:26:48,110 - INFO - تم ربط 0 إدخال، تم تخطي 0
2026-02-08 18:26:48,111 - INFO - تم ربط 0 إدخال، تم تخطي 4
2026-02-08 18:26:48,114 - INFO - تم تحليل 2 إدخال من /tmp/pytest-of-amer11974/pytest-12/test_parse_valid_csv0/data/test_readings.csv
2026-02-08 18:26:48,116 - WARNING - تنسيق غير معروف في /tmp/pytest-of-amer11974/pytest-12/test_parse_invalid_file0/empty.csv
2026-02-08 18:26:48,116 - INFO - تم تحليل 0 إدخال من /tmp/pytest-of-amer11974/pytest-12/test_parse_invalid_file0/empty.csv
2026-02-08 18:26:48,119 - WARNING - تخطي صف 0 في /tmp/pytest-of-amer11974/pytest-12/test_parse_malformed_rows0/data_malformed/bad_readings.csv: could not convert string to float: 'invalid_temp'
2026-02-08 18:26:48,119 - INFO - تم تحليل 1 إدخال من /tmp/pytest-of-amer11974/pytest-12/test_parse_malformed_rows0/data_malformed/bad_readings.csv
2026-02-08 18:26:48,134 - INFO - 📄 إنشاء تقرير PDF احترافي
2026-02-08 18:26:48,134 - INFO - ==================================================
2026-02-08 18:26:48,134 - ERROR - ❌ ملف التقرير غير موجود: data/output/centers_report.tsv
2026-02-08 18:26:48,134 - INFO - ⚠️  قم بتشغيل النظام أولاً:
2026-02-08 18:26:48,134 - INFO -    python -m scripts.run_ft2_pipeline --legacy
2026-02-08 18:26:48,139 - INFO - 📄 إنشاء تقرير PDF احترافي
2026-02-08 18:26:48,140 - INFO - ==================================================
2026-02-08 18:26:48,140 - INFO - 📊 قراءة البيانات من: data/output/centers_report.tsv
2026-02-08 18:26:48,140 - INFO - 🔄 جاري إنشاء التقرير...
2026-02-08 18:26:48,140 - INFO - 
✅ تم إنشاء التقرير بنجاح!
2026-02-08 18:26:48,140 - INFO - 📍 الموقع: /fake/report.pdf
2026-02-08 18:26:48,165 - INFO - 📂 تم فتح التقرير تلقائياً
2026-02-08 18:26:48,191 - INFO - | Test Scenario             | 5.0°C(1.0h) + 15.0°C(24.0h)                   | 1.0    days | NONE  | NO_DATA                        |
2026-02-08 18:26:48,201 - INFO - Mock data created at: data/output/visual_tests/mock_visual_data.tsv
2026-02-08 18:26:48,201 - INFO - ⚠️ رسالة مفقودة: VISUAL_REPORT_OFFICIAL
2026-02-08 18:26:48,201 - INFO - Done: /tmp/pytest-of-amer11974/pytest-12/test_verify_visual_reports_run0/data/output/visual_tests/visual_test_official.pdf
2026-02-08 18:26:48,201 - INFO - ⚠️ رسالة مفقودة: VISUAL_REPORT_TECHNICAL
2026-02-08 18:26:48,201 - INFO - Done: /tmp/pytest-of-amer11974/pytest-12/test_verify_visual_reports_run0/data/output/visual_tests/visual_test_official.pdf
2026-02-08 18:26:48,201 - INFO - ⚠️ رسالة مفقودة: VISUAL_REPORT_ARABIC
2026-02-08 18:26:48,201 - INFO - Done: /tmp/pytest-of-amer11974/pytest-12/test_verify_visual_reports_run0/data/output/visual_tests/visual_test_official.pdf
2026-02-09 00:21:45,779 - INFO - ✅ تم إنشاء تقرير المراكز: /tmp/pytest-of-amer11974/pytest-14/test_centers_report_snapshot0/centers_report.tsv
2026-02-09 00:21:45,847 - INFO - 🧹 تنظيف الملفات التالفة في data/input_ft2
2026-02-09 00:21:45,849 - INFO - 🗑️ تم حذف: bad1.txt (فارغ تماماً)
2026-02-09 00:21:45,905 - INFO - ✅ تم تنظيف 1 ملف.
2026-02-09 00:21:45,908 - INFO - فحص الملفات الخام في: data/input_raw
2026-02-09 00:21:45,909 - INFO - 📄 الملف: test_data.csv
2026-02-09 00:21:45,910 - INFO - تم تحليل 6 إدخال من data/input_raw/test_data.csv
2026-02-09 00:21:45,910 - INFO - 📊 عدد الإدخالات: 6
2026-02-09 00:21:45,910 - INFO - 📝 أول 3 عينات:
2026-02-09 00:21:45,911 - INFO -   1: device=130600112764 ts=2024-01-15 08:00:00 temp=5.2
2026-02-09 00:21:45,911 - INFO -   2: device=130600112764 ts=2024-01-15 12:00:00 temp=4.8
2026-02-09 00:21:45,911 - INFO -   3: device=130600112767 ts=2024-01-15 08:00:00 temp=-1.5
2026-02-09 00:21:45,912 - INFO - 📄 الملف: heat_mobile_130600112769.csv
2026-02-09 00:21:45,913 - INFO - تم تحليل 96 إدخال من data/input_raw/heat_mobile_130600112769.csv
2026-02-09 00:21:45,914 - INFO - 📊 عدد الإدخالات: 96
2026-02-09 00:21:45,914 - INFO - 📝 أول 3 عينات:
2026-02-09 00:21:45,914 - INFO -   1: device=130600112769 ts=2026-01-30 12:52:41.975297 temp=11.98
2026-02-09 00:21:45,914 - INFO -   2: device=130600112769 ts=2026-01-30 13:07:41.975297 temp=11.9
2026-02-09 00:21:45,915 - INFO -   3: device=130600112769 ts=2026-01-30 13:22:41.975297 temp=12.72
2026-02-09 00:21:45,915 - INFO - 📄 الملف: freeze_clinic_130600112767.csv
2026-02-09 00:21:45,916 - INFO - تم تحليل 96 إدخال من data/input_raw/freeze_clinic_130600112767.csv
2026-02-09 00:21:45,917 - INFO - 📊 عدد الإدخالات: 96
2026-02-09 00:21:45,917 - INFO - 📝 أول 3 عينات:
2026-02-09 00:21:45,917 - INFO -   1: device=130600112767 ts=2026-01-30 12:52:41.974660 temp=-1.76
2026-02-09 00:21:45,917 - INFO -   2: device=130600112767 ts=2026-01-30 13:07:41.974660 temp=-2.38
2026-02-09 00:21:45,918 - INFO -   3: device=130600112767 ts=2026-01-30 13:22:41.974660 temp=-2.42
2026-02-09 00:21:45,918 - INFO - 📄 الملف: safe_hospital_130600112764.csv
2026-02-09 00:21:45,920 - INFO - تم تحليل 96 إدخال من data/input_raw/safe_hospital_130600112764.csv
2026-02-09 00:21:45,921 - INFO - 📊 عدد الإدخالات: 96
2026-02-09 00:21:45,922 - INFO - 📝 أول 3 عينات:
2026-02-09 00:21:45,922 - INFO -   1: device=130600112764 ts=2026-01-30 12:52:41.973957 temp=4.6
2026-02-09 00:21:45,923 - INFO -   2: device=130600112764 ts=2026-01-30 13:07:41.973957 temp=4.65
2026-02-09 00:21:45,923 - INFO -   3: device=130600112764 ts=2026-01-30 13:22:41.973957 temp=5.29
2026-02-09 00:21:45,927 - INFO - تم ربط 3 إدخال، تم تخطي 1
2026-02-09 00:21:45,929 - INFO - تم ربط 3 إدخال، تم تخطي 1
2026-02-09 00:21:45,931 - INFO - تم ربط 0 إدخال، تم تخطي 2
2026-02-09 00:21:45,932 - INFO - تم ربط 0 إدخال، تم تخطي 0
2026-02-09 00:21:45,934 - INFO - تم ربط 0 إدخال، تم تخطي 4
2026-02-09 00:21:45,938 - INFO - تم تحليل 2 إدخال من /tmp/pytest-of-amer11974/pytest-14/test_parse_valid_csv0/data/test_readings.csv
2026-02-09 00:21:45,940 - WARNING - تنسيق غير معروف في /tmp/pytest-of-amer11974/pytest-14/test_parse_invalid_file0/empty.csv
2026-02-09 00:21:45,940 - INFO - تم تحليل 0 إدخال من /tmp/pytest-of-amer11974/pytest-14/test_parse_invalid_file0/empty.csv
2026-02-09 00:21:45,952 - WARNING - تخطي صف 0 في /tmp/pytest-of-amer11974/pytest-14/test_parse_malformed_rows0/data_malformed/bad_readings.csv: could not convert string to float: 'invalid_temp'
2026-02-09 00:21:45,952 - INFO - تم تحليل 1 إدخال من /tmp/pytest-of-amer11974/pytest-14/test_parse_malformed_rows0/data_malformed/bad_readings.csv
2026-02-09 00:21:45,965 - INFO - 📄 إنشاء تقرير PDF احترافي
2026-02-09 00:21:45,965 - INFO - ==================================================
2026-02-09 00:21:45,966 - ERROR - ❌ ملف التقرير غير موجود: data/output/centers_report.tsv
2026-02-09 00:21:45,966 - INFO - ⚠️  قم بتشغيل النظام أولاً:
2026-02-09 00:21:45,966 - INFO -    python -m scripts.run_ft2_pipeline --legacy
2026-02-09 00:21:45,970 - INFO - 📄 إنشاء تقرير PDF احترافي
2026-02-09 00:21:45,971 - INFO - ==================================================
2026-02-09 00:21:45,971 - INFO - 📊 قراءة البيانات من: data/output/centers_report.tsv
2026-02-09 00:21:45,971 - INFO - 🔄 جاري إنشاء التقرير...
2026-02-09 00:21:45,971 - INFO - 
✅ تم إنشاء التقرير بنجاح!
2026-02-09 00:21:45,971 - INFO - 📍 الموقع: /fake/report.pdf
2026-02-09 00:21:47,986 - INFO - 📂 تم فتح التقرير تلقائياً
2026-02-09 00:21:48,051 - INFO - | Test Scenario             | 5.0°C(1.0h) + 15.0°C(24.0h)                   | 1.0    days | NONE  | NO_DATA                        |
2026-02-09 00:21:48,060 - INFO - Mock data created at: data/output/visual_tests/mock_visual_data.tsv
2026-02-09 00:21:48,060 - INFO - ⚠️ رسالة مفقودة: VISUAL_REPORT_OFFICIAL
2026-02-09 00:21:48,060 - INFO - Done: /tmp/pytest-of-amer11974/pytest-14/test_verify_visual_reports_run0/data/output/visual_tests/visual_test_official.pdf
2026-02-09 00:21:48,061 - INFO - ⚠️ رسالة مفقودة: VISUAL_REPORT_TECHNICAL
2026-02-09 00:21:48,061 - INFO - Done: /tmp/pytest-of-amer11974/pytest-14/test_verify_visual_reports_run0/data/output/visual_tests/visual_test_official.pdf
2026-02-09 00:21:48,061 - INFO - ⚠️ رسالة مفقودة: VISUAL_REPORT_ARABIC
2026-02-09 00:21:48,061 - INFO - Done: /tmp/pytest-of-amer11974/pytest-14/test_verify_visual_reports_run0/data/output/visual_tests/visual_test_official.pdf
2026-02-20 14:26:51,153 - INFO - ✅ تم إنشاء تقرير المراكز: /tmp/pytest-of-amer11974/pytest-1/test_centers_report_snapshot0/centers_report.tsv
2026-02-20 14:26:51,415 - INFO - 🧹 تنظيف الملفات التالفة في data/input_ft2
2026-02-20 14:26:51,416 - INFO - 🗑️ تم حذف: bad1.txt (فارغ تماماً)
2026-02-20 14:26:51,416 - INFO - ✅ تم تنظيف 1 ملف.
2026-02-20 14:26:51,417 - INFO - فحص الملفات الخام في: data/input_raw
2026-02-20 14:26:51,417 - INFO - 📄 الملف: test_data.csv
2026-02-20 14:26:51,418 - INFO - تم تحليل 6 إدخال من data/input_raw/test_data.csv
2026-02-20 14:26:51,418 - INFO - 📊 عدد الإدخالات: 6
2026-02-20 14:26:51,418 - INFO - 📝 أول 3 عينات:
2026-02-20 14:26:51,418 - INFO -   1: device=130600112764 ts=2024-01-15 08:00:00 temp=5.2
2026-02-20 14:26:51,418 - INFO -   2: device=130600112764 ts=2024-01-15 12:00:00 temp=4.8
2026-02-20 14:26:51,419 - INFO -   3: device=130600112767 ts=2024-01-15 08:00:00 temp=-1.5
2026-02-20 14:26:51,419 - INFO - 📄 الملف: heat_mobile_130600112769.csv
2026-02-20 14:26:51,420 - INFO - تم تحليل 96 إدخال من data/input_raw/heat_mobile_130600112769.csv
2026-02-20 14:26:51,420 - INFO - 📊 عدد الإدخالات: 96
2026-02-20 14:26:51,420 - INFO - 📝 أول 3 عينات:
2026-02-20 14:26:51,420 - INFO -   1: device=130600112769 ts=2026-01-30 12:52:41.975297 temp=11.98
2026-02-20 14:26:51,420 - INFO -   2: device=130600112769 ts=2026-01-30 13:07:41.975297 temp=11.9
2026-02-20 14:26:51,421 - INFO -   3: device=130600112769 ts=2026-01-30 13:22:41.975297 temp=12.72
2026-02-20 14:26:51,421 - INFO - 📄 الملف: freeze_clinic_130600112767.csv
2026-02-20 14:26:51,422 - INFO - تم تحليل 96 إدخال من data/input_raw/freeze_clinic_130600112767.csv
2026-02-20 14:26:51,422 - INFO - 📊 عدد الإدخالات: 96
2026-02-20 14:26:51,422 - INFO - 📝 أول 3 عينات:
2026-02-20 14:26:51,422 - INFO -   1: device=130600112767 ts=2026-01-30 12:52:41.974660 temp=-1.76
2026-02-20 14:26:51,422 - INFO -   2: device=130600112767 ts=2026-01-30 13:07:41.974660 temp=-2.38
2026-02-20 14:26:51,422 - INFO -   3: device=130600112767 ts=2026-01-30 13:22:41.974660 temp=-2.42
2026-02-20 14:26:51,422 - INFO - 📄 الملف: safe_hospital_130600112764.csv
2026-02-20 14:26:51,423 - INFO - تم تحليل 96 إدخال من data/input_raw/safe_hospital_130600112764.csv
2026-02-20 14:26:51,423 - INFO - 📊 عدد الإدخالات: 96
2026-02-20 14:26:51,423 - INFO - 📝 أول 3 عينات:
2026-02-20 14:26:51,423 - INFO -   1: device=130600112764 ts=2026-01-30 12:52:41.973957 temp=4.6
2026-02-20 14:26:51,423 - INFO -   2: device=130600112764 ts=2026-01-30 13:07:41.973957 temp=4.65
2026-02-20 14:26:51,424 - INFO -   3: device=130600112764 ts=2026-01-30 13:22:41.973957 temp=5.29
2026-02-20 14:26:51,433 - INFO - تم ربط 3 إدخال، تم تخطي 1
2026-02-20 14:26:51,434 - INFO - تم ربط 3 إدخال، تم تخطي 1
2026-02-20 14:26:51,435 - INFO - تم ربط 0 إدخال، تم تخطي 2
2026-02-20 14:26:51,436 - INFO - تم ربط 0 إدخال، تم تخطي 0
2026-02-20 14:26:51,438 - INFO - تم ربط 0 إدخال، تم تخطي 4
2026-02-20 14:26:51,440 - INFO - تم تحليل 2 إدخال من /tmp/pytest-of-amer11974/pytest-1/test_parse_valid_csv0/data/test_readings.csv
2026-02-20 14:26:51,442 - WARNING - تنسيق غير معروف في /tmp/pytest-of-amer11974/pytest-1/test_parse_invalid_file0/empty.csv
2026-02-20 14:26:51,443 - INFO - تم تحليل 0 إدخال من /tmp/pytest-of-amer11974/pytest-1/test_parse_invalid_file0/empty.csv
2026-02-20 14:26:51,445 - WARNING - تخطي صف 0 في /tmp/pytest-of-amer11974/pytest-1/test_parse_malformed_rows0/data_malformed/bad_readings.csv: could not convert string to float: 'invalid_temp'
2026-02-20 14:26:51,445 - INFO - تم تحليل 1 إدخال من /tmp/pytest-of-amer11974/pytest-1/test_parse_malformed_rows0/data_malformed/bad_readings.csv
2026-02-20 14:26:51,464 - INFO - 📄 إنشاء تقرير PDF احترافي
2026-02-20 14:26:51,464 - INFO - ==================================================
2026-02-20 14:26:51,464 - ERROR - ❌ ملف التقرير غير موجود: data/output/centers_report.tsv
2026-02-20 14:26:51,465 - INFO - ⚠️  قم بتشغيل النظام أولاً:
2026-02-20 14:26:51,465 - INFO -    python -m scripts.run_ft2_pipeline --legacy
2026-02-20 14:26:51,469 - INFO - 📄 إنشاء تقرير PDF احترافي
2026-02-20 14:26:51,469 - INFO - ==================================================
2026-02-20 14:26:51,469 - INFO - 📊 قراءة البيانات من: data/output/centers_report.tsv
2026-02-20 14:26:51,469 - INFO - 🔄 جاري إنشاء التقرير...
2026-02-20 14:26:51,469 - INFO - 
✅ تم إنشاء التقرير بنجاح!
2026-02-20 14:26:51,470 - INFO - 📍 الموقع: /fake/report.pdf
2026-02-20 14:26:52,856 - INFO - 📂 تم فتح التقرير تلقائياً
2026-02-20 14:26:52,996 - INFO - | Test Scenario             | 5.0°C(1.0h) + 15.0°C(24.0h)                   | 1.0    days | NONE  | NO_DATA                        |
2026-02-20 14:26:53,007 - INFO - Mock data created at: data/output/visual_tests/mock_visual_data.tsv
2026-02-20 14:26:53,007 - INFO - ⚠️ رسالة مفقودة: VISUAL_REPORT_OFFICIAL
2026-02-20 14:26:53,007 - INFO - Done: /tmp/pytest-of-amer11974/pytest-1/test_verify_visual_reports_run0/data/output/visual_tests/visual_test_official.pdf
2026-02-20 14:26:53,007 - INFO - ⚠️ رسالة مفقودة: VISUAL_REPORT_TECHNICAL
2026-02-20 14:26:53,007 - INFO - Done: /tmp/pytest-of-amer11974/pytest-1/test_verify_visual_reports_run0/data/output/visual_tests/visual_test_official.pdf
2026-02-20 14:26:53,007 - INFO - ⚠️ رسالة مفقودة: VISUAL_REPORT_ARABIC
2026-02-20 14:26:53,008 - INFO - Done: /tmp/pytest-of-amer11974/pytest-1/test_verify_visual_reports_run0/data/output/visual_tests/visual_test_official.pdf
2026-02-20 14:44:41,943 - INFO - ✅ تم إنشاء تقرير المراكز: /tmp/pytest-of-amer11974/pytest-2/test_centers_report_snapshot0/centers_report.tsv
2026-02-20 14:44:42,043 - INFO - 🧹 تنظيف الملفات التالفة في data/input_ft2
2026-02-20 14:44:42,044 - INFO - 🗑️ تم حذف: bad1.txt (فارغ تماماً)
2026-02-20 14:44:42,045 - INFO - ✅ تم تنظيف 1 ملف.
2026-02-20 14:44:42,047 - INFO - فحص الملفات الخام في: data/input_raw
2026-02-20 14:44:42,048 - INFO - 📄 الملف: test_data.csv
2026-02-20 14:44:42,077 - INFO - تم تحليل 6 إدخال من data/input_raw/test_data.csv
2026-02-20 14:44:42,077 - INFO - 📊 عدد الإدخالات: 6
2026-02-20 14:44:42,077 - INFO - 📝 أول 3 عينات:
2026-02-20 14:44:42,077 - INFO -   1: device=130600112764 ts=2024-01-15 08:00:00 temp=5.2
2026-02-20 14:44:42,078 - INFO -   2: device=130600112764 ts=2024-01-15 12:00:00 temp=4.8
2026-02-20 14:44:42,078 - INFO -   3: device=130600112767 ts=2024-01-15 08:00:00 temp=-1.5
2026-02-20 14:44:42,078 - INFO - 📄 الملف: heat_mobile_130600112769.csv
2026-02-20 14:44:42,091 - INFO - تم تحليل 96 إدخال من data/input_raw/heat_mobile_130600112769.csv
2026-02-20 14:44:42,092 - INFO - 📊 عدد الإدخالات: 96
2026-02-20 14:44:42,092 - INFO - 📝 أول 3 عينات:
2026-02-20 14:44:42,092 - INFO -   1: device=130600112769 ts=2026-01-30 12:52:41.975297 temp=11.98
2026-02-20 14:44:42,092 - INFO -   2: device=130600112769 ts=2026-01-30 13:07:41.975297 temp=11.9
2026-02-20 14:44:42,092 - INFO -   3: device=130600112769 ts=2026-01-30 13:22:41.975297 temp=12.72
2026-02-20 14:44:42,093 - INFO - 📄 الملف: freeze_clinic_130600112767.csv
2026-02-20 14:44:42,094 - INFO - تم تحليل 96 إدخال من data/input_raw/freeze_clinic_130600112767.csv
2026-02-20 14:44:42,094 - INFO - 📊 عدد الإدخالات: 96
2026-02-20 14:44:42,094 - INFO - 📝 أول 3 عينات:
2026-02-20 14:44:42,094 - INFO -   1: device=130600112767 ts=2026-01-30 12:52:41.974660 temp=-1.76
2026-02-20 14:44:42,094 - INFO -   2: device=130600112767 ts=2026-01-30 13:07:41.974660 temp=-2.38
2026-02-20 14:44:42,095 - INFO -   3: device=130600112767 ts=2026-01-30 13:22:41.974660 temp=-2.42
2026-02-20 14:44:42,095 - INFO - 📄 الملف: safe_hospital_130600112764.csv
2026-02-20 14:44:42,096 - INFO - تم تحليل 96 إدخال من data/input_raw/safe_hospital_130600112764.csv
2026-02-20 14:44:42,096 - INFO - 📊 عدد الإدخالات: 96
2026-02-20 14:44:42,096 - INFO - 📝 أول 3 عينات:
2026-02-20 14:44:42,096 - INFO -   1: device=130600112764 ts=2026-01-30 12:52:41.973957 temp=4.6
2026-02-20 14:44:42,096 - INFO -   2: device=130600112764 ts=2026-01-30 13:07:41.973957 temp=4.65
2026-02-20 14:44:42,096 - INFO -   3: device=130600112764 ts=2026-01-30 13:22:41.973957 temp=5.29
2026-02-20 14:44:42,108 - INFO - تم ربط 3 إدخال، تم تخطي 1
2026-02-20 14:44:42,109 - INFO - تم ربط 3 إدخال، تم تخطي 1
2026-02-20 14:44:42,110 - INFO - تم ربط 0 إدخال، تم تخطي 2
2026-02-20 14:44:42,111 - INFO - تم ربط 0 إدخال، تم تخطي 0
2026-02-20 14:44:42,111 - INFO - تم ربط 0 إدخال، تم تخطي 4
2026-02-20 14:44:42,140 - INFO - تم تحليل 2 إدخال من /tmp/pytest-of-amer11974/pytest-2/test_parse_valid_csv0/data/test_readings.csv
2026-02-20 14:44:42,142 - WARNING - تنسيق غير معروف في /tmp/pytest-of-amer11974/pytest-2/test_parse_invalid_file0/empty.csv
2026-02-20 14:44:42,142 - INFO - تم تحليل 0 إدخال من /tmp/pytest-of-amer11974/pytest-2/test_parse_invalid_file0/empty.csv
2026-02-20 14:44:42,144 - WARNING - تخطي صف 0 في /tmp/pytest-of-amer11974/pytest-2/test_parse_malformed_rows0/data_malformed/bad_readings.csv: could not convert string to float: 'invalid_temp'
2026-02-20 14:44:42,145 - INFO - تم تحليل 1 إدخال من /tmp/pytest-of-amer11974/pytest-2/test_parse_malformed_rows0/data_malformed/bad_readings.csv
2026-02-20 14:44:42,163 - INFO - 📄 إنشاء تقرير PDF احترافي
2026-02-20 14:44:42,164 - INFO - ==================================================
2026-02-20 14:44:42,164 - ERROR - ❌ ملف التقرير غير موجود: data/output/centers_report.tsv
2026-02-20 14:44:42,164 - INFO - ⚠️  قم بتشغيل النظام أولاً:
2026-02-20 14:44:42,164 - INFO -    python -m scripts.run_ft2_pipeline --legacy
2026-02-20 14:44:42,185 - INFO - 📄 إنشاء تقرير PDF احترافي
2026-02-20 14:44:42,185 - INFO - ==================================================
2026-02-20 14:44:42,185 - INFO - 📊 قراءة البيانات من: data/output/centers_report.tsv
2026-02-20 14:44:42,186 - INFO - 🔄 جاري إنشاء التقرير...
2026-02-20 14:44:42,186 - INFO - 
✅ تم إنشاء التقرير بنجاح!
2026-02-20 14:44:42,186 - INFO - 📍 الموقع: /fake/report.pdf
2026-02-20 14:44:42,588 - INFO - 📂 تم فتح التقرير تلقائياً
2026-02-20 14:44:55,001 - INFO - | Test Scenario             | 5.0°C(1.0h) + 15.0°C(24.0h)                   | 1.0    days | NONE  | NO_DATA                        |
2026-02-20 14:44:43,014 - INFO - Mock data created at: data/output/visual_tests/mock_visual_data.tsv
2026-02-20 14:44:43,014 - INFO - ⚠️ رسالة مفقودة: VISUAL_REPORT_OFFICIAL
2026-02-20 14:44:43,014 - INFO - Done: /tmp/pytest-of-amer11974/pytest-2/test_verify_visual_reports_run0/data/output/visual_tests/visual_test_official.pdf
2026-02-20 14:44:43,014 - INFO - ⚠️ رسالة مفقودة: VISUAL_REPORT_TECHNICAL
2026-02-20 14:44:43,014 - INFO - Done: /tmp/pytest-of-amer11974/pytest-2/test_verify_visual_reports_run0/data/output/visual_tests/visual_test_official.pdf
2026-02-20 14:44:43,014 - INFO - ⚠️ رسالة مفقودة: VISUAL_REPORT_ARABIC
2026-02-20 14:44:43,014 - INFO - Done: /tmp/pytest-of-amer11974/pytest-2/test_verify_visual_reports_run0/data/output/visual_tests/visual_test_official.pdf
2026-02-20 15:00:04,546 - INFO - ✅ تم إنشاء تقرير المراكز: /tmp/pytest-of-amer11974/pytest-3/test_centers_report_snapshot0/centers_report.tsv
2026-02-20 15:00:04,873 - INFO - 🧹 تنظيف الملفات التالفة في data/input_ft2
2026-02-20 15:00:04,995 - INFO - 🗑️ تم حذف: bad1.txt (فارغ تماماً)
2026-02-20 15:00:05,044 - INFO - ✅ تم تنظيف 1 ملف.
2026-02-20 15:00:05,045 - INFO - فحص الملفات الخام في: data/input_raw
2026-02-20 15:00:05,096 - INFO - 📄 الملف: test_data.csv
2026-02-20 15:00:05,163 - INFO - تم تحليل 6 إدخال من data/input_raw/test_data.csv
2026-02-20 15:00:05,164 - INFO - 📊 عدد الإدخالات: 6
2026-02-20 15:00:05,164 - INFO - 📝 أول 3 عينات:
2026-02-20 15:00:05,164 - INFO -   1: device=130600112764 ts=2024-01-15 08:00:00 temp=5.2
2026-02-20 15:00:05,165 - INFO -   2: device=130600112764 ts=2024-01-15 12:00:00 temp=4.8
2026-02-20 15:00:05,165 - INFO -   3: device=130600112767 ts=2024-01-15 08:00:00 temp=-1.5
2026-02-20 15:00:05,165 - INFO - 📄 الملف: heat_mobile_130600112769.csv
2026-02-20 15:00:05,195 - INFO - تم تحليل 96 إدخال من data/input_raw/heat_mobile_130600112769.csv
2026-02-20 15:00:05,195 - INFO - 📊 عدد الإدخالات: 96
2026-02-20 15:00:05,195 - INFO - 📝 أول 3 عينات:
2026-02-20 15:00:05,195 - INFO -   1: device=130600112769 ts=2026-01-30 12:52:41.975297 temp=11.98
2026-02-20 15:00:05,195 - INFO -   2: device=130600112769 ts=2026-01-30 13:07:41.975297 temp=11.9
2026-02-20 15:00:05,195 - INFO -   3: device=130600112769 ts=2026-01-30 13:22:41.975297 temp=12.72
2026-02-20 15:00:05,196 - INFO - 📄 الملف: freeze_clinic_130600112767.csv
2026-02-20 15:00:05,270 - INFO - تم تحليل 96 إدخال من data/input_raw/freeze_clinic_130600112767.csv
2026-02-20 15:00:05,270 - INFO - 📊 عدد الإدخالات: 96
2026-02-20 15:00:05,270 - INFO - 📝 أول 3 عينات:
2026-02-20 15:00:05,270 - INFO -   1: device=130600112767 ts=2026-01-30 12:52:41.974660 temp=-1.76
2026-02-20 15:00:05,270 - INFO -   2: device=130600112767 ts=2026-01-30 13:07:41.974660 temp=-2.38
2026-02-20 15:00:05,270 - INFO -   3: device=130600112767 ts=2026-01-30 13:22:41.974660 temp=-2.42
2026-02-20 15:00:05,270 - INFO - 📄 الملف: safe_hospital_130600112764.csv
2026-02-20 15:00:05,336 - INFO - تم تحليل 96 إدخال من data/input_raw/safe_hospital_130600112764.csv
2026-02-20 15:00:05,337 - INFO - 📊 عدد الإدخالات: 96
2026-02-20 15:00:05,337 - INFO - 📝 أول 3 عينات:
2026-02-20 15:00:05,338 - INFO -   1: device=130600112764 ts=2026-01-30 12:52:41.973957 temp=4.6
2026-02-20 15:00:05,338 - INFO -   2: device=130600112764 ts=2026-01-30 13:07:41.973957 temp=4.65
2026-02-20 15:00:05,338 - INFO -   3: device=130600112764 ts=2026-01-30 13:22:41.973957 temp=5.29
2026-02-20 15:00:05,437 - INFO - تم ربط 3 إدخال، تم تخطي 1
2026-02-20 15:00:05,439 - INFO - تم ربط 3 إدخال، تم تخطي 1
2026-02-20 15:00:05,440 - INFO - تم ربط 0 إدخال، تم تخطي 2
2026-02-20 15:00:05,441 - INFO - تم ربط 0 إدخال، تم تخطي 0
2026-02-20 15:00:05,442 - INFO - تم ربط 0 إدخال، تم تخطي 4
2026-02-20 15:00:05,444 - INFO - تم تحليل 2 إدخال من /tmp/pytest-of-amer11974/pytest-3/test_parse_valid_csv0/data/test_readings.csv
2026-02-20 15:00:05,447 - WARNING - تنسيق غير معروف في /tmp/pytest-of-amer11974/pytest-3/test_parse_invalid_file0/empty.csv
2026-02-20 15:00:05,447 - INFO - تم تحليل 0 إدخال من /tmp/pytest-of-amer11974/pytest-3/test_parse_invalid_file0/empty.csv
2026-02-20 15:00:05,449 - WARNING - تخطي صف 0 في /tmp/pytest-of-amer11974/pytest-3/test_parse_malformed_rows0/data_malformed/bad_readings.csv: could not convert string to float: 'invalid_temp'
2026-02-20 15:00:05,450 - INFO - تم تحليل 1 إدخال من /tmp/pytest-of-amer11974/pytest-3/test_parse_malformed_rows0/data_malformed/bad_readings.csv
2026-02-20 15:00:05,684 - INFO - 📄 إنشاء تقرير PDF احترافي
2026-02-20 15:00:05,684 - INFO - ==================================================
2026-02-20 15:00:05,685 - ERROR - ❌ ملف التقرير غير موجود: data/output/centers_report.tsv
2026-02-20 15:00:05,685 - INFO - ⚠️  قم بتشغيل النظام أولاً:
2026-02-20 15:00:05,685 - INFO -    python -m scripts.run_ft2_pipeline --legacy
2026-02-20 15:00:05,689 - INFO - 📄 إنشاء تقرير PDF احترافي
2026-02-20 15:00:05,689 - INFO - ==================================================
2026-02-20 15:00:05,689 - INFO - 📊 قراءة البيانات من: data/output/centers_report.tsv
2026-02-20 15:00:05,689 - INFO - 🔄 جاري إنشاء التقرير...
2026-02-20 15:00:05,689 - INFO - 
✅ تم إنشاء التقرير بنجاح!
2026-02-20 15:00:05,689 - INFO - 📍 الموقع: /fake/report.pdf
2026-02-20 15:00:06,685 - INFO - 📂 تم فتح التقرير تلقائياً
2026-02-20 15:00:06,889 - INFO - | Test Scenario             | 5.0°C(1.0h) + 15.0°C(24.0h)                   | 1.0    days | NONE  | NO_DATA                        |
2026-02-20 15:00:06,900 - INFO - Mock data created at: data/output/visual_tests/mock_visual_data.tsv
2026-02-20 15:00:06,900 - INFO - ⚠️ رسالة مفقودة: VISUAL_REPORT_OFFICIAL
2026-02-20 15:00:06,900 - INFO - Done: /tmp/pytest-of-amer11974/pytest-3/test_verify_visual_reports_run0/data/output/visual_tests/visual_test_official.pdf
2026-02-20 15:00:06,901 - INFO - ⚠️ رسالة مفقودة: VISUAL_REPORT_TECHNICAL
2026-02-20 15:00:06,901 - INFO - Done: /tmp/pytest-of-amer11974/pytest-3/test_verify_visual_reports_run0/data/output/visual_tests/visual_test_official.pdf
2026-02-20 15:00:06,901 - INFO - ⚠️ رسالة مفقودة: VISUAL_REPORT_ARABIC
2026-02-20 15:00:06,901 - INFO - Done: /tmp/pytest-of-amer11974/pytest-3/test_verify_visual_reports_run0/data/output/visual_tests/visual_test_official.pdf
2026-02-20 15:28:57,884 - INFO - ✅ تم إنشاء تقرير المراكز: /tmp/pytest-of-amer11974/pytest-4/test_centers_report_snapshot0/centers_report.tsv
2026-02-20 15:28:57,921 - INFO - 🧹 تنظيف الملفات التالفة في data/input_ft2
2026-02-20 15:28:57,922 - INFO - 🗑️ تم حذف: bad1.txt (فارغ تماماً)
2026-02-20 15:28:57,922 - INFO - ✅ تم تنظيف 1 ملف.
2026-02-20 15:28:57,923 - INFO - فحص الملفات الخام في: data/input_raw
2026-02-20 15:28:57,923 - INFO - 📄 الملف: test_data.csv
2026-02-20 15:28:57,924 - INFO - تم تحليل 6 إدخال من data/input_raw/test_data.csv
2026-02-20 15:28:57,924 - INFO - 📊 عدد الإدخالات: 6
2026-02-20 15:28:57,924 - INFO - 📝 أول 3 عينات:
2026-02-20 15:28:57,924 - INFO -   1: device=130600112764 ts=2024-01-15 08:00:00 temp=5.2
2026-02-20 15:28:57,924 - INFO -   2: device=130600112764 ts=2024-01-15 12:00:00 temp=4.8
2026-02-20 15:28:57,924 - INFO -   3: device=130600112767 ts=2024-01-15 08:00:00 temp=-1.5
2026-02-20 15:28:57,924 - INFO - 📄 الملف: heat_mobile_130600112769.csv
2026-02-20 15:28:57,925 - INFO - تم تحليل 96 إدخال من data/input_raw/heat_mobile_130600112769.csv
2026-02-20 15:28:57,925 - INFO - 📊 عدد الإدخالات: 96
2026-02-20 15:28:57,925 - INFO - 📝 أول 3 عينات:
2026-02-20 15:28:57,925 - INFO -   1: device=130600112769 ts=2026-01-30 12:52:41.975297 temp=11.98
2026-02-20 15:28:57,926 - INFO -   2: device=130600112769 ts=2026-01-30 13:07:41.975297 temp=11.9
2026-02-20 15:28:57,926 - INFO -   3: device=130600112769 ts=2026-01-30 13:22:41.975297 temp=12.72
2026-02-20 15:28:57,926 - INFO - 📄 الملف: freeze_clinic_130600112767.csv
2026-02-20 15:28:57,926 - INFO - تم تحليل 96 إدخال من data/input_raw/freeze_clinic_130600112767.csv
2026-02-20 15:28:57,926 - INFO - 📊 عدد الإدخالات: 96
2026-02-20 15:28:57,927 - INFO - 📝 أول 3 عينات:
2026-02-20 15:28:57,927 - INFO -   1: device=130600112767 ts=2026-01-30 12:52:41.974660 temp=-1.76
2026-02-20 15:28:57,927 - INFO -   2: device=130600112767 ts=2026-01-30 13:07:41.974660 temp=-2.38
2026-02-20 15:28:57,927 - INFO -   3: device=130600112767 ts=2026-01-30 13:22:41.974660 temp=-2.42
2026-02-20 15:28:57,927 - INFO - 📄 الملف: safe_hospital_130600112764.csv
2026-02-20 15:28:57,927 - INFO - تم تحليل 96 إدخال من data/input_raw/safe_hospital_130600112764.csv
2026-02-20 15:28:57,928 - INFO - 📊 عدد الإدخالات: 96
2026-02-20 15:28:57,928 - INFO - 📝 أول 3 عينات:
2026-02-20 15:28:57,928 - INFO -   1: device=130600112764 ts=2026-01-30 12:52:41.973957 temp=4.6
2026-02-20 15:28:57,928 - INFO -   2: device=130600112764 ts=2026-01-30 13:07:41.973957 temp=4.65
2026-02-20 15:28:57,928 - INFO -   3: device=130600112764 ts=2026-01-30 13:22:41.973957 temp=5.29
2026-02-20 15:28:57,943 - INFO - تم ربط 3 إدخال، تم تخطي 1
2026-02-20 15:28:57,944 - INFO - تم ربط 3 إدخال، تم تخطي 1
2026-02-20 15:28:57,945 - INFO - تم ربط 0 إدخال، تم تخطي 2
2026-02-20 15:28:57,946 - INFO - تم ربط 0 إدخال، تم تخطي 0
2026-02-20 15:28:57,947 - INFO - تم ربط 0 إدخال، تم تخطي 4
2026-02-20 15:28:57,950 - INFO - تم تحليل 2 إدخال من /tmp/pytest-of-amer11974/pytest-4/test_parse_valid_csv0/data/test_readings.csv
2026-02-20 15:28:58,019 - WARNING - تنسيق غير معروف في /tmp/pytest-of-amer11974/pytest-4/test_parse_invalid_file0/empty.csv
2026-02-20 15:28:58,019 - INFO - تم تحليل 0 إدخال من /tmp/pytest-of-amer11974/pytest-4/test_parse_invalid_file0/empty.csv
2026-02-20 15:28:58,030 - WARNING - تخطي صف 0 في /tmp/pytest-of-amer11974/pytest-4/test_parse_malformed_rows0/data_malformed/bad_readings.csv: could not convert string to float: 'invalid_temp'
2026-02-20 15:28:58,030 - INFO - تم تحليل 1 إدخال من /tmp/pytest-of-amer11974/pytest-4/test_parse_malformed_rows0/data_malformed/bad_readings.csv
2026-02-20 15:28:58,165 - INFO - 📄 إنشاء تقرير PDF احترافي
2026-02-20 15:28:58,165 - INFO - ==================================================
2026-02-20 15:28:58,165 - ERROR - ❌ ملف التقرير غير موجود: data/output/centers_report.tsv
2026-02-20 15:28:58,165 - INFO - ⚠️  قم بتشغيل النظام أولاً:
2026-02-20 15:28:58,165 - INFO -    python -m scripts.run_ft2_pipeline --legacy
2026-02-20 15:28:58,170 - INFO - 📄 إنشاء تقرير PDF احترافي
2026-02-20 15:28:58,171 - INFO - ==================================================
2026-02-20 15:28:58,171 - INFO - 📊 قراءة البيانات من: data/output/centers_report.tsv
2026-02-20 15:28:58,171 - INFO - 🔄 جاري إنشاء التقرير...
2026-02-20 15:28:58,171 - INFO - 
✅ تم إنشاء التقرير بنجاح!
2026-02-20 15:28:58,171 - INFO - 📍 الموقع: /fake/report.pdf
2026-02-20 15:28:59,342 - INFO - 📂 تم فتح التقرير تلقائياً
2026-02-20 15:28:59,469 - INFO - | Test Scenario             | 5.0°C(1.0h) + 15.0°C(24.0h)                   | 1.0    days | NONE  | NO_DATA                        |
2026-02-20 15:28:59,481 - INFO - Mock data created at: data/output/visual_tests/mock_visual_data.tsv
2026-02-20 15:28:59,481 - INFO - ⚠️ رسالة مفقودة: VISUAL_REPORT_OFFICIAL
2026-02-20 15:28:59,481 - INFO - Done: /tmp/pytest-of-amer11974/pytest-4/test_verify_visual_reports_run0/data/output/visual_tests/visual_test_official.pdf
2026-02-20 15:28:59,481 - INFO - ⚠️ رسالة مفقودة: VISUAL_REPORT_TECHNICAL
2026-02-20 15:28:59,481 - INFO - Done: /tmp/pytest-of-amer11974/pytest-4/test_verify_visual_reports_run0/data/output/visual_tests/visual_test_official.pdf
2026-02-20 15:28:59,481 - INFO - ⚠️ رسالة مفقودة: VISUAL_REPORT_ARABIC
2026-02-20 15:28:59,482 - INFO - Done: /tmp/pytest-of-amer11974/pytest-4/test_verify_visual_reports_run0/data/output/visual_tests/visual_test_official.pdf
2026-02-20 15:35:38,738 - INFO - ✅ تم إنشاء تقرير المراكز: /tmp/pytest-of-amer11974/pytest-5/test_centers_report_snapshot0/centers_report.tsv
2026-02-20 15:35:38,754 - INFO - 🧹 تنظيف الملفات التالفة في data/input_ft2
2026-02-20 15:35:38,754 - INFO - 🗑️ تم حذف: bad1.txt (فارغ تماماً)
2026-02-20 15:35:38,754 - INFO - ✅ تم تنظيف 1 ملف.
2026-02-20 15:35:38,755 - INFO - فحص الملفات الخام في: data/input_raw
2026-02-20 15:35:38,756 - INFO - 📄 الملف: test_data.csv
2026-02-20 15:35:38,756 - INFO - تم تحليل 6 إدخال من data/input_raw/test_data.csv
2026-02-20 15:35:38,756 - INFO - 📊 عدد الإدخالات: 6
2026-02-20 15:35:38,756 - INFO - 📝 أول 3 عينات:
2026-02-20 15:35:38,756 - INFO -   1: device=130600112764 ts=2024-01-15 08:00:00 temp=5.2
2026-02-20 15:35:38,757 - INFO -   2: device=130600112764 ts=2024-01-15 12:00:00 temp=4.8
2026-02-20 15:35:38,757 - INFO -   3: device=130600112767 ts=2024-01-15 08:00:00 temp=-1.5
2026-02-20 15:35:38,757 - INFO - 📄 الملف: heat_mobile_130600112769.csv
2026-02-20 15:35:38,757 - INFO - تم تحليل 96 إدخال من data/input_raw/heat_mobile_130600112769.csv
2026-02-20 15:35:38,757 - INFO - 📊 عدد الإدخالات: 96
2026-02-20 15:35:38,758 - INFO - 📝 أول 3 عينات:
2026-02-20 15:35:38,758 - INFO -   1: device=130600112769 ts=2026-01-30 12:52:41.975297 temp=11.98
2026-02-20 15:35:38,758 - INFO -   2: device=130600112769 ts=2026-01-30 13:07:41.975297 temp=11.9
2026-02-20 15:35:38,758 - INFO -   3: device=130600112769 ts=2026-01-30 13:22:41.975297 temp=12.72
2026-02-20 15:35:38,758 - INFO - 📄 الملف: freeze_clinic_130600112767.csv
2026-02-20 15:35:38,759 - INFO - تم تحليل 96 إدخال من data/input_raw/freeze_clinic_130600112767.csv
2026-02-20 15:35:38,759 - INFO - 📊 عدد الإدخالات: 96
2026-02-20 15:35:38,759 - INFO - 📝 أول 3 عينات:
2026-02-20 15:35:38,759 - INFO -   1: device=130600112767 ts=2026-01-30 12:52:41.974660 temp=-1.76
2026-02-20 15:35:38,759 - INFO -   2: device=130600112767 ts=2026-01-30 13:07:41.974660 temp=-2.38
2026-02-20 15:35:38,759 - INFO -   3: device=130600112767 ts=2026-01-30 13:22:41.974660 temp=-2.42
2026-02-20 15:35:38,760 - INFO - 📄 الملف: safe_hospital_130600112764.csv
2026-02-20 15:35:38,760 - INFO - تم تحليل 96 إدخال من data/input_raw/safe_hospital_130600112764.csv
2026-02-20 15:35:38,760 - INFO - 📊 عدد الإدخالات: 96
2026-02-20 15:35:38,760 - INFO - 📝 أول 3 عينات:
2026-02-20 15:35:38,760 - INFO -   1: device=130600112764 ts=2026-01-30 12:52:41.973957 temp=4.6
2026-02-20 15:35:38,761 - INFO -   2: device=130600112764 ts=2026-01-30 13:07:41.973957 temp=4.65
2026-02-20 15:35:38,761 - INFO -   3: device=130600112764 ts=2026-01-30 13:22:41.973957 temp=5.29
2026-02-20 15:35:38,772 - INFO - تم ربط 3 إدخال، تم تخطي 1
2026-02-20 15:35:38,773 - INFO - تم ربط 3 إدخال، تم تخطي 1
2026-02-20 15:35:38,774 - INFO - تم ربط 0 إدخال، تم تخطي 2
2026-02-20 15:35:38,774 - INFO - تم ربط 0 إدخال، تم تخطي 0
2026-02-20 15:35:38,775 - INFO - تم ربط 0 إدخال، تم تخطي 4
2026-02-20 15:35:38,778 - INFO - تم تحليل 2 إدخال من /tmp/pytest-of-amer11974/pytest-5/test_parse_valid_csv0/data/test_readings.csv
2026-02-20 15:35:38,780 - WARNING - تنسيق غير معروف في /tmp/pytest-of-amer11974/pytest-5/test_parse_invalid_file0/empty.csv
2026-02-20 15:35:38,780 - INFO - تم تحليل 0 إدخال من /tmp/pytest-of-amer11974/pytest-5/test_parse_invalid_file0/empty.csv
2026-02-20 15:35:38,783 - WARNING - تخطي صف 0 في /tmp/pytest-of-amer11974/pytest-5/test_parse_malformed_rows0/data_malformed/bad_readings.csv: could not convert string to float: 'invalid_temp'
2026-02-20 15:35:38,783 - INFO - تم تحليل 1 إدخال من /tmp/pytest-of-amer11974/pytest-5/test_parse_malformed_rows0/data_malformed/bad_readings.csv
2026-02-20 15:35:38,787 - INFO - 📄 إنشاء تقرير PDF احترافي
2026-02-20 15:35:38,787 - INFO - ==================================================
2026-02-20 15:35:38,788 - ERROR - ❌ ملف التقرير غير موجود: data/output/centers_report.tsv
2026-02-20 15:35:38,788 - INFO - ⚠️  قم بتشغيل النظام أولاً:
2026-02-20 15:35:38,788 - INFO -    python -m scripts.run_ft2_pipeline --legacy
2026-02-20 15:35:38,792 - INFO - 📄 إنشاء تقرير PDF احترافي
2026-02-20 15:35:38,792 - INFO - ==================================================
2026-02-20 15:35:38,792 - INFO - 📊 قراءة البيانات من: data/output/centers_report.tsv
2026-02-20 15:35:38,792 - INFO - 🔄 جاري إنشاء التقرير...
2026-02-20 15:35:38,792 - INFO - 
✅ تم إنشاء التقرير بنجاح!
2026-02-20 15:35:38,793 - INFO - 📍 الموقع: /fake/report.pdf
2026-02-20 15:35:38,816 - INFO - 📂 تم فتح التقرير تلقائياً
2026-02-20 15:35:38,850 - INFO - | Test Scenario             | 5.0°C(1.0h) + 15.0°C(24.0h)                   | 1.0    days | NONE  | NO_DATA                        |
2026-02-20 15:35:38,860 - INFO - Mock data created at: data/output/visual_tests/mock_visual_data.tsv
2026-02-20 15:35:38,860 - INFO - ⚠️ رسالة مفقودة: VISUAL_REPORT_OFFICIAL
2026-02-20 15:35:38,860 - INFO - Done: /tmp/pytest-of-amer11974/pytest-5/test_verify_visual_reports_run0/data/output/visual_tests/visual_test_official.pdf
2026-02-20 15:35:38,861 - INFO - ⚠️ رسالة مفقودة: VISUAL_REPORT_TECHNICAL
2026-02-20 15:35:38,861 - INFO - Done: /tmp/pytest-of-amer11974/pytest-5/test_verify_visual_reports_run0/data/output/visual_tests/visual_test_official.pdf
2026-02-20 15:35:38,861 - INFO - ⚠️ رسالة مفقودة: VISUAL_REPORT_ARABIC
2026-02-20 15:35:38,861 - INFO - Done: /tmp/pytest-of-amer11974/pytest-5/test_verify_visual_reports_run0/data/output/visual_tests/visual_test_official.pdf
2026-02-20 15:35:40,323 - INFO - ✅ تم إنشاء تقرير المراكز: /tmp/pytest-of-amer11974/pytest-6/test_centers_report_snapshot0/centers_report.tsv
2026-02-20 15:35:40,341 - INFO - 🧹 تنظيف الملفات التالفة في data/input_ft2
2026-02-20 15:35:40,342 - INFO - 🗑️ تم حذف: bad1.txt (فارغ تماماً)
2026-02-20 15:35:40,342 - INFO - ✅ تم تنظيف 1 ملف.
2026-02-20 15:35:40,343 - INFO - فحص الملفات الخام في: data/input_raw
2026-02-20 15:35:40,343 - INFO - 📄 الملف: test_data.csv
2026-02-20 15:35:40,343 - INFO - تم تحليل 6 إدخال من data/input_raw/test_data.csv
2026-02-20 15:35:40,344 - INFO - 📊 عدد الإدخالات: 6
2026-02-20 15:35:40,344 - INFO - 📝 أول 3 عينات:
2026-02-20 15:35:40,344 - INFO -   1: device=130600112764 ts=2024-01-15 08:00:00 temp=5.2
2026-02-20 15:35:40,344 - INFO -   2: device=130600112764 ts=2024-01-15 12:00:00 temp=4.8
2026-02-20 15:35:40,344 - INFO -   3: device=130600112767 ts=2024-01-15 08:00:00 temp=-1.5
2026-02-20 15:35:40,344 - INFO - 📄 الملف: heat_mobile_130600112769.csv
2026-02-20 15:35:40,345 - INFO - تم تحليل 96 إدخال من data/input_raw/heat_mobile_130600112769.csv
2026-02-20 15:35:40,345 - INFO - 📊 عدد الإدخالات: 96
2026-02-20 15:35:40,345 - INFO - 📝 أول 3 عينات:
2026-02-20 15:35:40,345 - INFO -   1: device=130600112769 ts=2026-01-30 12:52:41.975297 temp=11.98
2026-02-20 15:35:40,345 - INFO -   2: device=130600112769 ts=2026-01-30 13:07:41.975297 temp=11.9
2026-02-20 15:35:40,346 - INFO -   3: device=130600112769 ts=2026-01-30 13:22:41.975297 temp=12.72
2026-02-20 15:35:40,346 - INFO - 📄 الملف: freeze_clinic_130600112767.csv
2026-02-20 15:35:40,346 - INFO - تم تحليل 96 إدخال من data/input_raw/freeze_clinic_130600112767.csv
2026-02-20 15:35:40,346 - INFO - 📊 عدد الإدخالات: 96
2026-02-20 15:35:40,346 - INFO - 📝 أول 3 عينات:
2026-02-20 15:35:40,347 - INFO -   1: device=130600112767 ts=2026-01-30 12:52:41.974660 temp=-1.76
2026-02-20 15:35:40,347 - INFO -   2: device=130600112767 ts=2026-01-30 13:07:41.974660 temp=-2.38
2026-02-20 15:35:40,347 - INFO -   3: device=130600112767 ts=2026-01-30 13:22:41.974660 temp=-2.42
2026-02-20 15:35:40,347 - INFO - 📄 الملف: safe_hospital_130600112764.csv
2026-02-20 15:35:40,347 - INFO - تم تحليل 96 إدخال من data/input_raw/safe_hospital_130600112764.csv
2026-02-20 15:35:40,348 - INFO - 📊 عدد الإدخالات: 96
2026-02-20 15:35:40,348 - INFO - 📝 أول 3 عينات:
2026-02-20 15:35:40,348 - INFO -   1: device=130600112764 ts=2026-01-30 12:52:41.973957 temp=4.6
2026-02-20 15:35:40,348 - INFO -   2: device=130600112764 ts=2026-01-30 13:07:41.973957 temp=4.65
2026-02-20 15:35:40,348 - INFO -   3: device=130600112764 ts=2026-01-30 13:22:41.973957 temp=5.29
2026-02-20 15:35:40,362 - INFO - تم ربط 3 إدخال، تم تخطي 1
2026-02-20 15:35:40,363 - INFO - تم ربط 3 إدخال، تم تخطي 1
2026-02-20 15:35:40,364 - INFO - تم ربط 0 إدخال، تم تخطي 2
2026-02-20 15:35:40,366 - INFO - تم ربط 0 إدخال، تم تخطي 0
2026-02-20 15:35:40,367 - INFO - تم ربط 0 إدخال، تم تخطي 4
2026-02-20 15:35:40,371 - INFO - تم تحليل 2 إدخال من /tmp/pytest-of-amer11974/pytest-6/test_parse_valid_csv0/data/test_readings.csv
2026-02-20 15:35:40,373 - WARNING - تنسيق غير معروف في /tmp/pytest-of-amer11974/pytest-6/test_parse_invalid_file0/empty.csv
2026-02-20 15:35:40,373 - INFO - تم تحليل 0 إدخال من /tmp/pytest-of-amer11974/pytest-6/test_parse_invalid_file0/empty.csv
2026-02-20 15:35:40,376 - WARNING - تخطي صف 0 في /tmp/pytest-of-amer11974/pytest-6/test_parse_malformed_rows0/data_malformed/bad_readings.csv: could not convert string to float: 'invalid_temp'
2026-02-20 15:35:40,376 - INFO - تم تحليل 1 إدخال من /tmp/pytest-of-amer11974/pytest-6/test_parse_malformed_rows0/data_malformed/bad_readings.csv
2026-02-20 15:35:40,381 - INFO - 📄 إنشاء تقرير PDF احترافي
2026-02-20 15:35:40,382 - INFO - ==================================================
2026-02-20 15:35:40,382 - ERROR - ❌ ملف التقرير غير موجود: data/output/centers_report.tsv
2026-02-20 15:35:40,382 - INFO - ⚠️  قم بتشغيل النظام أولاً:
2026-02-20 15:35:40,382 - INFO -    python -m scripts.run_ft2_pipeline --legacy
2026-02-20 15:35:40,387 - INFO - 📄 إنشاء تقرير PDF احترافي
2026-02-20 15:35:40,387 - INFO - ==================================================
2026-02-20 15:35:40,388 - INFO - 📊 قراءة البيانات من: data/output/centers_report.tsv
2026-02-20 15:35:40,388 - INFO - 🔄 جاري إنشاء التقرير...
2026-02-20 15:35:40,388 - INFO - 
✅ تم إنشاء التقرير بنجاح!
2026-02-20 15:35:40,388 - INFO - 📍 الموقع: /fake/report.pdf
2026-02-20 15:35:40,412 - INFO - 📂 تم فتح التقرير تلقائياً
2026-02-20 15:35:40,450 - INFO - | Test Scenario             | 5.0°C(1.0h) + 15.0°C(24.0h)                   | 1.0    days | NONE  | NO_DATA                        |
2026-02-20 15:35:40,463 - INFO - Mock data created at: data/output/visual_tests/mock_visual_data.tsv
2026-02-20 15:35:40,463 - INFO - ⚠️ رسالة مفقودة: VISUAL_REPORT_OFFICIAL
2026-02-20 15:35:40,464 - INFO - Done: /tmp/pytest-of-amer11974/pytest-6/test_verify_visual_reports_run0/data/output/visual_tests/visual_test_official.pdf
2026-02-20 15:35:40,464 - INFO - ⚠️ رسالة مفقودة: VISUAL_REPORT_TECHNICAL
2026-02-20 15:35:40,464 - INFO - Done: /tmp/pytest-of-amer11974/pytest-6/test_verify_visual_reports_run0/data/output/visual_tests/visual_test_official.pdf
2026-02-20 15:35:40,464 - INFO - ⚠️ رسالة مفقودة: VISUAL_REPORT_ARABIC
2026-02-20 15:35:40,464 - INFO - Done: /tmp/pytest-of-amer11974/pytest-6/test_verify_visual_reports_run0/data/output/visual_tests/visual_test_official.pdf
2026-02-20 15:39:24,050 - INFO - ✅ تم إنشاء تقرير المراكز: /tmp/pytest-of-amer11974/pytest-8/test_centers_report_snapshot0/centers_report.tsv
2026-02-20 15:39:24,067 - INFO - 🧹 تنظيف الملفات التالفة في data/input_ft2
2026-02-20 15:39:24,068 - INFO - 🗑️ تم حذف: bad1.txt (فارغ تماماً)
2026-02-20 15:39:24,068 - INFO - ✅ تم تنظيف 1 ملف.
2026-02-20 15:39:24,069 - INFO - فحص الملفات الخام في: data/input_raw
2026-02-20 15:39:24,070 - INFO - 📄 الملف: test_data.csv
2026-02-20 15:39:24,070 - INFO - تم تحليل 6 إدخال من data/input_raw/test_data.csv
2026-02-20 15:39:24,070 - INFO - 📊 عدد الإدخالات: 6
2026-02-20 15:39:24,070 - INFO - 📝 أول 3 عينات:
2026-02-20 15:39:24,070 - INFO -   1: device=130600112764 ts=2024-01-15 08:00:00 temp=5.2
2026-02-20 15:39:24,071 - INFO -   2: device=130600112764 ts=2024-01-15 12:00:00 temp=4.8
2026-02-20 15:39:24,071 - INFO -   3: device=130600112767 ts=2024-01-15 08:00:00 temp=-1.5
2026-02-20 15:39:24,071 - INFO - 📄 الملف: heat_mobile_130600112769.csv
2026-02-20 15:39:24,072 - INFO - تم تحليل 96 إدخال من data/input_raw/heat_mobile_130600112769.csv
2026-02-20 15:39:24,073 - INFO - 📊 عدد الإدخالات: 96
2026-02-20 15:39:24,073 - INFO - 📝 أول 3 عينات:
2026-02-20 15:39:24,073 - INFO -   1: device=130600112769 ts=2026-01-30 12:52:41.975297 temp=11.98
2026-02-20 15:39:24,073 - INFO -   2: device=130600112769 ts=2026-01-30 13:07:41.975297 temp=11.9
2026-02-20 15:39:24,073 - INFO -   3: device=130600112769 ts=2026-01-30 13:22:41.975297 temp=12.72
2026-02-20 15:39:24,074 - INFO - 📄 الملف: freeze_clinic_130600112767.csv
2026-02-20 15:39:24,075 - INFO - تم تحليل 96 إدخال من data/input_raw/freeze_clinic_130600112767.csv
2026-02-20 15:39:24,075 - INFO - 📊 عدد الإدخالات: 96
2026-02-20 15:39:24,075 - INFO - 📝 أول 3 عينات:
2026-02-20 15:39:24,075 - INFO -   1: device=130600112767 ts=2026-01-30 12:52:41.974660 temp=-1.76
2026-02-20 15:39:24,075 - INFO -   2: device=130600112767 ts=2026-01-30 13:07:41.974660 temp=-2.38
2026-02-20 15:39:24,075 - INFO -   3: device=130600112767 ts=2026-01-30 13:22:41.974660 temp=-2.42
2026-02-20 15:39:24,075 - INFO - 📄 الملف: safe_hospital_130600112764.csv
2026-02-20 15:39:24,076 - INFO - تم تحليل 96 إدخال من data/input_raw/safe_hospital_130600112764.csv
2026-02-20 15:39:24,076 - INFO - 📊 عدد الإدخالات: 96
2026-02-20 15:39:24,076 - INFO - 📝 أول 3 عينات:
2026-02-20 15:39:24,076 - INFO -   1: device=130600112764 ts=2026-01-30 12:52:41.973957 temp=4.6
2026-02-20 15:39:24,077 - INFO -   2: device=130600112764 ts=2026-01-30 13:07:41.973957 temp=4.65
2026-02-20 15:39:24,077 - INFO -   3: device=130600112764 ts=2026-01-30 13:22:41.973957 temp=5.29
2026-02-20 15:39:24,089 - INFO - تم ربط 3 إدخال، تم تخطي 1
2026-02-20 15:39:24,091 - INFO - تم ربط 3 إدخال، تم تخطي 1
2026-02-20 15:39:24,092 - INFO - تم ربط 0 إدخال، تم تخطي 2
2026-02-20 15:39:24,093 - INFO - تم ربط 0 إدخال، تم تخطي 0
2026-02-20 15:39:24,094 - INFO - تم ربط 0 إدخال، تم تخطي 4
2026-02-20 15:39:24,097 - INFO - تم تحليل 2 إدخال من /tmp/pytest-of-amer11974/pytest-8/test_parse_valid_csv0/data/test_readings.csv
2026-02-20 15:39:24,099 - WARNING - تنسيق غير معروف في /tmp/pytest-of-amer11974/pytest-8/test_parse_invalid_file0/empty.csv
2026-02-20 15:39:24,099 - INFO - تم تحليل 0 إدخال من /tmp/pytest-of-amer11974/pytest-8/test_parse_invalid_file0/empty.csv
2026-02-20 15:39:24,102 - WARNING - تخطي صف 0 في /tmp/pytest-of-amer11974/pytest-8/test_parse_malformed_rows0/data_malformed/bad_readings.csv: could not convert string to float: 'invalid_temp'
2026-02-20 15:39:24,102 - INFO - تم تحليل 1 إدخال من /tmp/pytest-of-amer11974/pytest-8/test_parse_malformed_rows0/data_malformed/bad_readings.csv
2026-02-20 15:39:24,107 - INFO - 📄 إنشاء تقرير PDF احترافي
2026-02-20 15:39:24,108 - INFO - ==================================================
2026-02-20 15:39:24,108 - ERROR - ❌ ملف التقرير غير موجود: data/output/centers_report.tsv
2026-02-20 15:39:24,108 - INFO - ⚠️  قم بتشغيل النظام أولاً:
2026-02-20 15:39:24,108 - INFO -    python -m scripts.run_ft2_pipeline --legacy
2026-02-20 15:39:24,112 - INFO - 📄 إنشاء تقرير PDF احترافي
2026-02-20 15:39:24,112 - INFO - ==================================================
2026-02-20 15:39:24,113 - INFO - 📊 قراءة البيانات من: data/output/centers_report.tsv
2026-02-20 15:39:24,113 - INFO - 🔄 جاري إنشاء التقرير...
2026-02-20 15:39:24,113 - INFO - 
✅ تم إنشاء التقرير بنجاح!
2026-02-20 15:39:24,113 - INFO - 📍 الموقع: /fake/report.pdf
2026-02-20 15:39:24,138 - INFO - 📂 تم فتح التقرير تلقائياً
2026-02-20 15:39:24,177 - INFO - | Test Scenario             | 5.0°C(1.0h) + 15.0°C(24.0h)                   | 1.0    days | NONE  | NO_DATA                        |
2026-02-20 15:39:24,190 - INFO - Mock data created at: data/output/visual_tests/mock_visual_data.tsv
2026-02-20 15:39:24,191 - INFO - ⚠️ رسالة مفقودة: VISUAL_REPORT_OFFICIAL
2026-02-20 15:39:24,191 - INFO - Done: /tmp/pytest-of-amer11974/pytest-8/test_verify_visual_reports_run0/data/output/visual_tests/visual_test_official.pdf
2026-02-20 15:39:24,191 - INFO - ⚠️ رسالة مفقودة: VISUAL_REPORT_TECHNICAL
2026-02-20 15:39:24,191 - INFO - Done: /tmp/pytest-of-amer11974/pytest-8/test_verify_visual_reports_run0/data/output/visual_tests/visual_test_official.pdf
2026-02-20 15:39:24,192 - INFO - ⚠️ رسالة مفقودة: VISUAL_REPORT_ARABIC
2026-02-20 15:39:24,192 - INFO - Done: /tmp/pytest-of-amer11974/pytest-8/test_verify_visual_reports_run0/data/output/visual_tests/visual_test_official.pdf
2026-02-20 18:30:56,787 - INFO - ✅ تم إنشاء تقرير المراكز: /tmp/pytest-of-amer11974/pytest-11/test_centers_report_snapshot0/centers_report.tsv
2026-02-20 18:30:56,934 - INFO - 🧹 تنظيف الملفات التالفة في data/input_ft2
2026-02-20 18:30:56,934 - INFO - 🗑️ تم حذف: bad1.txt (فارغ تماماً)
2026-02-20 18:30:56,935 - INFO - ✅ تم تنظيف 1 ملف.
2026-02-20 18:30:56,936 - INFO - فحص الملفات الخام في: data/input_raw
2026-02-20 18:30:56,936 - INFO - 📄 الملف: test_data.csv
2026-02-20 18:30:56,937 - INFO - تم تحليل 6 إدخال من data/input_raw/test_data.csv
2026-02-20 18:30:56,937 - INFO - 📊 عدد الإدخالات: 6
2026-02-20 18:30:56,937 - INFO - 📝 أول 3 عينات:
2026-02-20 18:30:56,937 - INFO -   1: device=130600112764 ts=2024-01-15 08:00:00 temp=5.2
2026-02-20 18:30:56,937 - INFO -   2: device=130600112764 ts=2024-01-15 12:00:00 temp=4.8
2026-02-20 18:30:56,937 - INFO -   3: device=130600112767 ts=2024-01-15 08:00:00 temp=-1.5
2026-02-20 18:30:56,938 - INFO - 📄 الملف: heat_mobile_130600112769.csv
2026-02-20 18:30:56,938 - INFO - تم تحليل 96 إدخال من data/input_raw/heat_mobile_130600112769.csv
2026-02-20 18:30:56,938 - INFO - 📊 عدد الإدخالات: 96
2026-02-20 18:30:56,938 - INFO - 📝 أول 3 عينات:
2026-02-20 18:30:56,938 - INFO -   1: device=130600112769 ts=2026-01-30 12:52:41.975297 temp=11.98
2026-02-20 18:30:56,939 - INFO -   2: device=130600112769 ts=2026-01-30 13:07:41.975297 temp=11.9
2026-02-20 18:30:56,939 - INFO -   3: device=130600112769 ts=2026-01-30 13:22:41.975297 temp=12.72
2026-02-20 18:30:56,939 - INFO - 📄 الملف: freeze_clinic_130600112767.csv
2026-02-20 18:30:56,939 - INFO - تم تحليل 96 إدخال من data/input_raw/freeze_clinic_130600112767.csv
2026-02-20 18:30:56,940 - INFO - 📊 عدد الإدخالات: 96
2026-02-20 18:30:56,940 - INFO - 📝 أول 3 عينات:
2026-02-20 18:30:56,940 - INFO -   1: device=130600112767 ts=2026-01-30 12:52:41.974660 temp=-1.76
2026-02-20 18:30:56,940 - INFO -   2: device=130600112767 ts=2026-01-30 13:07:41.974660 temp=-2.38
2026-02-20 18:30:56,940 - INFO -   3: device=130600112767 ts=2026-01-30 13:22:41.974660 temp=-2.42
2026-02-20 18:30:56,940 - INFO - 📄 الملف: safe_hospital_130600112764.csv
2026-02-20 18:30:56,941 - INFO - تم تحليل 96 إدخال من data/input_raw/safe_hospital_130600112764.csv
2026-02-20 18:30:56,941 - INFO - 📊 عدد الإدخالات: 96
2026-02-20 18:30:56,941 - INFO - 📝 أول 3 عينات:
2026-02-20 18:30:56,942 - INFO -   1: device=130600112764 ts=2026-01-30 12:52:41.973957 temp=4.6
2026-02-20 18:30:56,942 - INFO -   2: device=130600112764 ts=2026-01-30 13:07:41.973957 temp=4.65
2026-02-20 18:30:56,942 - INFO -   3: device=130600112764 ts=2026-01-30 13:22:41.973957 temp=5.29
2026-02-20 18:30:56,954 - INFO - تم ربط 3 إدخال، تم تخطي 1
2026-02-20 18:30:56,955 - INFO - تم ربط 3 إدخال، تم تخطي 1
2026-02-20 18:30:56,956 - INFO - تم ربط 0 إدخال، تم تخطي 2
2026-02-20 18:30:56,957 - INFO - تم ربط 0 إدخال، تم تخطي 0
2026-02-20 18:30:56,958 - INFO - تم ربط 0 إدخال، تم تخطي 4
2026-02-20 18:30:56,961 - INFO - تم تحليل 2 إدخال من /tmp/pytest-of-amer11974/pytest-11/test_parse_valid_csv0/data/test_readings.csv
2026-02-20 18:30:56,963 - WARNING - تنسيق غير معروف في /tmp/pytest-of-amer11974/pytest-11/test_parse_invalid_file0/empty.csv
2026-02-20 18:30:56,963 - INFO - تم تحليل 0 إدخال من /tmp/pytest-of-amer11974/pytest-11/test_parse_invalid_file0/empty.csv
2026-02-20 18:30:56,966 - WARNING - تخطي صف 0 في /tmp/pytest-of-amer11974/pytest-11/test_parse_malformed_rows0/data_malformed/bad_readings.csv: could not convert string to float: 'invalid_temp'
2026-02-20 18:30:56,966 - INFO - تم تحليل 1 إدخال من /tmp/pytest-of-amer11974/pytest-11/test_parse_malformed_rows0/data_malformed/bad_readings.csv
2026-02-20 18:30:56,970 - INFO - 📄 إنشاء تقرير PDF احترافي
2026-02-20 18:30:56,970 - INFO - ==================================================
2026-02-20 18:30:56,970 - ERROR - ❌ ملف التقرير غير موجود: data/output/centers_report.tsv
2026-02-20 18:30:56,971 - INFO - ⚠️  قم بتشغيل النظام أولاً:
2026-02-20 18:30:56,971 - INFO -    python -m scripts.run_ft2_pipeline --legacy
2026-02-20 18:30:56,982 - INFO - 📄 إنشاء تقرير PDF احترافي
2026-02-20 18:30:56,982 - INFO - ==================================================
2026-02-20 18:30:56,982 - INFO - 📊 قراءة البيانات من: data/output/centers_report.tsv
2026-02-20 18:30:56,983 - INFO - 🔄 جاري إنشاء التقرير...
2026-02-20 18:30:56,983 - INFO - 
✅ تم إنشاء التقرير بنجاح!
2026-02-20 18:30:56,983 - INFO - 📍 الموقع: /fake/report.pdf
2026-02-20 18:30:58,008 - INFO - 📂 تم فتح التقرير تلقائياً
2026-02-20 18:30:58,157 - INFO - | Test Scenario             | 5.0°C(1.0h) + 15.0°C(24.0h)                   | 1.0    days | NONE  | NO_DATA                        |
2026-02-20 18:30:58,169 - INFO - Mock data created at: data/output/visual_tests/mock_visual_data.tsv
2026-02-20 18:30:58,169 - INFO - ⚠️ رسالة مفقودة: VISUAL_REPORT_OFFICIAL
2026-02-20 18:30:58,169 - INFO - Done: /tmp/pytest-of-amer11974/pytest-11/test_verify_visual_reports_run0/data/output/visual_tests/visual_test_official.pdf
2026-02-20 18:30:58,169 - INFO - ⚠️ رسالة مفقودة: VISUAL_REPORT_TECHNICAL
2026-02-20 18:30:58,169 - INFO - Done: /tmp/pytest-of-amer11974/pytest-11/test_verify_visual_reports_run0/data/output/visual_tests/visual_test_official.pdf
2026-02-20 18:30:58,169 - INFO - ⚠️ رسالة مفقودة: VISUAL_REPORT_ARABIC
2026-02-20 18:30:58,170 - INFO - Done: /tmp/pytest-of-amer11974/pytest-11/test_verify_visual_reports_run0/data/output/visual_tests/visual_test_official.pdf
2026-02-24 22:57:56,273 - INFO - 🧹 تنظيف الملفات التالفة في data/input_ft2
2026-02-24 22:57:56,288 - INFO - 🗑️ تم حذف: bad1.txt (فارغ تماماً)
2026-02-24 22:57:56,288 - INFO - ✅ تم تنظيف 1 ملف.
2026-02-24 22:57:56,291 - INFO - فحص الملفات الخام في: data/input_raw
2026-02-24 22:57:56,291 - INFO - 📄 الملف: test_data.csv
2026-02-24 22:57:56,297 - INFO - تم تحليل 6 إدخال من data/input_raw/test_data.csv
2026-02-24 22:57:56,297 - INFO - 📊 عدد الإدخالات: 6
2026-02-24 22:57:56,298 - INFO - 📝 أول 3 عينات:
2026-02-24 22:57:56,298 - INFO -   1: device=130600112764 ts=2024-01-15 08:00:00 temp=5.2
2026-02-24 22:57:56,298 - INFO -   2: device=130600112764 ts=2024-01-15 12:00:00 temp=4.8
2026-02-24 22:57:56,298 - INFO -   3: device=130600112767 ts=2024-01-15 08:00:00 temp=-1.5
2026-02-24 22:57:56,298 - INFO - 📄 الملف: heat_mobile_130600112769.csv
2026-02-24 22:57:56,313 - INFO - تم تحليل 96 إدخال من data/input_raw/heat_mobile_130600112769.csv
2026-02-24 22:57:56,314 - INFO - 📊 عدد الإدخالات: 96
2026-02-24 22:57:56,314 - INFO - 📝 أول 3 عينات:
2026-02-24 22:57:56,314 - INFO -   1: device=130600112769 ts=2026-01-30 12:52:41.975297 temp=11.98
2026-02-24 22:57:56,314 - INFO -   2: device=130600112769 ts=2026-01-30 13:07:41.975297 temp=11.9
2026-02-24 22:57:56,314 - INFO -   3: device=130600112769 ts=2026-01-30 13:22:41.975297 temp=12.72
2026-02-24 22:57:56,315 - INFO - 📄 الملف: freeze_clinic_130600112767.csv
2026-02-24 22:57:56,316 - INFO - تم تحليل 96 إدخال من data/input_raw/freeze_clinic_130600112767.csv
2026-02-24 22:57:56,316 - INFO - 📊 عدد الإدخالات: 96
2026-02-24 22:57:56,317 - INFO - 📝 أول 3 عينات:
2026-02-24 22:57:56,317 - INFO -   1: device=130600112767 ts=2026-01-30 12:52:41.974660 temp=-1.76
2026-02-24 22:57:56,317 - INFO -   2: device=130600112767 ts=2026-01-30 13:07:41.974660 temp=-2.38
2026-02-24 22:57:56,317 - INFO -   3: device=130600112767 ts=2026-01-30 13:22:41.974660 temp=-2.42
2026-02-24 22:57:56,317 - INFO - 📄 الملف: safe_hospital_130600112764.csv
2026-02-24 22:57:56,319 - INFO - تم تحليل 96 إدخال من data/input_raw/safe_hospital_130600112764.csv
2026-02-24 22:57:56,319 - INFO - 📊 عدد الإدخالات: 96
2026-02-24 22:57:56,319 - INFO - 📝 أول 3 عينات:
2026-02-24 22:57:56,319 - INFO -   1: device=130600112764 ts=2026-01-30 12:52:41.973957 temp=4.6
2026-02-24 22:57:56,320 - INFO -   2: device=130600112764 ts=2026-01-30 13:07:41.973957 temp=4.65
2026-02-24 22:57:56,320 - INFO -   3: device=130600112764 ts=2026-01-30 13:22:41.973957 temp=5.29
2026-02-24 22:57:56,600 - INFO - تم ربط 3 إدخال، تم تخطي 1
2026-02-24 22:57:56,606 - INFO - تم ربط 3 إدخال، تم تخطي 1
2026-02-24 22:57:56,608 - INFO - تم ربط 0 إدخال، تم تخطي 2
2026-02-24 22:57:56,610 - INFO - تم ربط 0 إدخال، تم تخطي 0
2026-02-24 22:57:56,612 - INFO - تم ربط 0 إدخال، تم تخطي 4
2026-02-24 22:57:56,933 - INFO - تم تحليل 2 إدخال من /tmp/pytest-of-amer11974/pytest-1/test_parse_valid_csv0/data/test_readings.csv
2026-02-24 22:57:56,937 - WARNING - تنسيق غير معروف في /tmp/pytest-of-amer11974/pytest-1/test_parse_invalid_file0/empty.csv
2026-02-24 22:57:56,937 - INFO - تم تحليل 0 إدخال من /tmp/pytest-of-amer11974/pytest-1/test_parse_invalid_file0/empty.csv
2026-02-24 22:57:57,020 - WARNING - تخطي صف 0 في /tmp/pytest-of-amer11974/pytest-1/test_parse_malformed_rows0/data_malformed/bad_readings.csv: could not convert string to float: 'invalid_temp'
2026-02-24 22:57:57,020 - INFO - تم تحليل 1 إدخال من /tmp/pytest-of-amer11974/pytest-1/test_parse_malformed_rows0/data_malformed/bad_readings.csv
2026-02-24 22:57:57,033 - INFO - 📄 إنشاء تقرير PDF احترافي
2026-02-24 22:57:57,033 - INFO - ==================================================
2026-02-24 22:57:57,033 - ERROR - ❌ ملف التقرير غير موجود: data/output/centers_report.tsv
2026-02-24 22:57:57,034 - INFO - ⚠️  قم بتشغيل النظام أولاً:
2026-02-24 22:57:57,034 - INFO -    python -m scripts.run_ft2_pipeline --legacy
2026-02-24 22:58:08,031 - INFO - 📄 إنشاء تقرير PDF احترافي
2026-02-24 22:58:08,031 - INFO - ==================================================
2026-02-24 22:58:08,032 - INFO - 📊 قراءة البيانات من: data/output/centers_report.tsv
2026-02-24 22:58:08,032 - INFO - 🔄 جاري إنشاء التقرير...
2026-02-24 22:58:08,032 - INFO - 
✅ تم إنشاء التقرير بنجاح!
2026-02-24 22:58:08,032 - INFO - 📍 الموقع: /fake/report.pdf
2026-02-24 22:58:11,570 - INFO - 📂 تم فتح التقرير تلقائياً
2026-02-24 22:58:11,993 - INFO - | Test Scenario             | 5.0°C(1.0h) + 15.0°C(24.0h)                   | 1.0    days | NONE  | NO_DATA                        |
2026-02-24 22:58:12,019 - INFO - Mock data created at: data/output/visual_tests/mock_visual_data.tsv
2026-02-24 22:58:12,019 - INFO - ⚠️ رسالة مفقودة: VISUAL_REPORT_OFFICIAL
2026-02-24 22:58:12,019 - INFO - Done: /tmp/pytest-of-amer11974/pytest-1/test_verify_visual_reports_run0/data/output/visual_tests/visual_test_official.pdf
2026-02-24 22:58:12,020 - INFO - ⚠️ رسالة مفقودة: VISUAL_REPORT_TECHNICAL
2026-02-24 22:58:12,020 - INFO - Done: /tmp/pytest-of-amer11974/pytest-1/test_verify_visual_reports_run0/data/output/visual_tests/visual_test_official.pdf
2026-02-24 22:58:12,020 - INFO - ⚠️ رسالة مفقودة: VISUAL_REPORT_ARABIC
2026-02-24 22:58:12,020 - INFO - Done: /tmp/pytest-of-amer11974/pytest-1/test_verify_visual_reports_run0/data/output/visual_tests/visual_test_official.pdf
2026-02-25 02:48:10,894 - INFO - ✅ تم إنشاء تقرير المراكز: /tmp/pytest-of-amer11974/pytest-12/test_centers_report_snapshot0/centers_report.tsv
2026-02-25 02:48:13,622 - INFO - 🧹 تنظيف الملفات التالفة في data/input_ft2
2026-02-25 02:48:13,622 - INFO - 🗑️ تم حذف: bad1.txt (فارغ تماماً)
2026-02-25 02:48:13,623 - INFO - ✅ تم تنظيف 1 ملف.
2026-02-25 02:48:13,624 - INFO - فحص الملفات الخام في: data/input_raw
2026-02-25 02:48:13,625 - INFO - 📄 الملف: test_data.csv
2026-02-25 02:48:13,625 - INFO - تم تحليل 6 إدخال من data/input_raw/test_data.csv
2026-02-25 02:48:13,625 - INFO - 📊 عدد الإدخالات: 6
2026-02-25 02:48:13,625 - INFO - 📝 أول 3 عينات:
2026-02-25 02:48:13,626 - INFO -   1: device=130600112764 ts=2024-01-15 08:00:00 temp=5.2
2026-02-25 02:48:13,626 - INFO -   2: device=130600112764 ts=2024-01-15 12:00:00 temp=4.8
2026-02-25 02:48:13,626 - INFO -   3: device=130600112767 ts=2024-01-15 08:00:00 temp=-1.5
2026-02-25 02:48:13,626 - INFO - 📄 الملف: heat_mobile_130600112769.csv
2026-02-25 02:48:13,627 - INFO - تم تحليل 96 إدخال من data/input_raw/heat_mobile_130600112769.csv
2026-02-25 02:48:13,627 - INFO - 📊 عدد الإدخالات: 96
2026-02-25 02:48:13,628 - INFO - 📝 أول 3 عينات:
2026-02-25 02:48:13,628 - INFO -   1: device=130600112769 ts=2026-01-30 12:52:41.975297 temp=11.98
2026-02-25 02:48:13,628 - INFO -   2: device=130600112769 ts=2026-01-30 13:07:41.975297 temp=11.9
2026-02-25 02:48:13,628 - INFO -   3: device=130600112769 ts=2026-01-30 13:22:41.975297 temp=12.72
2026-02-25 02:48:13,629 - INFO - 📄 الملف: freeze_clinic_130600112767.csv
2026-02-25 02:48:13,629 - INFO - تم تحليل 96 إدخال من data/input_raw/freeze_clinic_130600112767.csv
2026-02-25 02:48:13,629 - INFO - 📊 عدد الإدخالات: 96
2026-02-25 02:48:13,630 - INFO - 📝 أول 3 عينات:
2026-02-25 02:48:13,630 - INFO -   1: device=130600112767 ts=2026-01-30 12:52:41.974660 temp=-1.76
2026-02-25 02:48:13,630 - INFO -   2: device=130600112767 ts=2026-01-30 13:07:41.974660 temp=-2.38
2026-02-25 02:48:13,630 - INFO -   3: device=130600112767 ts=2026-01-30 13:22:41.974660 temp=-2.42
2026-02-25 02:48:13,631 - INFO - 📄 الملف: safe_hospital_130600112764.csv
2026-02-25 02:48:13,631 - INFO - تم تحليل 96 إدخال من data/input_raw/safe_hospital_130600112764.csv
2026-02-25 02:48:13,631 - INFO - 📊 عدد الإدخالات: 96
2026-02-25 02:48:13,632 - INFO - 📝 أول 3 عينات:
2026-02-25 02:48:13,632 - INFO -   1: device=130600112764 ts=2026-01-30 12:52:41.973957 temp=4.6
2026-02-25 02:48:13,632 - INFO -   2: device=130600112764 ts=2026-01-30 13:07:41.973957 temp=4.65
2026-02-25 02:48:13,632 - INFO -   3: device=130600112764 ts=2026-01-30 13:22:41.973957 temp=5.29
2026-02-25 02:48:13,647 - INFO - تم ربط 3 إدخال، تم تخطي 1
2026-02-25 02:48:13,648 - INFO - تم ربط 3 إدخال، تم تخطي 1
2026-02-25 02:48:13,650 - INFO - تم ربط 0 إدخال، تم تخطي 2
2026-02-25 02:48:13,651 - INFO - تم ربط 0 إدخال، تم تخطي 0
2026-02-25 02:48:13,652 - INFO - تم ربط 0 إدخال، تم تخطي 4
2026-02-25 02:48:13,655 - INFO - تم تحليل 2 إدخال من /tmp/pytest-of-amer11974/pytest-12/test_parse_valid_csv0/data/test_readings.csv
2026-02-25 02:48:13,658 - WARNING - تنسيق غير معروف في /tmp/pytest-of-amer11974/pytest-12/test_parse_invalid_file0/empty.csv
2026-02-25 02:48:13,658 - INFO - تم تحليل 0 إدخال من /tmp/pytest-of-amer11974/pytest-12/test_parse_invalid_file0/empty.csv
2026-02-25 02:48:13,661 - WARNING - تخطي صف 0 في /tmp/pytest-of-amer11974/pytest-12/test_parse_malformed_rows0/data_malformed/bad_readings.csv: could not convert string to float: 'invalid_temp'
2026-02-25 02:48:13,662 - INFO - تم تحليل 1 إدخال من /tmp/pytest-of-amer11974/pytest-12/test_parse_malformed_rows0/data_malformed/bad_readings.csv
2026-02-25 02:48:13,668 - INFO - 📄 إنشاء تقرير PDF احترافي
2026-02-25 02:48:13,668 - INFO - ==================================================
2026-02-25 02:48:13,668 - ERROR - ❌ ملف التقرير غير موجود: data/output/centers_report.tsv
2026-02-25 02:48:13,668 - INFO - ⚠️  قم بتشغيل النظام أولاً:
2026-02-25 02:48:13,668 - INFO -    python -m scripts.run_ft2_pipeline --legacy
2026-02-25 02:48:13,674 - INFO - 📄 إنشاء تقرير PDF احترافي
2026-02-25 02:48:13,675 - INFO - ==================================================
2026-02-25 02:48:13,675 - INFO - 📊 قراءة البيانات من: data/output/centers_report.tsv
2026-02-25 02:48:13,675 - INFO - 🔄 جاري إنشاء التقرير...
2026-02-25 02:48:13,675 - INFO - 
✅ تم إنشاء التقرير بنجاح!
2026-02-25 02:48:13,675 - INFO - 📍 الموقع: /fake/report.pdf
2026-02-25 02:48:15,002 - INFO - 📂 تم فتح التقرير تلقائياً
2026-02-25 02:48:15,138 - INFO - | Test Scenario             | 5.0°C(1.0h) + 15.0°C(24.0h)                   | 1.0    days | NONE  | NO_DATA                        |
2026-02-25 02:48:15,151 - INFO - Mock data created at: data/output/visual_tests/mock_visual_data.tsv
2026-02-25 02:48:15,151 - INFO - ⚠️ رسالة مفقودة: VISUAL_REPORT_OFFICIAL
2026-02-25 02:48:15,152 - INFO - Done: /tmp/pytest-of-amer11974/pytest-12/test_verify_visual_reports_run0/data/output/visual_tests/visual_test_official.pdf
2026-02-25 02:48:15,152 - INFO - ⚠️ رسالة مفقودة: VISUAL_REPORT_TECHNICAL
2026-02-25 02:48:15,152 - INFO - Done: /tmp/pytest-of-amer11974/pytest-12/test_verify_visual_reports_run0/data/output/visual_tests/visual_test_official.pdf
2026-02-25 02:48:15,152 - INFO - ⚠️ رسالة مفقودة: VISUAL_REPORT_ARABIC
2026-02-25 02:48:15,152 - INFO - Done: /tmp/pytest-of-amer11974/pytest-12/test_verify_visual_reports_run0/data/output/visual_tests/visual_test_official.pdf
2026-02-25 02:48:59,862 - INFO - 🧹 تنظيف الملفات التالفة في data/input_ft2
2026-02-25 02:48:59,862 - INFO - 🗑️ تم حذف: bad1.txt (فارغ تماماً)
2026-02-25 02:48:59,863 - INFO - ✅ تم تنظيف 1 ملف.
2026-02-25 02:48:59,864 - INFO - فحص الملفات الخام في: data/input_raw
2026-02-25 02:48:59,865 - INFO - 📄 الملف: test_data.csv
2026-02-25 02:48:59,865 - INFO - تم تحليل 6 إدخال من data/input_raw/test_data.csv
2026-02-25 02:48:59,865 - INFO - 📊 عدد الإدخالات: 6
2026-02-25 02:48:59,866 - INFO - 📝 أول 3 عينات:
2026-02-25 02:48:59,866 - INFO -   1: device=130600112764 ts=2024-01-15 08:00:00 temp=5.2
2026-02-25 02:48:59,866 - INFO -   2: device=130600112764 ts=2024-01-15 12:00:00 temp=4.8
2026-02-25 02:48:59,866 - INFO -   3: device=130600112767 ts=2024-01-15 08:00:00 temp=-1.5
2026-02-25 02:48:59,867 - INFO - 📄 الملف: heat_mobile_130600112769.csv
2026-02-25 02:48:59,868 - INFO - تم تحليل 96 إدخال من data/input_raw/heat_mobile_130600112769.csv
2026-02-25 02:48:59,868 - INFO - 📊 عدد الإدخالات: 96
2026-02-25 02:48:59,868 - INFO - 📝 أول 3 عينات:
2026-02-25 02:48:59,868 - INFO -   1: device=130600112769 ts=2026-01-30 12:52:41.975297 temp=11.98
2026-02-25 02:48:59,868 - INFO -   2: device=130600112769 ts=2026-01-30 13:07:41.975297 temp=11.9
2026-02-25 02:48:59,869 - INFO -   3: device=130600112769 ts=2026-01-30 13:22:41.975297 temp=12.72
2026-02-25 02:48:59,869 - INFO - 📄 الملف: freeze_clinic_130600112767.csv
2026-02-25 02:48:59,869 - INFO - تم تحليل 96 إدخال من data/input_raw/freeze_clinic_130600112767.csv
2026-02-25 02:48:59,870 - INFO - 📊 عدد الإدخالات: 96
2026-02-25 02:48:59,870 - INFO - 📝 أول 3 عينات:
2026-02-25 02:48:59,870 - INFO -   1: device=130600112767 ts=2026-01-30 12:52:41.974660 temp=-1.76
2026-02-25 02:48:59,870 - INFO -   2: device=130600112767 ts=2026-01-30 13:07:41.974660 temp=-2.38
2026-02-25 02:48:59,870 - INFO -   3: device=130600112767 ts=2026-01-30 13:22:41.974660 temp=-2.42
2026-02-25 02:48:59,870 - INFO - 📄 الملف: safe_hospital_130600112764.csv
2026-02-25 02:48:59,871 - INFO - تم تحليل 96 إدخال من data/input_raw/safe_hospital_130600112764.csv
2026-02-25 02:48:59,871 - INFO - 📊 عدد الإدخالات: 96
2026-02-25 02:48:59,871 - INFO - 📝 أول 3 عينات:
2026-02-25 02:48:59,871 - INFO -   1: device=130600112764 ts=2026-01-30 12:52:41.973957 temp=4.6
2026-02-25 02:48:59,871 - INFO -   2: device=130600112764 ts=2026-01-30 13:07:41.973957 temp=4.65
2026-02-25 02:48:59,872 - INFO -   3: device=130600112764 ts=2026-01-30 13:22:41.973957 temp=5.29
2026-02-25 02:48:59,886 - INFO - تم ربط 3 إدخال، تم تخطي 1
2026-02-25 02:48:59,887 - INFO - تم ربط 3 إدخال، تم تخطي 1
2026-02-25 02:48:59,889 - INFO - تم ربط 0 إدخال، تم تخطي 2
2026-02-25 02:48:59,890 - INFO - تم ربط 0 إدخال، تم تخطي 0
2026-02-25 02:48:59,891 - INFO - تم ربط 0 إدخال، تم تخطي 4
2026-02-25 02:48:59,895 - INFO - تم تحليل 2 إدخال من /tmp/pytest-of-amer11974/pytest-14/test_parse_valid_csv0/data/test_readings.csv
2026-02-25 02:48:59,898 - WARNING - تنسيق غير معروف في /tmp/pytest-of-amer11974/pytest-14/test_parse_invalid_file0/empty.csv
2026-02-25 02:48:59,898 - INFO - تم تحليل 0 إدخال من /tmp/pytest-of-amer11974/pytest-14/test_parse_invalid_file0/empty.csv
2026-02-25 02:48:59,901 - WARNING - تخطي صف 0 في /tmp/pytest-of-amer11974/pytest-14/test_parse_malformed_rows0/data_malformed/bad_readings.csv: could not convert string to float: 'invalid_temp'
2026-02-25 02:48:59,901 - INFO - تم تحليل 1 إدخال من /tmp/pytest-of-amer11974/pytest-14/test_parse_malformed_rows0/data_malformed/bad_readings.csv
2026-02-25 02:48:59,908 - INFO - 📄 إنشاء تقرير PDF احترافي
2026-02-25 02:48:59,908 - INFO - ==================================================
2026-02-25 02:48:59,908 - ERROR - ❌ ملف التقرير غير موجود: data/output/centers_report.tsv
2026-02-25 02:48:59,909 - INFO - ⚠️  قم بتشغيل النظام أولاً:
2026-02-25 02:48:59,909 - INFO -    python -m scripts.run_ft2_pipeline --legacy
2026-02-25 02:49:00,407 - INFO - 📄 إنشاء تقرير PDF احترافي
2026-02-25 02:49:00,407 - INFO - ==================================================
2026-02-25 02:49:00,407 - INFO - 📊 قراءة البيانات من: data/output/centers_report.tsv
2026-02-25 02:49:00,408 - INFO - 🔄 جاري إنشاء التقرير...
2026-02-25 02:49:00,408 - INFO - 
✅ تم إنشاء التقرير بنجاح!
2026-02-25 02:49:00,408 - INFO - 📍 الموقع: /fake/report.pdf
2026-02-25 02:49:00,435 - INFO - 📂 تم فتح التقرير تلقائياً
2026-02-25 02:49:00,582 - INFO - | Test Scenario             | 5.0°C(1.0h) + 15.0°C(24.0h)                   | 1.0    days | NONE  | NO_DATA                        |
2026-02-25 02:49:00,597 - INFO - Mock data created at: data/output/visual_tests/mock_visual_data.tsv
2026-02-25 02:49:00,597 - INFO - ⚠️ رسالة مفقودة: VISUAL_REPORT_OFFICIAL
2026-02-25 02:49:00,597 - INFO - Done: /tmp/pytest-of-amer11974/pytest-14/test_verify_visual_reports_run0/data/output/visual_tests/visual_test_official.pdf
2026-02-25 02:49:00,597 - INFO - ⚠️ رسالة مفقودة: VISUAL_REPORT_TECHNICAL
2026-02-25 02:49:00,598 - INFO - Done: /tmp/pytest-of-amer11974/pytest-14/test_verify_visual_reports_run0/data/output/visual_tests/visual_test_official.pdf
2026-02-25 02:49:00,598 - INFO - ⚠️ رسالة مفقودة: VISUAL_REPORT_ARABIC
2026-02-25 02:49:00,598 - INFO - Done: /tmp/pytest-of-amer11974/pytest-14/test_verify_visual_reports_run0/data/output/visual_tests/visual_test_official.pdf
2026-02-25 02:54:57,589 - INFO - 🧹 تنظيف الملفات التالفة في data/input_ft2
2026-02-25 02:54:57,589 - INFO - 🗑️ تم حذف: bad1.txt (فارغ تماماً)
2026-02-25 02:54:57,590 - INFO - ✅ تم تنظيف 1 ملف.
2026-02-25 02:54:57,591 - INFO - فحص الملفات الخام في: data/input_raw
2026-02-25 02:54:57,591 - INFO - 📄 الملف: test_data.csv
2026-02-25 02:54:57,591 - INFO - تم تحليل 6 إدخال من data/input_raw/test_data.csv
2026-02-25 02:54:57,592 - INFO - 📊 عدد الإدخالات: 6
2026-02-25 02:54:57,592 - INFO - 📝 أول 3 عينات:
2026-02-25 02:54:57,592 - INFO -   1: device=130600112764 ts=2024-01-15 08:00:00 temp=5.2
2026-02-25 02:54:57,592 - INFO -   2: device=130600112764 ts=2024-01-15 12:00:00 temp=4.8
2026-02-25 02:54:57,592 - INFO -   3: device=130600112767 ts=2024-01-15 08:00:00 temp=-1.5
2026-02-25 02:54:57,593 - INFO - 📄 الملف: heat_mobile_130600112769.csv
2026-02-25 02:54:57,593 - INFO - تم تحليل 96 إدخال من data/input_raw/heat_mobile_130600112769.csv
2026-02-25 02:54:57,594 - INFO - 📊 عدد الإدخالات: 96
2026-02-25 02:54:57,594 - INFO - 📝 أول 3 عينات:
2026-02-25 02:54:57,594 - INFO -   1: device=130600112769 ts=2026-01-30 12:52:41.975297 temp=11.98
2026-02-25 02:54:57,594 - INFO -   2: device=130600112769 ts=2026-01-30 13:07:41.975297 temp=11.9
2026-02-25 02:54:57,594 - INFO -   3: device=130600112769 ts=2026-01-30 13:22:41.975297 temp=12.72
2026-02-25 02:54:57,595 - INFO - 📄 الملف: freeze_clinic_130600112767.csv
2026-02-25 02:54:57,595 - INFO - تم تحليل 96 إدخال من data/input_raw/freeze_clinic_130600112767.csv
2026-02-25 02:54:57,595 - INFO - 📊 عدد الإدخالات: 96
2026-02-25 02:54:57,596 - INFO - 📝 أول 3 عينات:
2026-02-25 02:54:57,596 - INFO -   1: device=130600112767 ts=2026-01-30 12:52:41.974660 temp=-1.76
2026-02-25 02:54:57,596 - INFO -   2: device=130600112767 ts=2026-01-30 13:07:41.974660 temp=-2.38
2026-02-25 02:54:57,596 - INFO -   3: device=130600112767 ts=2026-01-30 13:22:41.974660 temp=-2.42
2026-02-25 02:54:57,596 - INFO - 📄 الملف: safe_hospital_130600112764.csv
2026-02-25 02:54:57,597 - INFO - تم تحليل 96 إدخال من data/input_raw/safe_hospital_130600112764.csv
2026-02-25 02:54:57,597 - INFO - 📊 عدد الإدخالات: 96
2026-02-25 02:54:57,597 - INFO - 📝 أول 3 عينات:
2026-02-25 02:54:57,597 - INFO -   1: device=130600112764 ts=2026-01-30 12:52:41.973957 temp=4.6
2026-02-25 02:54:57,597 - INFO -   2: device=130600112764 ts=2026-01-30 13:07:41.973957 temp=4.65
2026-02-25 02:54:57,598 - INFO -   3: device=130600112764 ts=2026-01-30 13:22:41.973957 temp=5.29
2026-02-25 02:54:57,611 - INFO - تم ربط 3 إدخال، تم تخطي 1
2026-02-25 02:54:57,612 - INFO - تم ربط 3 إدخال، تم تخطي 1
2026-02-25 02:54:57,613 - INFO - تم ربط 0 إدخال، تم تخطي 2
2026-02-25 02:54:57,615 - INFO - تم ربط 0 إدخال، تم تخطي 0
2026-02-25 02:54:57,616 - INFO - تم ربط 0 إدخال، تم تخطي 4
2026-02-25 02:54:57,621 - INFO - تم تحليل 2 إدخال من /tmp/pytest-of-amer11974/pytest-15/test_parse_valid_csv0/data/test_readings.csv
2026-02-25 02:54:57,624 - WARNING - تنسيق غير معروف في /tmp/pytest-of-amer11974/pytest-15/test_parse_invalid_file0/empty.csv
2026-02-25 02:54:57,624 - INFO - تم تحليل 0 إدخال من /tmp/pytest-of-amer11974/pytest-15/test_parse_invalid_file0/empty.csv
2026-02-25 02:54:57,626 - WARNING - تخطي صف 0 في /tmp/pytest-of-amer11974/pytest-15/test_parse_malformed_rows0/data_malformed/bad_readings.csv: could not convert string to float: 'invalid_temp'
2026-02-25 02:54:57,627 - INFO - تم تحليل 1 إدخال من /tmp/pytest-of-amer11974/pytest-15/test_parse_malformed_rows0/data_malformed/bad_readings.csv
2026-02-25 02:54:57,632 - INFO - 📄 إنشاء تقرير PDF احترافي
2026-02-25 02:54:57,633 - INFO - ==================================================
2026-02-25 02:54:57,633 - ERROR - ❌ ملف التقرير غير موجود: data/output/centers_report.tsv
2026-02-25 02:54:57,633 - INFO - ⚠️  قم بتشغيل النظام أولاً:
2026-02-25 02:54:57,633 - INFO -    python -m scripts.run_ft2_pipeline --legacy
2026-02-25 02:54:59,869 - INFO - 📄 إنشاء تقرير PDF احترافي
2026-02-25 02:54:59,869 - INFO - ==================================================
2026-02-25 02:54:59,869 - INFO - 📊 قراءة البيانات من: data/output/centers_report.tsv
2026-02-25 02:54:59,870 - INFO - 🔄 جاري إنشاء التقرير...
2026-02-25 02:54:59,870 - INFO - 
✅ تم إنشاء التقرير بنجاح!
2026-02-25 02:54:59,870 - INFO - 📍 الموقع: /fake/report.pdf
2026-02-25 02:54:59,900 - INFO - 📂 تم فتح التقرير تلقائياً
2026-02-25 02:55:00,926 - INFO - | Test Scenario             | 5.0°C(1.0h) + 15.0°C(24.0h)                   | 1.0    days | NONE  | NO_DATA                        |
2026-02-25 02:55:00,944 - INFO - Mock data created at: data/output/visual_tests/mock_visual_data.tsv
2026-02-25 02:55:00,947 - INFO - ⚠️ رسالة مفقودة: VISUAL_REPORT_OFFICIAL
2026-02-25 02:55:00,948 - INFO - Done: /tmp/pytest-of-amer11974/pytest-15/test_verify_visual_reports_run0/data/output/visual_tests/visual_test_official.pdf
2026-02-25 02:55:00,948 - INFO - ⚠️ رسالة مفقودة: VISUAL_REPORT_TECHNICAL
2026-02-25 02:55:00,948 - INFO - Done: /tmp/pytest-of-amer11974/pytest-15/test_verify_visual_reports_run0/data/output/visual_tests/visual_test_official.pdf
2026-02-25 02:55:00,948 - INFO - ⚠️ رسالة مفقودة: VISUAL_REPORT_ARABIC
2026-02-25 02:55:00,948 - INFO - Done: /tmp/pytest-of-amer11974/pytest-15/test_verify_visual_reports_run0/data/output/visual_tests/visual_test_official.pdf
2026-02-25 03:07:07,676 - INFO - 🧹 تنظيف الملفات التالفة في data/input_ft2
2026-02-25 03:07:07,676 - INFO - 🗑️ تم حذف: bad1.txt (فارغ تماماً)
2026-02-25 03:07:07,676 - INFO - ✅ تم تنظيف 1 ملف.
2026-02-25 03:07:07,678 - INFO - فحص الملفات الخام في: data/input_raw
2026-02-25 03:07:07,679 - INFO - 📄 الملف: test_data.csv
2026-02-25 03:07:07,679 - INFO - تم تحليل 6 إدخال من data/input_raw/test_data.csv
2026-02-25 03:07:07,679 - INFO - 📊 عدد الإدخالات: 6
2026-02-25 03:07:07,680 - INFO - 📝 أول 3 عينات:
2026-02-25 03:07:07,680 - INFO -   1: device=130600112764 ts=2024-01-15 08:00:00 temp=5.2
2026-02-25 03:07:07,680 - INFO -   2: device=130600112764 ts=2024-01-15 12:00:00 temp=4.8
2026-02-25 03:07:07,680 - INFO -   3: device=130600112767 ts=2024-01-15 08:00:00 temp=-1.5
2026-02-25 03:07:07,680 - INFO - 📄 الملف: heat_mobile_130600112769.csv
2026-02-25 03:07:07,681 - INFO - تم تحليل 96 إدخال من data/input_raw/heat_mobile_130600112769.csv
2026-02-25 03:07:07,681 - INFO - 📊 عدد الإدخالات: 96
2026-02-25 03:07:07,682 - INFO - 📝 أول 3 عينات:
2026-02-25 03:07:07,682 - INFO -   1: device=130600112769 ts=2026-01-30 12:52:41.975297 temp=11.98
2026-02-25 03:07:07,682 - INFO -   2: device=130600112769 ts=2026-01-30 13:07:41.975297 temp=11.9
2026-02-25 03:07:07,682 - INFO -   3: device=130600112769 ts=2026-01-30 13:22:41.975297 temp=12.72
2026-02-25 03:07:07,682 - INFO - 📄 الملف: freeze_clinic_130600112767.csv
2026-02-25 03:07:07,683 - INFO - تم تحليل 96 إدخال من data/input_raw/freeze_clinic_130600112767.csv
2026-02-25 03:07:07,683 - INFO - 📊 عدد الإدخالات: 96
2026-02-25 03:07:07,683 - INFO - 📝 أول 3 عينات:
2026-02-25 03:07:07,683 - INFO -   1: device=130600112767 ts=2026-01-30 12:52:41.974660 temp=-1.76
2026-02-25 03:07:07,684 - INFO -   2: device=130600112767 ts=2026-01-30 13:07:41.974660 temp=-2.38
2026-02-25 03:07:07,684 - INFO -   3: device=130600112767 ts=2026-01-30 13:22:41.974660 temp=-2.42
2026-02-25 03:07:07,684 - INFO - 📄 الملف: safe_hospital_130600112764.csv
2026-02-25 03:07:07,684 - INFO - تم تحليل 96 إدخال من data/input_raw/safe_hospital_130600112764.csv
2026-02-25 03:07:07,685 - INFO - 📊 عدد الإدخالات: 96
2026-02-25 03:07:07,685 - INFO - 📝 أول 3 عينات:
2026-02-25 03:07:07,685 - INFO -   1: device=130600112764 ts=2026-01-30 12:52:41.973957 temp=4.6
2026-02-25 03:07:07,685 - INFO -   2: device=130600112764 ts=2026-01-30 13:07:41.973957 temp=4.65
2026-02-25 03:07:07,685 - INFO -   3: device=130600112764 ts=2026-01-30 13:22:41.973957 temp=5.29
2026-02-25 03:07:07,697 - INFO - تم ربط 3 إدخال، تم تخطي 1
2026-02-25 03:07:07,699 - INFO - تم ربط 3 إدخال، تم تخطي 1
2026-02-25 03:07:07,700 - INFO - تم ربط 0 إدخال، تم تخطي 2
2026-02-25 03:07:07,701 - INFO - تم ربط 0 إدخال، تم تخطي 0
2026-02-25 03:07:07,702 - INFO - تم ربط 0 إدخال، تم تخطي 4
2026-02-25 03:07:07,704 - INFO - تم تحليل 2 إدخال من /tmp/pytest-of-amer11974/pytest-18/test_parse_valid_csv0/data/test_readings.csv
2026-02-25 03:07:07,706 - WARNING - تنسيق غير معروف في /tmp/pytest-of-amer11974/pytest-18/test_parse_invalid_file0/empty.csv
2026-02-25 03:07:07,706 - INFO - تم تحليل 0 إدخال من /tmp/pytest-of-amer11974/pytest-18/test_parse_invalid_file0/empty.csv
2026-02-25 03:07:07,709 - WARNING - تخطي صف 0 في /tmp/pytest-of-amer11974/pytest-18/test_parse_malformed_rows0/data_malformed/bad_readings.csv: could not convert string to float: 'invalid_temp'
2026-02-25 03:07:07,709 - INFO - تم تحليل 1 إدخال من /tmp/pytest-of-amer11974/pytest-18/test_parse_malformed_rows0/data_malformed/bad_readings.csv
2026-02-25 03:07:07,715 - INFO - 📄 إنشاء تقرير PDF احترافي
2026-02-25 03:07:07,715 - INFO - ==================================================
2026-02-25 03:07:07,715 - ERROR - ❌ ملف التقرير غير موجود: data/output/centers_report.tsv
2026-02-25 03:07:07,715 - INFO - ⚠️  قم بتشغيل النظام أولاً:
2026-02-25 03:07:07,715 - INFO -    python -m scripts.run_ft2_pipeline --legacy
2026-02-25 03:07:09,977 - INFO - 📄 إنشاء تقرير PDF احترافي
2026-02-25 03:07:09,977 - INFO - ==================================================
2026-02-25 03:07:09,977 - INFO - 📊 قراءة البيانات من: data/output/centers_report.tsv
2026-02-25 03:07:09,977 - INFO - 🔄 جاري إنشاء التقرير...
2026-02-25 03:07:09,978 - INFO - 
✅ تم إنشاء التقرير بنجاح!
2026-02-25 03:07:09,978 - INFO - 📍 الموقع: /fake/report.pdf
2026-02-25 03:07:10,005 - INFO - 📂 تم فتح التقرير تلقائياً
2026-02-25 03:07:10,368 - INFO - | Test Scenario             | 5.0°C(1.0h) + 15.0°C(24.0h)                   | 1.0    days | NONE  | NO_DATA                        |
2026-02-25 03:07:10,381 - INFO - Mock data created at: data/output/visual_tests/mock_visual_data.tsv
2026-02-25 03:07:10,381 - INFO - ⚠️ رسالة مفقودة: VISUAL_REPORT_OFFICIAL
2026-02-25 03:07:10,381 - INFO - Done: /tmp/pytest-of-amer11974/pytest-18/test_verify_visual_reports_run0/data/output/visual_tests/visual_test_official.pdf
2026-02-25 03:07:10,381 - INFO - ⚠️ رسالة مفقودة: VISUAL_REPORT_TECHNICAL
2026-02-25 03:07:10,381 - INFO - Done: /tmp/pytest-of-amer11974/pytest-18/test_verify_visual_reports_run0/data/output/visual_tests/visual_test_official.pdf
2026-02-25 03:07:10,382 - INFO - ⚠️ رسالة مفقودة: VISUAL_REPORT_ARABIC
2026-02-25 03:07:10,382 - INFO - Done: /tmp/pytest-of-amer11974/pytest-18/test_verify_visual_reports_run0/data/output/visual_tests/visual_test_official.pdf
2026-02-26 04:38:27,248 - INFO - ✅ تم إنشاء تقرير المراكز: /tmp/pytest-of-amer11974/pytest-5/test_centers_report_snapshot0/centers_report.tsv
2026-02-26 04:38:30,065 - INFO - 🧹 تنظيف الملفات التالفة في data/input_ft2
2026-02-26 04:38:30,065 - INFO - 🗑️ تم حذف: bad1.txt (فارغ تماماً)
2026-02-26 04:38:30,065 - INFO - ✅ تم تنظيف 1 ملف.
2026-02-26 04:38:30,066 - INFO - فحص الملفات الخام في: data/input_raw
2026-02-26 04:38:30,067 - INFO - 📄 الملف: test_data.csv
2026-02-26 04:38:30,085 - INFO - تم تحليل 6 إدخال من data/input_raw/test_data.csv
2026-02-26 04:38:30,085 - INFO - 📊 عدد الإدخالات: 6
2026-02-26 04:38:30,085 - INFO - 📝 أول 3 عينات:
2026-02-26 04:38:30,086 - INFO -   1: device=130600112764 ts=2024-01-15 08:00:00 temp=5.2
2026-02-26 04:38:30,086 - INFO -   2: device=130600112764 ts=2024-01-15 12:00:00 temp=4.8
2026-02-26 04:38:30,086 - INFO -   3: device=130600112767 ts=2024-01-15 08:00:00 temp=-1.5
2026-02-26 04:38:30,086 - INFO - 📄 الملف: heat_mobile_130600112769.csv
2026-02-26 04:38:30,087 - INFO - تم تحليل 96 إدخال من data/input_raw/heat_mobile_130600112769.csv
2026-02-26 04:38:30,087 - INFO - 📊 عدد الإدخالات: 96
2026-02-26 04:38:30,087 - INFO - 📝 أول 3 عينات:
2026-02-26 04:38:30,087 - INFO -   1: device=130600112769 ts=2026-01-30 12:52:41.975297 temp=11.98
2026-02-26 04:38:30,087 - INFO -   2: device=130600112769 ts=2026-01-30 13:07:41.975297 temp=11.9
2026-02-26 04:38:30,087 - INFO -   3: device=130600112769 ts=2026-01-30 13:22:41.975297 temp=12.72
2026-02-26 04:38:30,088 - INFO - 📄 الملف: freeze_clinic_130600112767.csv
2026-02-26 04:38:30,088 - INFO - تم تحليل 96 إدخال من data/input_raw/freeze_clinic_130600112767.csv
2026-02-26 04:38:30,088 - INFO - 📊 عدد الإدخالات: 96
2026-02-26 04:38:30,089 - INFO - 📝 أول 3 عينات:
2026-02-26 04:38:30,089 - INFO -   1: device=130600112767 ts=2026-01-30 12:52:41.974660 temp=-1.76
2026-02-26 04:38:30,089 - INFO -   2: device=130600112767 ts=2026-01-30 13:07:41.974660 temp=-2.38
2026-02-26 04:38:30,089 - INFO -   3: device=130600112767 ts=2026-01-30 13:22:41.974660 temp=-2.42
2026-02-26 04:38:30,089 - INFO - 📄 الملف: safe_hospital_130600112764.csv
2026-02-26 04:38:30,090 - INFO - تم تحليل 96 إدخال من data/input_raw/safe_hospital_130600112764.csv
2026-02-26 04:38:30,090 - INFO - 📊 عدد الإدخالات: 96
2026-02-26 04:38:30,090 - INFO - 📝 أول 3 عينات:
2026-02-26 04:38:30,090 - INFO -   1: device=130600112764 ts=2026-01-30 12:52:41.973957 temp=4.6
2026-02-26 04:38:30,090 - INFO -   2: device=130600112764 ts=2026-01-30 13:07:41.973957 temp=4.65
2026-02-26 04:38:30,090 - INFO -   3: device=130600112764 ts=2026-01-30 13:22:41.973957 temp=5.29
2026-02-26 04:38:30,101 - INFO - تم ربط 3 إدخال، تم تخطي 1
2026-02-26 04:38:30,102 - INFO - تم ربط 3 إدخال، تم تخطي 1
2026-02-26 04:38:30,103 - INFO - تم ربط 0 إدخال، تم تخطي 2
2026-02-26 04:38:30,104 - INFO - تم ربط 0 إدخال، تم تخطي 0
2026-02-26 04:38:30,105 - INFO - تم ربط 0 إدخال، تم تخطي 4
2026-02-26 04:38:30,107 - INFO - تم تحليل 2 إدخال من /tmp/pytest-of-amer11974/pytest-5/test_parse_valid_csv0/data/test_readings.csv
2026-02-26 04:38:30,109 - WARNING - تنسيق غير معروف في /tmp/pytest-of-amer11974/pytest-5/test_parse_invalid_file0/empty.csv
2026-02-26 04:38:30,109 - INFO - تم تحليل 0 إدخال من /tmp/pytest-of-amer11974/pytest-5/test_parse_invalid_file0/empty.csv
2026-02-26 04:38:30,111 - WARNING - تخطي صف 0 في /tmp/pytest-of-amer11974/pytest-5/test_parse_malformed_rows0/data_malformed/bad_readings.csv: could not convert string to float: 'invalid_temp'
2026-02-26 04:38:30,111 - INFO - تم تحليل 1 إدخال من /tmp/pytest-of-amer11974/pytest-5/test_parse_malformed_rows0/data_malformed/bad_readings.csv
2026-02-26 04:38:30,116 - INFO - 📄 إنشاء تقرير PDF احترافي
2026-02-26 04:38:30,116 - INFO - ==================================================
2026-02-26 04:38:30,116 - ERROR - ❌ ملف التقرير غير موجود: data/output/centers_report.tsv
2026-02-26 04:38:30,116 - INFO - ⚠️  قم بتشغيل النظام أولاً:
2026-02-26 04:38:30,116 - INFO -    python -m scripts.run_ft2_pipeline --legacy
2026-02-26 04:38:30,120 - INFO - 📄 إنشاء تقرير PDF احترافي
2026-02-26 04:38:30,121 - INFO - ==================================================
2026-02-26 04:38:30,121 - INFO - 📊 قراءة البيانات من: data/output/centers_report.tsv
2026-02-26 04:38:30,121 - INFO - 🔄 جاري إنشاء التقرير...
2026-02-26 04:38:30,121 - INFO - 
✅ تم إنشاء التقرير بنجاح!
2026-02-26 04:38:30,121 - INFO - 📍 الموقع: /fake/report.pdf
2026-02-26 04:38:32,494 - INFO - 📂 تم فتح التقرير تلقائياً
2026-02-26 04:38:32,943 - INFO - | Test Scenario             | 5.0°C(1.0h) + 15.0°C(24.0h)                   | 1.0    days | NONE  | NO_DATA                        |
2026-02-26 04:38:32,969 - INFO - Mock data created at: data/output/visual_tests/mock_visual_data.tsv
2026-02-26 04:38:32,969 - INFO - ⚠️ رسالة مفقودة: VISUAL_REPORT_OFFICIAL
2026-02-26 04:38:32,970 - INFO - Done: /tmp/pytest-of-amer11974/pytest-5/test_verify_visual_reports_run0/data/output/visual_tests/visual_test_official.pdf
2026-02-26 04:38:32,970 - INFO - ⚠️ رسالة مفقودة: VISUAL_REPORT_TECHNICAL
2026-02-26 04:38:32,970 - INFO - Done: /tmp/pytest-of-amer11974/pytest-5/test_verify_visual_reports_run0/data/output/visual_tests/visual_test_official.pdf
2026-02-26 04:38:32,970 - INFO - ⚠️ رسالة مفقودة: VISUAL_REPORT_ARABIC
2026-02-26 04:38:32,970 - INFO - Done: /tmp/pytest-of-amer11974/pytest-5/test_verify_visual_reports_run0/data/output/visual_tests/visual_test_official.pdf
2026-02-26 05:02:47,466 - INFO - ✅ تم إنشاء تقرير المراكز: /tmp/pytest-of-amer11974/pytest-8/test_centers_report_snapshot0/centers_report.tsv
2026-02-26 05:02:51,265 - INFO - 🧹 تنظيف الملفات التالفة في data/input_ft2
2026-02-26 05:02:51,265 - INFO - 🗑️ تم حذف: bad1.txt (فارغ تماماً)
2026-02-26 05:02:51,265 - INFO - ✅ تم تنظيف 1 ملف.
2026-02-26 05:02:51,266 - INFO - فحص الملفات الخام في: data/input_raw
2026-02-26 05:02:51,266 - INFO - 📄 الملف: test_data.csv
2026-02-26 05:02:51,267 - INFO - تم تحليل 6 إدخال من data/input_raw/test_data.csv
2026-02-26 05:02:51,267 - INFO - 📊 عدد الإدخالات: 6
2026-02-26 05:02:51,267 - INFO - 📝 أول 3 عينات:
2026-02-26 05:02:51,267 - INFO -   1: device=130600112764 ts=2024-01-15 08:00:00 temp=5.2
2026-02-26 05:02:51,267 - INFO -   2: device=130600112764 ts=2024-01-15 12:00:00 temp=4.8
2026-02-26 05:02:51,267 - INFO -   3: device=130600112767 ts=2024-01-15 08:00:00 temp=-1.5
2026-02-26 05:02:51,267 - INFO - 📄 الملف: heat_mobile_130600112769.csv
2026-02-26 05:02:51,268 - INFO - تم تحليل 96 إدخال من data/input_raw/heat_mobile_130600112769.csv
2026-02-26 05:02:51,268 - INFO - 📊 عدد الإدخالات: 96
2026-02-26 05:02:51,268 - INFO - 📝 أول 3 عينات:
2026-02-26 05:02:51,268 - INFO -   1: device=130600112769 ts=2026-01-30 12:52:41.975297 temp=11.98
2026-02-26 05:02:51,268 - INFO -   2: device=130600112769 ts=2026-01-30 13:07:41.975297 temp=11.9
2026-02-26 05:02:51,268 - INFO -   3: device=130600112769 ts=2026-01-30 13:22:41.975297 temp=12.72
2026-02-26 05:02:51,268 - INFO - 📄 الملف: freeze_clinic_130600112767.csv
2026-02-26 05:02:51,269 - INFO - تم تحليل 96 إدخال من data/input_raw/freeze_clinic_130600112767.csv
2026-02-26 05:02:51,269 - INFO - 📊 عدد الإدخالات: 96
2026-02-26 05:02:51,269 - INFO - 📝 أول 3 عينات:
2026-02-26 05:02:51,269 - INFO -   1: device=130600112767 ts=2026-01-30 12:52:41.974660 temp=-1.76
2026-02-26 05:02:51,270 - INFO -   2: device=130600112767 ts=2026-01-30 13:07:41.974660 temp=-2.38
2026-02-26 05:02:51,270 - INFO -   3: device=130600112767 ts=2026-01-30 13:22:41.974660 temp=-2.42
2026-02-26 05:02:51,270 - INFO - 📄 الملف: safe_hospital_130600112764.csv
2026-02-26 05:02:51,270 - INFO - تم تحليل 96 إدخال من data/input_raw/safe_hospital_130600112764.csv
2026-02-26 05:02:51,270 - INFO - 📊 عدد الإدخالات: 96
2026-02-26 05:02:51,271 - INFO - 📝 أول 3 عينات:
2026-02-26 05:02:51,271 - INFO -   1: device=130600112764 ts=2026-01-30 12:52:41.973957 temp=4.6
2026-02-26 05:02:51,271 - INFO -   2: device=130600112764 ts=2026-01-30 13:07:41.973957 temp=4.65
2026-02-26 05:02:51,271 - INFO -   3: device=130600112764 ts=2026-01-30 13:22:41.973957 temp=5.29
2026-02-26 05:02:51,282 - INFO - تم ربط 3 إدخال، تم تخطي 1
2026-02-26 05:02:51,283 - INFO - تم ربط 3 إدخال، تم تخطي 1
2026-02-26 05:02:51,284 - INFO - تم ربط 0 إدخال، تم تخطي 2
2026-02-26 05:02:51,284 - INFO - تم ربط 0 إدخال، تم تخطي 0
2026-02-26 05:02:51,285 - INFO - تم ربط 0 إدخال، تم تخطي 4
2026-02-26 05:02:51,287 - INFO - تم تحليل 2 إدخال من /tmp/pytest-of-amer11974/pytest-8/test_parse_valid_csv0/data/test_readings.csv
2026-02-26 05:02:51,289 - WARNING - تنسيق غير معروف في /tmp/pytest-of-amer11974/pytest-8/test_parse_invalid_file0/empty.csv
2026-02-26 05:02:51,289 - INFO - تم تحليل 0 إدخال من /tmp/pytest-of-amer11974/pytest-8/test_parse_invalid_file0/empty.csv
2026-02-26 05:02:51,291 - WARNING - تخطي صف 0 في /tmp/pytest-of-amer11974/pytest-8/test_parse_malformed_rows0/data_malformed/bad_readings.csv: could not convert string to float: 'invalid_temp'
2026-02-26 05:02:51,291 - INFO - تم تحليل 1 إدخال من /tmp/pytest-of-amer11974/pytest-8/test_parse_malformed_rows0/data_malformed/bad_readings.csv
2026-02-26 05:02:51,296 - INFO - 📄 إنشاء تقرير PDF احترافي
2026-02-26 05:02:51,297 - INFO - ==================================================
2026-02-26 05:02:51,297 - ERROR - ❌ ملف التقرير غير موجود: data/output/centers_report.tsv
2026-02-26 05:02:51,297 - INFO - ⚠️  قم بتشغيل النظام أولاً:
2026-02-26 05:02:51,297 - INFO -    python -m scripts.run_ft2_pipeline --legacy
2026-02-26 05:02:51,302 - INFO - 📄 إنشاء تقرير PDF احترافي
2026-02-26 05:02:51,302 - INFO - ==================================================
2026-02-26 05:02:51,302 - INFO - 📊 قراءة البيانات من: data/output/centers_report.tsv
2026-02-26 05:02:51,302 - INFO - 🔄 جاري إنشاء التقرير...
2026-02-26 05:02:51,302 - INFO - 
✅ تم إنشاء التقرير بنجاح!
2026-02-26 05:02:51,302 - INFO - 📍 الموقع: /fake/report.pdf
2026-02-26 05:02:51,439 - INFO - 📂 تم فتح التقرير تلقائياً
2026-02-26 05:02:51,934 - INFO - | Test Scenario             | 5.0°C(1.0h) + 15.0°C(24.0h)                   | 1.0    days | NONE  | NO_DATA                        |
2026-02-26 05:02:51,947 - INFO - Mock data created at: data/output/visual_tests/mock_visual_data.tsv
2026-02-26 05:02:51,947 - INFO - ⚠️ رسالة مفقودة: VISUAL_REPORT_OFFICIAL
2026-02-26 05:02:51,947 - INFO - Done: /tmp/pytest-of-amer11974/pytest-8/test_verify_visual_reports_run0/data/output/visual_tests/visual_test_official.pdf
2026-02-26 05:02:51,948 - INFO - ⚠️ رسالة مفقودة: VISUAL_REPORT_TECHNICAL
2026-02-26 05:02:51,948 - INFO - Done: /tmp/pytest-of-amer11974/pytest-8/test_verify_visual_reports_run0/data/output/visual_tests/visual_test_official.pdf
2026-02-26 05:02:51,948 - INFO - ⚠️ رسالة مفقودة: VISUAL_REPORT_ARABIC
2026-02-26 05:02:51,948 - INFO - Done: /tmp/pytest-of-amer11974/pytest-8/test_verify_visual_reports_run0/data/output/visual_tests/visual_test_official.pdf
2026-02-26 05:04:27,586 - INFO - 🧹 تنظيف الملفات التالفة في data/input_ft2
2026-02-26 05:04:27,587 - INFO - 🗑️ تم حذف: bad1.txt (فارغ تماماً)
2026-02-26 05:04:27,587 - INFO - ✅ تم تنظيف 1 ملف.
2026-02-26 05:04:27,588 - INFO - فحص الملفات الخام في: data/input_raw
2026-02-26 05:04:27,588 - INFO - 📄 الملف: test_data.csv
2026-02-26 05:04:27,588 - INFO - تم تحليل 6 إدخال من data/input_raw/test_data.csv
2026-02-26 05:04:27,588 - INFO - 📊 عدد الإدخالات: 6
2026-02-26 05:04:27,589 - INFO - 📝 أول 3 عينات:
2026-02-26 05:04:27,589 - INFO -   1: device=130600112764 ts=2024-01-15 08:00:00 temp=5.2
2026-02-26 05:04:27,589 - INFO -   2: device=130600112764 ts=2024-01-15 12:00:00 temp=4.8
2026-02-26 05:04:27,589 - INFO -   3: device=130600112767 ts=2024-01-15 08:00:00 temp=-1.5
2026-02-26 05:04:27,589 - INFO - 📄 الملف: heat_mobile_130600112769.csv
2026-02-26 05:04:27,589 - INFO - تم تحليل 96 إدخال من data/input_raw/heat_mobile_130600112769.csv
2026-02-26 05:04:27,590 - INFO - 📊 عدد الإدخالات: 96
2026-02-26 05:04:27,590 - INFO - 📝 أول 3 عينات:
2026-02-26 05:04:27,590 - INFO -   1: device=130600112769 ts=2026-01-30 12:52:41.975297 temp=11.98
2026-02-26 05:04:27,590 - INFO -   2: device=130600112769 ts=2026-01-30 13:07:41.975297 temp=11.9
2026-02-26 05:04:27,590 - INFO -   3: device=130600112769 ts=2026-01-30 13:22:41.975297 temp=12.72
2026-02-26 05:04:27,590 - INFO - 📄 الملف: freeze_clinic_130600112767.csv
2026-02-26 05:04:27,591 - INFO - تم تحليل 96 إدخال من data/input_raw/freeze_clinic_130600112767.csv
2026-02-26 05:04:27,591 - INFO - 📊 عدد الإدخالات: 96
2026-02-26 05:04:27,591 - INFO - 📝 أول 3 عينات:
2026-02-26 05:04:27,591 - INFO -   1: device=130600112767 ts=2026-01-30 12:52:41.974660 temp=-1.76
2026-02-26 05:04:27,591 - INFO -   2: device=130600112767 ts=2026-01-30 13:07:41.974660 temp=-2.38
2026-02-26 05:04:27,592 - INFO -   3: device=130600112767 ts=2026-01-30 13:22:41.974660 temp=-2.42
2026-02-26 05:04:27,592 - INFO - 📄 الملف: safe_hospital_130600112764.csv
2026-02-26 05:04:27,593 - INFO - تم تحليل 96 إدخال من data/input_raw/safe_hospital_130600112764.csv
2026-02-26 05:04:27,593 - INFO - 📊 عدد الإدخالات: 96
2026-02-26 05:04:27,593 - INFO - 📝 أول 3 عينات:
2026-02-26 05:04:27,593 - INFO -   1: device=130600112764 ts=2026-01-30 12:52:41.973957 temp=4.6
2026-02-26 05:04:27,593 - INFO -   2: device=130600112764 ts=2026-01-30 13:07:41.973957 temp=4.65
2026-02-26 05:04:27,594 - INFO -   3: device=130600112764 ts=2026-01-30 13:22:41.973957 temp=5.29
2026-02-26 05:04:27,723 - INFO - تم ربط 3 إدخال، تم تخطي 1
2026-02-26 05:04:27,724 - INFO - تم ربط 3 إدخال، تم تخطي 1
2026-02-26 05:04:27,726 - INFO - تم ربط 0 إدخال، تم تخطي 2
2026-02-26 05:04:27,727 - INFO - تم ربط 0 إدخال، تم تخطي 0
2026-02-26 05:04:27,729 - INFO - تم ربط 0 إدخال، تم تخطي 4
2026-02-26 05:04:27,731 - INFO - تم تحليل 2 إدخال من /tmp/pytest-of-amer11974/pytest-11/test_parse_valid_csv0/data/test_readings.csv
2026-02-26 05:04:27,734 - WARNING - تنسيق غير معروف في /tmp/pytest-of-amer11974/pytest-11/test_parse_invalid_file0/empty.csv
2026-02-26 05:04:27,734 - INFO - تم تحليل 0 إدخال من /tmp/pytest-of-amer11974/pytest-11/test_parse_invalid_file0/empty.csv
2026-02-26 05:04:27,737 - WARNING - تخطي صف 0 في /tmp/pytest-of-amer11974/pytest-11/test_parse_malformed_rows0/data_malformed/bad_readings.csv: could not convert string to float: 'invalid_temp'
2026-02-26 05:04:27,738 - INFO - تم تحليل 1 إدخال من /tmp/pytest-of-amer11974/pytest-11/test_parse_malformed_rows0/data_malformed/bad_readings.csv
2026-02-26 05:04:27,742 - INFO - 📄 إنشاء تقرير PDF احترافي
2026-02-26 05:04:27,742 - INFO - ==================================================
2026-02-26 05:04:27,742 - ERROR - ❌ ملف التقرير غير موجود: data/output/centers_report.tsv
2026-02-26 05:04:27,742 - INFO - ⚠️  قم بتشغيل النظام أولاً:
2026-02-26 05:04:27,742 - INFO -    python -m scripts.run_ft2_pipeline --legacy
2026-02-26 05:04:27,746 - INFO - 📄 إنشاء تقرير PDF احترافي
2026-02-26 05:04:27,746 - INFO - ==================================================
2026-02-26 05:04:27,746 - INFO - 📊 قراءة البيانات من: data/output/centers_report.tsv
2026-02-26 05:04:27,746 - INFO - 🔄 جاري إنشاء التقرير...
2026-02-26 05:04:27,746 - INFO - 
✅ تم إنشاء التقرير بنجاح!
2026-02-26 05:04:27,746 - INFO - 📍 الموقع: /fake/report.pdf
2026-02-26 05:04:27,770 - INFO - 📂 تم فتح التقرير تلقائياً
2026-02-26 05:04:28,278 - INFO - | Test Scenario             | 5.0°C(1.0h) + 15.0°C(24.0h)                   | 1.0    days | NONE  | NO_DATA                        |
2026-02-26 05:04:28,305 - INFO - Mock data created at: data/output/visual_tests/mock_visual_data.tsv
2026-02-26 05:04:28,305 - INFO - ⚠️ رسالة مفقودة: VISUAL_REPORT_OFFICIAL
2026-02-26 05:04:28,305 - INFO - Done: /tmp/pytest-of-amer11974/pytest-11/test_verify_visual_reports_run0/data/output/visual_tests/visual_test_official.pdf
2026-02-26 05:04:28,305 - INFO - ⚠️ رسالة مفقودة: VISUAL_REPORT_TECHNICAL
2026-02-26 05:04:28,305 - INFO - Done: /tmp/pytest-of-amer11974/pytest-11/test_verify_visual_reports_run0/data/output/visual_tests/visual_test_official.pdf
2026-02-26 05:04:28,305 - INFO - ⚠️ رسالة مفقودة: VISUAL_REPORT_ARABIC
2026-02-26 05:04:28,306 - INFO - Done: /tmp/pytest-of-amer11974/pytest-11/test_verify_visual_reports_run0/data/output/visual_tests/visual_test_official.pdf
2026-02-26 06:11:39,256 - INFO - ✅ تم إنشاء تقرير المراكز: /tmp/pytest-of-amer11974/pytest-13/test_centers_report_snapshot0/centers_report.tsv
2026-02-26 06:11:42,175 - INFO - 🧹 تنظيف الملفات التالفة في data/input_ft2
2026-02-26 06:11:42,175 - INFO - 🗑️ تم حذف: bad1.txt (فارغ تماماً)
2026-02-26 06:11:42,175 - INFO - ✅ تم تنظيف 1 ملف.
2026-02-26 06:11:42,176 - INFO - فحص الملفات الخام في: data/input_raw
2026-02-26 06:11:42,178 - INFO - لا توجد ملفات .tsv أو .csv.
2026-02-26 06:11:42,178 - INFO - 💡 تلميح: جرب إنشاء بيانات اختبار أولاً باستخدام: python -m scripts.run_ft2_pipeline --generate-data
2026-02-26 06:11:42,189 - INFO - تم ربط 3 إدخال، تم تخطي 1
2026-02-26 06:11:42,190 - INFO - تم ربط 3 إدخال، تم تخطي 1
2026-02-26 06:11:42,191 - INFO - تم ربط 0 إدخال، تم تخطي 2
2026-02-26 06:11:42,191 - INFO - تم ربط 0 إدخال، تم تخطي 0
2026-02-26 06:11:42,192 - INFO - تم ربط 0 إدخال، تم تخطي 4
2026-02-26 06:11:42,194 - INFO - تم تحليل 2 إدخال من /tmp/pytest-of-amer11974/pytest-13/test_parse_valid_csv0/data/test_readings.csv
2026-02-26 06:11:42,197 - WARNING - تنسيق غير معروف في /tmp/pytest-of-amer11974/pytest-13/test_parse_invalid_file0/empty.csv
2026-02-26 06:11:42,197 - INFO - تم تحليل 0 إدخال من /tmp/pytest-of-amer11974/pytest-13/test_parse_invalid_file0/empty.csv
2026-02-26 06:11:42,218 - WARNING - تخطي صف 0 في /tmp/pytest-of-amer11974/pytest-13/test_parse_malformed_rows0/data_malformed/bad_readings.csv: could not convert string to float: 'invalid_temp'
2026-02-26 06:11:42,218 - INFO - تم تحليل 1 إدخال من /tmp/pytest-of-amer11974/pytest-13/test_parse_malformed_rows0/data_malformed/bad_readings.csv
2026-02-26 06:11:42,223 - INFO - 📄 إنشاء تقرير PDF احترافي
2026-02-26 06:11:42,223 - INFO - ==================================================
2026-02-26 06:11:42,224 - ERROR - ❌ ملف التقرير غير موجود: data/output/centers_report.tsv
2026-02-26 06:11:42,224 - INFO - ⚠️  قم بتشغيل النظام أولاً:
2026-02-26 06:11:42,224 - INFO -    python -m scripts.run_ft2_pipeline --legacy
2026-02-26 06:11:42,230 - INFO - 📄 إنشاء تقرير PDF احترافي
2026-02-26 06:11:42,230 - INFO - ==================================================
2026-02-26 06:11:42,230 - INFO - 📊 قراءة البيانات من: data/output/centers_report.tsv
2026-02-26 06:11:42,230 - INFO - 🔄 جاري إنشاء التقرير...
2026-02-26 06:11:42,231 - INFO - 
✅ تم إنشاء التقرير بنجاح!
2026-02-26 06:11:42,231 - INFO - 📍 الموقع: /fake/report.pdf
2026-02-26 06:11:42,466 - INFO - 📂 تم فتح التقرير تلقائياً
2026-02-26 06:11:42,919 - INFO - | Test Scenario             | 5.0°C(1.0h) + 15.0°C(24.0h)                   | 1.0    days | NONE  | NO_DATA                        |
2026-02-26 06:11:42,931 - INFO - Mock data created at: data/output/visual_tests/mock_visual_data.tsv
2026-02-26 06:11:42,931 - INFO - ⚠️ رسالة مفقودة: VISUAL_REPORT_OFFICIAL
2026-02-26 06:11:42,931 - INFO - Done: /tmp/pytest-of-amer11974/pytest-13/test_verify_visual_reports_run0/data/output/visual_tests/visual_test_official.pdf
2026-02-26 06:11:42,931 - INFO - ⚠️ رسالة مفقودة: VISUAL_REPORT_TECHNICAL
2026-02-26 06:11:42,932 - INFO - Done: /tmp/pytest-of-amer11974/pytest-13/test_verify_visual_reports_run0/data/output/visual_tests/visual_test_official.pdf
2026-02-26 06:11:42,932 - INFO - ⚠️ رسالة مفقودة: VISUAL_REPORT_ARABIC
2026-02-26 06:11:42,932 - INFO - Done: /tmp/pytest-of-amer11974/pytest-13/test_verify_visual_reports_run0/data/output/visual_tests/visual_test_official.pdf
2026-02-26 06:34:02,887 - INFO - 🧹 تنظيف الملفات التالفة في data/input_ft2
2026-02-26 06:34:02,899 - INFO - 🗑️ تم حذف: bad1.txt (فارغ تماماً)
2026-02-26 06:34:02,899 - INFO - ✅ تم تنظيف 1 ملف.
2026-02-26 06:34:02,900 - INFO - فحص الملفات الخام في: data/input_raw
2026-02-26 06:34:02,908 - INFO - لا توجد ملفات .tsv أو .csv.
2026-02-26 06:34:02,909 - INFO - 💡 تلميح: جرب إنشاء بيانات اختبار أولاً باستخدام: python -m scripts.run_ft2_pipeline --generate-data
2026-02-26 06:34:03,122 - INFO - تم ربط 3 إدخال، تم تخطي 1
2026-02-26 06:34:03,123 - INFO - تم ربط 3 إدخال، تم تخطي 1
2026-02-26 06:34:03,123 - INFO - تم ربط 0 إدخال، تم تخطي 2
2026-02-26 06:34:03,124 - INFO - تم ربط 0 إدخال، تم تخطي 0
2026-02-26 06:34:03,125 - INFO - تم ربط 0 إدخال، تم تخطي 4
2026-02-26 06:34:03,128 - INFO - تم تحليل 2 إدخال من /tmp/pytest-of-amer11974/pytest-14/test_parse_valid_csv0/data/test_readings.csv
2026-02-26 06:34:03,130 - WARNING - تنسيق غير معروف في /tmp/pytest-of-amer11974/pytest-14/test_parse_invalid_file0/empty.csv
2026-02-26 06:34:03,130 - INFO - تم تحليل 0 إدخال من /tmp/pytest-of-amer11974/pytest-14/test_parse_invalid_file0/empty.csv
2026-02-26 06:34:03,132 - WARNING - تخطي صف 0 في /tmp/pytest-of-amer11974/pytest-14/test_parse_malformed_rows0/data_malformed/bad_readings.csv: could not convert string to float: 'invalid_temp'
2026-02-26 06:34:03,132 - INFO - تم تحليل 1 إدخال من /tmp/pytest-of-amer11974/pytest-14/test_parse_malformed_rows0/data_malformed/bad_readings.csv
2026-02-26 06:34:03,135 - INFO - 📄 إنشاء تقرير PDF احترافي
2026-02-26 06:34:03,135 - INFO - ==================================================
2026-02-26 06:34:03,136 - ERROR - ❌ ملف التقرير غير موجود: data/output/centers_report.tsv
2026-02-26 06:34:03,136 - INFO - ⚠️  قم بتشغيل النظام أولاً:
2026-02-26 06:34:03,136 - INFO -    python -m scripts.run_ft2_pipeline --legacy
2026-02-26 06:34:08,709 - INFO - 📄 إنشاء تقرير PDF احترافي
2026-02-26 06:34:08,710 - INFO - ==================================================
2026-02-26 06:34:08,710 - INFO - 📊 قراءة البيانات من: data/output/centers_report.tsv
2026-02-26 06:34:08,710 - INFO - 🔄 جاري إنشاء التقرير...
2026-02-26 06:34:08,710 - INFO - 
✅ تم إنشاء التقرير بنجاح!
2026-02-26 06:34:08,710 - INFO - 📍 الموقع: /fake/report.pdf
2026-02-26 06:34:09,051 - INFO - 📂 تم فتح التقرير تلقائياً
2026-02-26 06:34:09,612 - INFO - | Test Scenario             | 5.0°C(1.0h) + 15.0°C(24.0h)                   | 1.0    days | NONE  | NO_DATA                        |
2026-02-26 06:34:09,645 - INFO - Mock data created at: data/output/visual_tests/mock_visual_data.tsv
2026-02-26 06:34:09,646 - INFO - ⚠️ رسالة مفقودة: VISUAL_REPORT_OFFICIAL
2026-02-26 06:34:09,646 - INFO - Done: /tmp/pytest-of-amer11974/pytest-14/test_verify_visual_reports_run0/data/output/visual_tests/visual_test_official.pdf
2026-02-26 06:34:09,646 - INFO - ⚠️ رسالة مفقودة: VISUAL_REPORT_TECHNICAL
2026-02-26 06:34:09,646 - INFO - Done: /tmp/pytest-of-amer11974/pytest-14/test_verify_visual_reports_run0/data/output/visual_tests/visual_test_official.pdf
2026-02-26 06:34:09,646 - INFO - ⚠️ رسالة مفقودة: VISUAL_REPORT_ARABIC
2026-02-26 06:34:09,646 - INFO - Done: /tmp/pytest-of-amer11974/pytest-14/test_verify_visual_reports_run0/data/output/visual_tests/visual_test_official.pdf
2026-02-26 06:36:35,706 - INFO - ✅ تم إنشاء تقرير المراكز: /tmp/pytest-of-amer11974/pytest-15/test_centers_report_snapshot0/centers_report.tsv
2026-02-26 06:36:38,461 - INFO - 🧹 تنظيف الملفات التالفة في data/input_ft2
2026-02-26 06:36:38,461 - INFO - 🗑️ تم حذف: bad1.txt (فارغ تماماً)
2026-02-26 06:36:38,462 - INFO - ✅ تم تنظيف 1 ملف.
2026-02-26 06:36:38,463 - INFO - فحص الملفات الخام في: data/input_raw
2026-02-26 06:36:38,463 - INFO - لا توجد ملفات .tsv أو .csv.
2026-02-26 06:36:38,463 - INFO - 💡 تلميح: جرب إنشاء بيانات اختبار أولاً باستخدام: python -m scripts.run_ft2_pipeline --generate-data
2026-02-26 06:36:38,473 - INFO - تم ربط 3 إدخال، تم تخطي 1
2026-02-26 06:36:38,474 - INFO - تم ربط 3 إدخال، تم تخطي 1
2026-02-26 06:36:38,475 - INFO - تم ربط 0 إدخال، تم تخطي 2
2026-02-26 06:36:38,476 - INFO - تم ربط 0 إدخال، تم تخطي 0
2026-02-26 06:36:38,477 - INFO - تم ربط 0 إدخال، تم تخطي 4
2026-02-26 06:36:38,480 - INFO - تم تحليل 2 إدخال من /tmp/pytest-of-amer11974/pytest-15/test_parse_valid_csv0/data/test_readings.csv
2026-02-26 06:36:38,481 - WARNING - تنسيق غير معروف في /tmp/pytest-of-amer11974/pytest-15/test_parse_invalid_file0/empty.csv
2026-02-26 06:36:38,482 - INFO - تم تحليل 0 إدخال من /tmp/pytest-of-amer11974/pytest-15/test_parse_invalid_file0/empty.csv
2026-02-26 06:36:38,484 - WARNING - تخطي صف 0 في /tmp/pytest-of-amer11974/pytest-15/test_parse_malformed_rows0/data_malformed/bad_readings.csv: could not convert string to float: 'invalid_temp'
2026-02-26 06:36:38,484 - INFO - تم تحليل 1 إدخال من /tmp/pytest-of-amer11974/pytest-15/test_parse_malformed_rows0/data_malformed/bad_readings.csv
2026-02-26 06:36:38,488 - INFO - 📄 إنشاء تقرير PDF احترافي
2026-02-26 06:36:38,488 - INFO - ==================================================
2026-02-26 06:36:38,488 - ERROR - ❌ ملف التقرير غير موجود: data/output/centers_report.tsv
2026-02-26 06:36:38,488 - INFO - ⚠️  قم بتشغيل النظام أولاً:
2026-02-26 06:36:38,489 - INFO -    python -m scripts.run_ft2_pipeline --legacy
2026-02-26 06:36:38,492 - INFO - 📄 إنشاء تقرير PDF احترافي
2026-02-26 06:36:38,493 - INFO - ==================================================
2026-02-26 06:36:38,493 - INFO - 📊 قراءة البيانات من: data/output/centers_report.tsv
2026-02-26 06:36:38,493 - INFO - 🔄 جاري إنشاء التقرير...
2026-02-26 06:36:38,493 - INFO - 
✅ تم إنشاء التقرير بنجاح!
2026-02-26 06:36:38,493 - INFO - 📍 الموقع: /fake/report.pdf
2026-02-26 06:36:39,079 - INFO - 📂 تم فتح التقرير تلقائياً
2026-02-26 06:36:39,660 - INFO - | Test Scenario             | 5.0°C(1.0h) + 15.0°C(24.0h)                   | 1.0    days | NONE  | NO_DATA                        |
2026-02-26 06:36:39,680 - INFO - Mock data created at: data/output/visual_tests/mock_visual_data.tsv
2026-02-26 06:36:39,680 - INFO - ⚠️ رسالة مفقودة: VISUAL_REPORT_OFFICIAL
2026-02-26 06:36:39,680 - INFO - Done: /tmp/pytest-of-amer11974/pytest-15/test_verify_visual_reports_run0/data/output/visual_tests/visual_test_official.pdf
2026-02-26 06:36:39,680 - INFO - ⚠️ رسالة مفقودة: VISUAL_REPORT_TECHNICAL
2026-02-26 06:36:39,680 - INFO - Done: /tmp/pytest-of-amer11974/pytest-15/test_verify_visual_reports_run0/data/output/visual_tests/visual_test_official.pdf
2026-02-26 06:36:39,680 - INFO - ⚠️ رسالة مفقودة: VISUAL_REPORT_ARABIC
2026-02-26 06:36:39,680 - INFO - Done: /tmp/pytest-of-amer11974/pytest-15/test_verify_visual_reports_run0/data/output/visual_tests/visual_test_official.pdf
2026-02-26 06:36:45,020 - INFO - ✅ تم إنشاء تقرير المراكز: /tmp/pytest-of-amer11974/pytest-16/test_centers_report_snapshot0/centers_report.tsv
2026-02-26 06:36:49,184 - INFO - 🧹 تنظيف الملفات التالفة في data/input_ft2
2026-02-26 06:36:49,185 - INFO - 🗑️ تم حذف: bad1.txt (فارغ تماماً)
2026-02-26 06:36:49,185 - INFO - ✅ تم تنظيف 1 ملف.
2026-02-26 06:36:49,187 - INFO - فحص الملفات الخام في: data/input_raw
2026-02-26 06:36:49,188 - INFO - لا توجد ملفات .tsv أو .csv.
2026-02-26 06:36:49,188 - INFO - 💡 تلميح: جرب إنشاء بيانات اختبار أولاً باستخدام: python -m scripts.run_ft2_pipeline --generate-data
2026-02-26 06:36:49,201 - INFO - تم ربط 3 إدخال، تم تخطي 1
2026-02-26 06:36:49,202 - INFO - تم ربط 3 إدخال، تم تخطي 1
2026-02-26 06:36:49,203 - INFO - تم ربط 0 إدخال، تم تخطي 2
2026-02-26 06:36:49,204 - INFO - تم ربط 0 إدخال، تم تخطي 0
2026-02-26 06:36:49,204 - INFO - تم ربط 0 إدخال، تم تخطي 4
2026-02-26 06:36:49,206 - INFO - تم تحليل 2 إدخال من /tmp/pytest-of-amer11974/pytest-16/test_parse_valid_csv0/data/test_readings.csv
2026-02-26 06:36:49,208 - WARNING - تنسيق غير معروف في /tmp/pytest-of-amer11974/pytest-16/test_parse_invalid_file0/empty.csv
2026-02-26 06:36:49,208 - INFO - تم تحليل 0 إدخال من /tmp/pytest-of-amer11974/pytest-16/test_parse_invalid_file0/empty.csv
2026-02-26 06:36:49,211 - WARNING - تخطي صف 0 في /tmp/pytest-of-amer11974/pytest-16/test_parse_malformed_rows0/data_malformed/bad_readings.csv: could not convert string to float: 'invalid_temp'
2026-02-26 06:36:49,211 - INFO - تم تحليل 1 إدخال من /tmp/pytest-of-amer11974/pytest-16/test_parse_malformed_rows0/data_malformed/bad_readings.csv
2026-02-26 06:36:49,215 - INFO - 📄 إنشاء تقرير PDF احترافي
2026-02-26 06:36:49,215 - INFO - ==================================================
2026-02-26 06:36:49,215 - ERROR - ❌ ملف التقرير غير موجود: data/output/centers_report.tsv
2026-02-26 06:36:49,215 - INFO - ⚠️  قم بتشغيل النظام أولاً:
2026-02-26 06:36:49,215 - INFO -    python -m scripts.run_ft2_pipeline --legacy
2026-02-26 06:36:49,218 - INFO - 📄 إنشاء تقرير PDF احترافي
2026-02-26 06:36:49,218 - INFO - ==================================================
2026-02-26 06:36:49,219 - INFO - 📊 قراءة البيانات من: data/output/centers_report.tsv
2026-02-26 06:36:49,219 - INFO - 🔄 جاري إنشاء التقرير...
2026-02-26 06:36:49,219 - INFO - 
✅ تم إنشاء التقرير بنجاح!
2026-02-26 06:36:49,219 - INFO - 📍 الموقع: /fake/report.pdf
2026-02-26 06:36:49,241 - INFO - 📂 تم فتح التقرير تلقائياً
2026-02-26 06:36:49,549 - INFO - | Test Scenario             | 5.0°C(1.0h) + 15.0°C(24.0h)                   | 1.0    days | NONE  | NO_DATA                        |
2026-02-26 06:36:49,588 - INFO - Mock data created at: data/output/visual_tests/mock_visual_data.tsv
2026-02-26 06:36:49,589 - INFO - ⚠️ رسالة مفقودة: VISUAL_REPORT_OFFICIAL
2026-02-26 06:36:49,589 - INFO - Done: /tmp/pytest-of-amer11974/pytest-16/test_verify_visual_reports_run0/data/output/visual_tests/visual_test_official.pdf
2026-02-26 06:36:49,589 - INFO - ⚠️ رسالة مفقودة: VISUAL_REPORT_TECHNICAL
2026-02-26 06:36:49,589 - INFO - Done: /tmp/pytest-of-amer11974/pytest-16/test_verify_visual_reports_run0/data/output/visual_tests/visual_test_official.pdf
2026-02-26 06:36:49,589 - INFO - ⚠️ رسالة مفقودة: VISUAL_REPORT_ARABIC
2026-02-26 06:36:49,589 - INFO - Done: /tmp/pytest-of-amer11974/pytest-16/test_verify_visual_reports_run0/data/output/visual_tests/visual_test_official.pdf
2026-02-26 06:36:56,613 - INFO - ✅ تم إنشاء تقرير المراكز: /tmp/pytest-of-amer11974/pytest-17/test_centers_report_snapshot0/centers_report.tsv
2026-02-26 06:36:59,908 - INFO - 🧹 تنظيف الملفات التالفة في data/input_ft2
2026-02-26 06:36:59,908 - INFO - 🗑️ تم حذف: bad1.txt (فارغ تماماً)
2026-02-26 06:36:59,908 - INFO - ✅ تم تنظيف 1 ملف.
2026-02-26 06:36:59,909 - INFO - فحص الملفات الخام في: data/input_raw
2026-02-26 06:36:59,909 - INFO - لا توجد ملفات .tsv أو .csv.
2026-02-26 06:36:59,909 - INFO - 💡 تلميح: جرب إنشاء بيانات اختبار أولاً باستخدام: python -m scripts.run_ft2_pipeline --generate-data
2026-02-26 06:36:59,921 - INFO - تم ربط 3 إدخال، تم تخطي 1
2026-02-26 06:36:59,922 - INFO - تم ربط 3 إدخال، تم تخطي 1
2026-02-26 06:36:59,923 - INFO - تم ربط 0 إدخال، تم تخطي 2
2026-02-26 06:36:59,924 - INFO - تم ربط 0 إدخال، تم تخطي 0
2026-02-26 06:36:59,925 - INFO - تم ربط 0 إدخال، تم تخطي 4
2026-02-26 06:36:59,927 - INFO - تم تحليل 2 إدخال من /tmp/pytest-of-amer11974/pytest-17/test_parse_valid_csv0/data/test_readings.csv
2026-02-26 06:36:59,930 - WARNING - تنسيق غير معروف في /tmp/pytest-of-amer11974/pytest-17/test_parse_invalid_file0/empty.csv
2026-02-26 06:36:59,930 - INFO - تم تحليل 0 إدخال من /tmp/pytest-of-amer11974/pytest-17/test_parse_invalid_file0/empty.csv
2026-02-26 06:36:59,933 - WARNING - تخطي صف 0 في /tmp/pytest-of-amer11974/pytest-17/test_parse_malformed_rows0/data_malformed/bad_readings.csv: could not convert string to float: 'invalid_temp'
2026-02-26 06:36:59,933 - INFO - تم تحليل 1 إدخال من /tmp/pytest-of-amer11974/pytest-17/test_parse_malformed_rows0/data_malformed/bad_readings.csv
2026-02-26 06:36:59,938 - INFO - 📄 إنشاء تقرير PDF احترافي
2026-02-26 06:36:59,938 - INFO - ==================================================
2026-02-26 06:36:59,938 - ERROR - ❌ ملف التقرير غير موجود: data/output/centers_report.tsv
2026-02-26 06:36:59,938 - INFO - ⚠️  قم بتشغيل النظام أولاً:
2026-02-26 06:36:59,938 - INFO -    python -m scripts.run_ft2_pipeline --legacy
2026-02-26 06:36:59,941 - INFO - 📄 إنشاء تقرير PDF احترافي
2026-02-26 06:36:59,941 - INFO - ==================================================
2026-02-26 06:36:59,941 - INFO - 📊 قراءة البيانات من: data/output/centers_report.tsv
2026-02-26 06:36:59,942 - INFO - 🔄 جاري إنشاء التقرير...
2026-02-26 06:36:59,942 - INFO - 
✅ تم إنشاء التقرير بنجاح!
2026-02-26 06:36:59,942 - INFO - 📍 الموقع: /fake/report.pdf
2026-02-26 06:36:59,965 - INFO - 📂 تم فتح التقرير تلقائياً
2026-02-26 06:37:00,413 - INFO - | Test Scenario             | 5.0°C(1.0h) + 15.0°C(24.0h)                   | 1.0    days | NONE  | NO_DATA                        |
2026-02-26 06:37:00,441 - INFO - Mock data created at: data/output/visual_tests/mock_visual_data.tsv
2026-02-26 06:37:00,441 - INFO - ⚠️ رسالة مفقودة: VISUAL_REPORT_OFFICIAL
2026-02-26 06:37:00,441 - INFO - Done: /tmp/pytest-of-amer11974/pytest-17/test_verify_visual_reports_run0/data/output/visual_tests/visual_test_official.pdf
2026-02-26 06:37:00,441 - INFO - ⚠️ رسالة مفقودة: VISUAL_REPORT_TECHNICAL
2026-02-26 06:37:00,441 - INFO - Done: /tmp/pytest-of-amer11974/pytest-17/test_verify_visual_reports_run0/data/output/visual_tests/visual_test_official.pdf
2026-02-26 06:37:00,441 - INFO - ⚠️ رسالة مفقودة: VISUAL_REPORT_ARABIC
2026-02-26 06:37:00,442 - INFO - Done: /tmp/pytest-of-amer11974/pytest-17/test_verify_visual_reports_run0/data/output/visual_tests/visual_test_official.pdf
2026-02-26 06:37:15,193 - INFO - ✅ تم إنشاء تقرير المراكز: /tmp/pytest-of-amer11974/pytest-19/test_centers_report_snapshot0/centers_report.tsv
2026-02-26 06:37:17,556 - INFO - 🧹 تنظيف الملفات التالفة في data/input_ft2
2026-02-26 06:37:17,557 - INFO - 🗑️ تم حذف: bad1.txt (فارغ تماماً)
2026-02-26 06:37:17,557 - INFO - ✅ تم تنظيف 1 ملف.
2026-02-26 06:37:17,558 - INFO - فحص الملفات الخام في: data/input_raw
2026-02-26 06:37:17,558 - INFO - لا توجد ملفات .tsv أو .csv.
2026-02-26 06:37:17,558 - INFO - 💡 تلميح: جرب إنشاء بيانات اختبار أولاً باستخدام: python -m scripts.run_ft2_pipeline --generate-data
2026-02-26 06:37:17,569 - INFO - تم ربط 3 إدخال، تم تخطي 1
2026-02-26 06:37:17,570 - INFO - تم ربط 3 إدخال، تم تخطي 1
2026-02-26 06:37:17,570 - INFO - تم ربط 0 إدخال، تم تخطي 2
2026-02-26 06:37:17,571 - INFO - تم ربط 0 إدخال، تم تخطي 0
2026-02-26 06:37:17,572 - INFO - تم ربط 0 إدخال، تم تخطي 4
2026-02-26 06:37:17,574 - INFO - تم تحليل 2 إدخال من /tmp/pytest-of-amer11974/pytest-19/test_parse_valid_csv0/data/test_readings.csv
2026-02-26 06:37:17,576 - WARNING - تنسيق غير معروف في /tmp/pytest-of-amer11974/pytest-19/test_parse_invalid_file0/empty.csv
2026-02-26 06:37:17,577 - INFO - تم تحليل 0 إدخال من /tmp/pytest-of-amer11974/pytest-19/test_parse_invalid_file0/empty.csv
2026-02-26 06:37:17,579 - WARNING - تخطي صف 0 في /tmp/pytest-of-amer11974/pytest-19/test_parse_malformed_rows0/data_malformed/bad_readings.csv: could not convert string to float: 'invalid_temp'
2026-02-26 06:37:17,579 - INFO - تم تحليل 1 إدخال من /tmp/pytest-of-amer11974/pytest-19/test_parse_malformed_rows0/data_malformed/bad_readings.csv
2026-02-26 06:37:17,583 - INFO - 📄 إنشاء تقرير PDF احترافي
2026-02-26 06:37:17,583 - INFO - ==================================================
2026-02-26 06:37:17,583 - ERROR - ❌ ملف التقرير غير موجود: data/output/centers_report.tsv
2026-02-26 06:37:17,583 - INFO - ⚠️  قم بتشغيل النظام أولاً:
2026-02-26 06:37:17,583 - INFO -    python -m scripts.run_ft2_pipeline --legacy
2026-02-26 06:37:17,586 - INFO - 📄 إنشاء تقرير PDF احترافي
2026-02-26 06:37:17,586 - INFO - ==================================================
2026-02-26 06:37:17,586 - INFO - 📊 قراءة البيانات من: data/output/centers_report.tsv
2026-02-26 06:37:17,586 - INFO - 🔄 جاري إنشاء التقرير...
2026-02-26 06:37:17,587 - INFO - 
✅ تم إنشاء التقرير بنجاح!
2026-02-26 06:37:17,587 - INFO - 📍 الموقع: /fake/report.pdf
2026-02-26 06:37:17,608 - INFO - 📂 تم فتح التقرير تلقائياً
2026-02-26 06:37:17,959 - INFO - | Test Scenario             | 5.0°C(1.0h) + 15.0°C(24.0h)                   | 1.0    days | NONE  | NO_DATA                        |
2026-02-26 06:37:17,983 - INFO - Mock data created at: data/output/visual_tests/mock_visual_data.tsv
2026-02-26 06:37:17,983 - INFO - ⚠️ رسالة مفقودة: VISUAL_REPORT_OFFICIAL
2026-02-26 06:37:17,983 - INFO - Done: /tmp/pytest-of-amer11974/pytest-19/test_verify_visual_reports_run0/data/output/visual_tests/visual_test_official.pdf
2026-02-26 06:37:17,983 - INFO - ⚠️ رسالة مفقودة: VISUAL_REPORT_TECHNICAL
2026-02-26 06:37:17,983 - INFO - Done: /tmp/pytest-of-amer11974/pytest-19/test_verify_visual_reports_run0/data/output/visual_tests/visual_test_official.pdf
2026-02-26 06:37:17,983 - INFO - ⚠️ رسالة مفقودة: VISUAL_REPORT_ARABIC
2026-02-26 06:37:17,984 - INFO - Done: /tmp/pytest-of-amer11974/pytest-19/test_verify_visual_reports_run0/data/output/visual_tests/visual_test_official.pdf
